config,question,iteration,domain,question_text_recorded,response
Qwen3.5-9B,1,1,Dietary,ডায়াবেটিস হলে কি আমি দিনে তিন বেলা ভাত খেতে পারব নাকি ভাতের বদলে রুটি খাওয়া যাবে?,"হ্যাঁ, ডায়াবেটিস থাকলেও আপনি নিশ্চয়ই দিনে তিন বেলা খাবার (যেমন: সকাল, দুপুর, বিকাল) খেতে পারবেন। মূল বিষয় হলো আপনার রক্তের সুগার কতটা বাড়ছে এবং আপনার শরীর কী প্রয়োজনীয়তা চাইছে—এটি ঠিক করা।
ভাত আর রুটি নিয়ে নির্দিষ্ট কোনো নিষেধ নেই, তবে কিছু গুরুত্বপূর্ণ বিষয় মনে রাখবেন:
১. সম্পূর্ণ বাদ দেওয়া নয়: ভাত বা রুটি সম্পূর্ণ বাদ দিলে শরীরের জন্য ক্ষতিকর। পরিবর্তে আমরা ""গ্লুকোজ ইনডেক্স"" (GI) কম এমন খাবার বেছে নেওয়ার চেষ্টা করি।
২. ভাতের পরিমাণ ও ধরণ: সাধারণ ভাতের বদলে সোনালী চালের বদলে হেঁয়ালি বা কালো চাল (Brown Rice) খাওয়া বেশ ভালো, কারণ এতে ফাইবার থাকে যা সুগার নিয়ন্ত্রণে সাহায্য করে। আর যদি সাধারণ ভাত খান, তবে পরিমাণ কম রাখুন এবং সাথে প্রচুর সবজি ও ডাল খান।
৩. রুটি: রুটিও খাওয়া যায়, কিন্তু এতে গ্লুকোজ দ্রুত শোষিত হয়। তাই রুটি খেলে অল্প পরিমাণে খাবেন এবং সাথে প্রোটিন (ডিম, মাছ, চিকেন) বা সবজি খান যা সুগার বাড়ার হার ধীর করে দেয়।
৪. খাবারের ধরণ: শুধু ভাত বা রুটি না দিয়ে সাথে প্রচুর পরিমাণে সবজি (Green Vegetables) এবং ডাল খাওয়া জরুরি। এতে ফাইবার পায় শরীর, যা ব্লাড সুগার কন্ট্রোল করতে সাহায্য করে।
মনে রাখবেন, প্রতিটি মানুষের রক্তের সুগার লেভেল ভিন্ন হয়ে থাকে। তাই আপনার ডাক্তার বা ডায়াবেটিস এক্সপার্টের পরামর্শ অনুযায়ী খাবার প্লেন (Diet Plan) ঠিক করা সবচেয়ে নিরাপদ।
সতর্কবার্তা: যদি আপনি ইনসুলিন বা অন্য কোনো ওষুধ খেতে থাকেন এবং খাবার পরিবর্তন করেন, তবে অবশ্যই আপনার ডাক্তারকে আগে জানিয়ে নিন, কারণ ওষুধের ডোজও খাবারের পরিমাণের সাথে সামঞ্জস্য করতে হতে পারে।
আপনার সুস্থতা কামনা করছি! কোনো নির্দিষ্ট খাবার নিয়ে আরও প্রশ্ন থাকলে জিজ্ঞেস করতে পারেন।"
Qwen3.5-9B,1,2,Dietary,ডায়াবেটিস হলে কি আমি দিনে তিন বেলা ভাত খেতে পারব নাকি ভাতের বদলে রুটি খাওয়া যাবে?,"হ্যাঁ, ডায়াবেটিস থাকলেও আপনি দিনে তিন বেলা খাবার খেতে পারবেন, কিন্তু ভাত বা রুটির পরিমাণ ও ধরন নিয়ে সতর্ক থাকা জরুরি। চিকিৎসকের পরামর্শ অনুযায়ী নিচের বিষয়গুলো মনে রাখবেন:

১. ভাত বনাম রুটি:
আপনি ভাত খেতে পারেন, তবে পরিমাণ কমানো খুব গুরুত্বপূর্ণ। সাধারণত ডায়াবেটিক্সদের জন্য প্রতিটি খাবারে ১ কাপ চাল (অথবা আপনার চিকিৎসক যে পরিমাণ দিয়েছেন) এর চেয়ে কম ভাত নেওয়া ভালো।
রুটি খাওয়াটাও ঠিক, তবে এতে কার্বোহাইড্রেট বেশি থাকে। যদি আপনি রুটি খান, তবে সেটা ১ কাপ চালের সমতুল্য পরিমাণে রাখুন। অতিরিক্ত রুটি খেলে ব্লাড সুগার দ্রুত বেড়ে যেতে পারে।
পরামর্শ: ভাতের সাথে সবজি এবং প্রোটিন (মাছ, ডিম, পনির) বেশি যুক্ত করুন, যাতে ভাত কম খেয়েও পেট ভরে।
২. খাবারের ধরণ:

সাদা ভাত বা সাধারণ রুটির বদলে সবজি ভিত্তিক ডিশ (যেমন: মশলাপোড়া সবজি, পালং শাক, গাজর) বেশি খান।
ফলের সাথে সরাসরি চিনি না দিয়ে একটু লেবুর রস বা তেঁতুলের রস যোগ করতে পারেন।
৩. মনিটরিং:
খাবার পর আপনার ব্লাড সুগার (Blood Sugar) কতটা বাড়ছে, তা জিজ্ঞেস করে দেখুন। যদি খাওয়ার পর সুগার ১৬০-এর বেশি হয়, তবে ভাত বা রুটির পরিমাণ আরও কমিয়ে আনতে হবে।
সতর্কতা: প্রতিটি মানুষের শরীর ভিন্ন হওয়ায় আপনার ডাক্তার যে 'ডায়েট প্ল্যান' দিয়েছেন, সেটা সবচেয়ে গুরুত্বপূর্ণ। কোনো পরিবর্তন না করে ডাক্তারের সাথে কথা বলে তবেই খাবারের ধরণ বা পরিমাণ ঠিক করুন।

যদি আপনার ব্লাড সুগার অপ্রয়োজনীয়ভাবে বেড়ে যায় বা বুকে ব্যথা, শ্বাসকষ্ট হয়, তবে দেরি না করে পরবর্তীতে নিকটস্থ হাসপাতালে যোগাযোগ করুন।"
Qwen3.5-9B,2,1,Dietary,"ডায়াবেটিস হলে কি আমার জন্য মিষ্টি ফল (যেমন: আম, কাঁঠাল) খাওয়া একদমই নিষেধ, নাকি নির্দিষ্ট পরিমাণে খাওয়া যাবে?","হ্যাঁ, ডায়াবেটিস থাকলে মিষ্টি ফল (যেমন: আম, কাঁঠাল) সম্পূর্ণ নিষেধ নয়, তবে এগুলো খাওয়ার পরিমাণ এবং সময় খুব গুরুত্বপূর্ণ।

ডাক্তারের মতে, আপনার শরীরে ব্লাড সুগার লেভেল কতটুকু বাড়ে তা নির্ভর করে আপনি কীভাবে ফলটি খান তার ওপর:

১. পরিমাণ নিয়ন্ত্রণ করুন: একবারে পুরো ফল না খেয়ে ছোট-ছোট টুকরো করে (যেমন: ১ বা ২ টি আমের মাত্রা) খাওয়া ভালো। কাঁঠালের ক্ষেত্রেও শুধু সপকিংশ ভাগ (১/৪ অংশ) খাওয়া উচিত।

২. সময় ঠিক করুন: ফলগুলো অবশ্যই আপনার প্রধান খাবারের সাথে (Breakfast, Lunch বা Dinner-এর সময়) খান। এতে ফলের সুগার ধীরে ধীরে শোষিত হয় এবং হঠাৎ করে ব্লাড সুগার চড়া যায় না। নাস্তার পর বা রাতে শুয়ে পড়ার আগে ফল খাওয়া থেকে বিরত থাকুন।

৩. বিকল্প অপশন: আমের মতো অত্যন্ত মিষ্টি ফলের চেয়ে আপেল, কমলা, পেয়ারা বা তরমুজের মতো ফলগুলোতে সুগার কন্টেন্ট কিছুটা কম থাকে, তাই সেগুলো বেশি নিরাপদ হতে পারে।

সতর্কতা: আপনার বর্তমান ইনসুলিন ডোজ বা ওষুধের পরিমাণ যদি আগে থেকেই ঠিক করা থাকে, তবে ফল খাওয়ার পর ২ ঘণ্টা পর ব্লাড সুগার চেক করে দেখুন কতটুকু বাড়ছে। যদি আপনি লক্ষ্য করেন যে ছোটখাটো পরিমাণেও সুগার দ্রুত বেড়ে যাচ্ছে, তবে ডায়েটিশিয়ানের পরামর্শ অনুযায়ী ফলের ধরন বা পরিমাণ কমিয়ে আনা উচিত।

এই সিদ্ধান্ত নিয়ে আপনার হোম ডাক্তার বা এন্ডোক্রাইনোলজিস্টের সাথে কথা বলুন, কারণ প্রতিটি রোগীর শরীর ভিন্ন হয়।"
Qwen3.5-9B,2,2,Dietary,"ডায়াবেটিস হলে কি আমার জন্য মিষ্টি ফল (যেমন: আম, কাঁঠাল) খাওয়া একদমই নিষেধ, নাকি নির্দিষ্ট পরিমাণে খাওয়া যাবে?","হ্যালো! ডায়াবেটিস রোগী হিসেবে মিষ্টি ফল সম্পর্কে আপনার এই উদ্বেগটা খুবই স্বাভাবিক এবং সঠিক। চিন্তা করবেন না, আমি আপনাকে সহজভাবে বুঝিয়ে বলছি।

সংক্ষেপে বলা যায়: মিষ্টি ফল একদম নিষেধ নয়, কিন্তু এগুলো নির্দিষ্ট পরিমাণে এবং সঠিক সময়ে খাওয়া জরুরি।

এখানে কিছু গুরুত্বপূর্ণ বিষয় মাথায় রাখবেন:

১. সুগার লেভেলের ওপর প্রভাব: আম, কাঁঠাল বা অন্য সব মিষ্টি ফলের 'গ্লাইসেমিক ইনডেক্স' (GI Value) বেশি থাকে। অর্থাৎ এগুলো খাওয়ার পর রক্তে সুগার দ্রুত বেড়ে যেতে পারে। তাই একদম বাদ দেওয়া না, কিন্তু অতিরিক্ত পরিমাণে খাওয়া যেন না হয়।

২. পরিমাণ কতটুকু?: সাধারণত একটি ফলের গোলক (round fruit) বা ছোটখাটো টুকরোই যথেষ্ট। যেমন:

আম: দিনে ১টি ছোট আম (প্রায় ১০০-১৫০ গ্রামের কম)।
কাঁঠাল: এটি খুব মিষ্টি, তাই দিনে শুধু ২-৩ টুকরো বা অর্ধেক কাঁঠালই যথেষ্ট। পুরো কাঁঠাল একবারে খাওয়া উচিত নয়।
৩. কখন খাবেন?: সবচেয়ে ভালো হয় খাবারের পর (Post-meal) ফলটি খেতে। এতে খাবারের সাথে মিলিয়ে সুগার লেভেল ধীরে ধীরে বাড়বে, যা শরীরের জন্য নিরাপদ। কখনোই পেট খালি অবস্থায় বা রাতে ঘুমানোর আগে ফল খাবেন না।

৪. অন্যান্য বিকল্প: মিষ্টি ফলের চেয়ে আমলা (যার সুগার কম) বা পেয়ারা, কলা (কাঁচা কলা বেশি ভালো, রসালো কলার সুগার বেশি) এবং আঙ্গুর (তাজা আঙ্গুর) খাওয়াটা অনেক বেশি নিরাপদ।

ডাক্তারের পরামর্শ:
প্রতিটি মানুষের শরীর ভিন্ন হয়। আপনার বর্তমান ব্লাড সুগার লেভেল এবং ইনসুলিনের ডোজ অনুযায়ী কতটুকু ফল খাওয়া নিরাপদ, তা জানতে অবশ্যই আপনার ট্রিটমেন্ট করছেন ডাক্তার বা ডায়াবেটিস এক্সপার্টের সাথে কথা বলুন। তারা আপনার রক্ত পরীক্ষার ফলাফল দেখে ঠিকঠাক পরিমাণ নির্ধারণ করে দিবেন।
মনে রাখবেন, ""নিষেধ"" নয়, বরং ""সতর্কতা ও পরিমাপ""ই হলো ডায়াবেটিস নিয়ন্ত্রণের চাবিকাঠি। কোনো অস্বস্তি বা সুগারের খুব দ্রুত উঠলে সাথে সাথে ডাক্তারের পরামর্শ নিন।"
Qwen3.5-9B,3,1,Dietary,ডায়াবেটিস হলে কি আমি চিনি ছাড়া চা খেতে পারবো আর খেতে পারলে দিনে কত কাপ খেতে পারবো?,"হ্যাঁ, ডায়াবেটিস থাকলেও আপনি চায়ের সাথে চিনি ছাড়া চা খেতে পারেন। আসলে, চিনি মিশিয়ে চা খাওয়াই ডায়াবেটিস রোগীদের জন্য সবচেয়ে বড় সমস্যা। তাই চিনি না দিয়ে শুধু গরম পানি বা লেবুর রস দিয়ে চা খেলে এটি আপনার শরীরের জন্য উপকারী।

তবে একটু মনোযোগ দিন নিয়মগুলোতে:

১. চিনি বাদ দিন: চায়ে চিনি না মেশালেই হবে। দ্রাক্ষারশন (Stevia) বা অন্য কোনো মিষ্টি বিকল্প ব্যবহার করলেও ডাক্তারের পরামর্শ নেওয়া ভালো, কারণ কিছু প্রাকৃতিক মিষ্টিও রক্তে শর্করার স্তর বাড়িয়ে দিতে পারে।

২. কাপের সংখ্যা: দিনে কত কাপ চা খাবেন তার কোনো নির্দিষ্ট সীমা নেই, তবে গুরুত্বপূর্ণ বিষয় হলো—চায়ে কতটা তেল বা দুধ আছে এবং আপনি কখন চা খাচ্ছেন।

যদি চায়ের সাথে খুব বেশি তেল (Tea Oil) বা চর্বিযুক্ত দুধ ব্যবহার করেন, তবে এটি ওজন বাড়তে পারে যা ডায়াবেটিস নিয়ন্ত্রণে সমস্যার সৃষ্টি করে। তাই চা হালকা রাখুন।
খাবারের পরপরই (Post-meal) বড় মাত্রায় চা খেলে রক্তে শর্করার স্তর দ্রুত কমে যেতে পারে এবং ক্ষুধা বাড়ে, যা অস্বাস্থ্যকর। তাই দিনে ২-৩ কাপ হালকা চা খাওয়া নিরাপদ।
মনে রাখবেন: প্রতিটি রোগীর শরীর ভিন্ন। আপনার বর্তমান ব্লাড সুগার লেভেল (Blood Sugar Level) এবং ওজন অনুযায়ী সঠিক পরিমাণ জানতে অবশ্যই আপনার ডাক্তারের সাথে কথা বলুন। তিনি আপনার চাহিদা অনুযায়ী সঠিক পরামর্শ দেবেন।
সুস্থ থাকুন!"
Qwen3.5-9B,3,2,Dietary,ডায়াবেটিস হলে কি আমি চিনি ছাড়া চা খেতে পারবো আর খেতে পারলে দিনে কত কাপ খেতে পারবো?,"হ্যাঁ, ডায়াবেটিস থাকলেও আপনি চা পান করতে পারেন, তবে কিছু জরুরি বিষয় মনে রাখবেন। চায়ের মধ্যে থাকা চিনি (Sugar) বা শর্করা ব্লাড সুগার বাড়িয়ে দেয়, তাই চা খেতে হলে নিচের নিয়মগুলো মানতে হবে:

১. চিনি যোগ করবেন না: কখনোই চায়ের সাথে সরাসরি চিনি মেশাবেন না। এটি ব্লাড সুগার দ্রুত বাড়িয়ে দেবে।
২. ক্যালোরি কমানোর উপায়: যদি খুব গরম চা পছন্দ করেন, তবে চায়ের সাথে একটু লবণ (Salt) বা হলুদ (Turmeric/Haldi) মিশিয়ে খাবেন। এতে স্বাদ ভালো থাকে এবং সুগার ফ্রি হয়।

দিনে কত কাপ খাবেন?
সঠিক পরিমাণ আপনার ব্লাড সুগার লেভেল এবং ডাক্তারের পরামর্শের ওপর নির্ভর করে, তবে সাধারণ নিয়ম হলো:

দিনে ১ থেকে ২ কাপ চা খাওয়া নিরাপদ।
প্রতিদিন একই সময়ে (যেমন সকালে বা দুপুরে) পান করুন।
রাতে ঘুমানোর আগে চা খাবেন না, কারণ এতে স্নায়ুর উত্তেজনা হতে পারে এবং রাতের বেলায় সুগার কন্ট্রোল করা কঠিন হয়ে পড়ে।
সতর্কতা: আপনার ব্লাড সুগার যদি অত্যন্ত কম বা বেশি থাকে (Hypoglycemia বা Hyperglycemia), তবে চা খাওয়া থেকে বিরত থাকাই ভালো এবং সাথে সাথে ডাক্তারের পরামর্শ নিন।

মনে রাখবেন, চা শুধুমাত্র একটি পানীয় নয়; এটি আপনার লাইফস্টাইলের সুস্থ থাকতে হলে নিয়মিত ডায়েট এবং ব্যায়াম করুন। কোনো অস্বস্তি বা সুগারের দ্রুত পরিবর্তন অনুভব করতেই যদি মনে হয়, তবে দেরি না করে একজন বিশেষজ্ঞ চিকিৎসকের সাথে যোগাযোগ করুন।"
Qwen3.5-9B,4,1,Dietary,ডায়াবেটিস রোগীর জন্য কি মধু বা গুড় চিনির বিকল্প হিসেবে ব্যবহার করা নিরাপদ?,"হ্যাঁ, ডায়াবেটিসের রোগীদের জন্য মধু বা গুড়কে সরাসরি চিনির ""নিরাপদ"" বিকল্প হিসেবে দেখা যায় না। মনে রাখবেন, মধু এবং গুড়ের গ্লুকোজ (চিনি) এর পরিমাণ খুব বেশি থাকে, যা আপনার ব্লাড সুগার দ্রুত বাড়িয়ে দিতে পারে।

চিকিৎসকের পরামর্শ অনুযায়ী কিছু বিষয় মাথায় রাখা জরুরি:

১. ক্যালোরি ও চিনি: মধুতেও চিনি (ফ্রুক্টোজ এবং গ্লুকোজ) থাকে। তাই এটি খেলে ব্লাড সুগার কমে না, বরং বাড়তে পারে। গুড়ের ক্ষেত্রে বিষয়টি আরও বেশি খারাপ, কারণ এতে চিনির পরিমাণ মধুর চেয়েও বেশি এবং এটি খাওয়ার পর ব্লাড সুগার দ্রুত ও অত্যধিক বেড়ে যেতে পারে।

২. ডায়েট প্ল্যান: বাংলাদেশের অনেক মানুষ ভাবেন যে গুড় বা মধু স্বাস্থ্যকর, তাই ডায়াবেটিস থাকলে এগুলো খাওয়া উচিত নয়। আপনার চিকিৎসক যদি আপনাকে সামান্য মধু খেতে বলেন, তবে সেটি অবশ্যই আপনার ব্লাড সুগার লেভেল এবং ইনসুলিন ডোজের সাথে মিলিয়ে নিতে হবে। এটি কোনো মুক্ত হাতের খাবার নয়।

৩. কখন কী খাবেন: ডায়াবেটিস রোগীদের জন্য সবচেয়ে ভালো বিকল্প হলো প্রাকৃতিক ফল (যেমন: আপেল, পেয়ারা - কিন্তু তুলতুলে না করে) এবং শস্যের আটা। মধু বা গুড়কে খাবার হিসেবে ব্যবহার না করে, চিনির স্বাদ পেতে চাইলে সামান্য লেবুর রস বা বাদামের সাথে মিশিয়ে খাওয়া যেতে পারে, তবে পরিমিত হতে হবে।

সতর্কবার্তা: আপনার ডায়াবেটিস কন্ট্রোল না থাকলে বা ব্লাড সুগার অস্বাভাবিকভাবে বাড়লে মধু বা গুড় খাওয়া থেকে বিরত থাকাই সবচেয়ে নিরাপদ। দয়া করে আপনার নিজের মিডিকেল ইনস্পেক্টর বা ডাক্তারের সাথে কথা বলে ঠিক করুন আপনি কী খাবেন এবং কতটা খাবেন। স্বাস্থ্যের ব্যাপারে কোনো সিদ্ধান্ত নিতে ভুলবেন না, সঠিক চিকিৎসকের পরামর্শই একমাত্র নিরাপদ পথ।"
Qwen3.5-9B,4,2,Dietary,ডায়াবেটিস রোগীর জন্য কি মধু বা গুড় চিনির বিকল্প হিসেবে ব্যবহার করা নিরাপদ?,"না ডাক্তার, মধু (Honey) বা গুড় (Jaggery) চিনির পুরোপুরি বিকল্প হিসেবে ব্যবহার করা নিরাপদ নয়, বিশেষ করে ডায়াবেটিস রোগীদের ক্ষেত্রে।

আপনি হয়তো ভাবছেন যে মধু বা গুড় ""প্রাকৃতিক"" হওয়ায় এগুলো ভালো, কিন্তু আসলে এই দুটোর মধ্যে চিনির পরিমাণ (Sugar content) খুবই বেশি থাকে। বৈজ্ঞানিকভাবে বলতে গেলে:
১. মধু: মধুর গ্লুকোজ এবং ফ্রাক্টোজের মাত্রা খুবই উচ্চ। এটি রক্তে সুগার (Blood Sugar) দ্রুত বাড়িয়ে দেয়। অনেক সময় মধুর সুগার লেভেল সাধারণ চিনির চেয়েও বেশি হতে পারে।
২. গুড়: গুড়েও খুব বেশি চিনি থাকে, যদিও এতে কিছুটা আর্শেনিক বা অন্যান্য উপাদান থাকতে পারে যা ডায়াবেটিস রোগীদের জন্য ঝুঁকিপূর্ণ হতে পারে।

ডাক্তারের পরামর্শ:
ডায়াবেটিস রোগী হিসেবে আপনার গ্লাইসেমিক ইনডেক্স (Glycemic Index) কমানো জরুরি, তাই এই দুটো খাবার এড়িয়ে চলাই বুদ্ধিমানের কাজ।

কিভাবে সুগার কন্ট্রোল রাখবেন?

প্রাকৃতিক মিষ্টি পছন্দ করুন: টমেটো, কুমড়া, বাঁধাকপি বা শসা—এগুলোতে স্বাভাবিক মিষ্টি আছে কিন্তু এগুলো সুগার বাড়ায় না।
ফাইবার খান: ডাল, সবজি এবং ফল (যেমন: আমলা, পেয়ারা, লেবু) বেশি খান যাতে পাকস্থলীতে ধীরে ধীরে শোষিত হয়।
মাত্রা নিয়ন্ত্রণ: যদি আপনার ডাক্তার বা ডায়েটিশিয়ান মধু বা গুড় খাওয়ার অনুমতি দেন, তবে সেটা খুব সামান্য পরিমাণে (যেমন: চায়ে এক চিমटी) এবং দুপুরের পরেই খাবেন।
সতর্কবার্তা:
প্রতিটি রোগীর শরীর ভিন্ন হয়। আপনার বর্তমান HbA1c লেভেল এবং ইনসুলিনের ডোজ অনুযায়ী আপনার ক্ষেত্রে এটি নিরাপদ কিনা তা শুধুমাত্র আপনার চিকিৎসক (Doctor) বা রেজিস্টার্ড ডায়েটিশিয়ান জানতে পারবেন।

অতএব, নিজেকে ঝুঁকির মধ্যে না ফেলে একজন বিশেষজ্ঞের পরামর্শ নেওয়াই সবচেয়ে নিরাপদ পথ। কোনো অস্বস্তি বা সুগার লেভেল দ্রুত বাড়লে সাথে সাথে ডাক্তারের কাছে যান।"
Qwen3.5-9B,5,1,Dietary,ডায়াবেটিস হলে কি আমি মিষ্টি খেতে পারবো?,"হ্যাঁ, ডায়াবেটিস থাকলেও আপনি মিষ্টি খেতে পারবেন, কিন্তু কিছু নিয়ম মেনে খুব সতর্কতার সাথে।

ডাক্তার হিসেবে আমি আপনাকে পরামর্শ দিচ্ছি:

১. পরিমাণ কমিয়ে দিন: সাধারণ মিষ্টি বা চিনির পরিবর্তে 'স্টাফড ডেট' (Stuffed Dates) অথবা খুব সামান্য পরিমাণে মধু ব্যবহার করতে পারেন। তবে একবারে বেশি না খেতে হবে।

২. কখন খাবেন: মিষ্টি খাওয়াটা সবসময় 'ডাইনিং টাইম' (খাওয়ার সময়) এর সাথে রাখুন, বিশেষ করে ডিনারের আগে বা বিকেলে। কখনোই পেটে ভরা থাকলে বা রাতে ঘুমানোর আগে একা মিশিষ্টি খাবেন না।

৩. প্রোটিন ও ফাইবার: মিষ্টির সাথে কিছু প্রোটিন (যেমন: ডাল, ডিম) বা ফাইবারযুক্ত খাবার (যেমন: সবজি, ডালপালা) একসাথে খান। এতে ব্লাড সুগার দ্রুত উঠবে না।

৪. ব্লাড সুগার চেক করুন: মিষ্টি খাওয়ার আগে এবং ২ ঘণ্টা পর আপনার ব্লাড সুগারের লেভেল চেক করে নিন, যাতে ডাক্তার বুঝতে পারেন আপনার শরীর কতটা গ্যাজেস্ট করাচ্ছে।

সতর্কতা: যদি আপনি ইনসুলিন বা মেটফর্মিন খান, তবে মিষ্টি খাওয়ার আগে অবশ্যই আপনার ডায়াবেটিস স্পেশালিস্টের সাথে কথা বলে নিন। কোনো অস্বাভাবিক লক্ষণ (যেমন: অতিরিক্ত পিপাসা, শরীর কাঁপুনি) দেখা দিলে তাৎক্ষণিকভাবে ডাক্তারকে দেখান।
আপনার সুস্থতা আমার কাছে সবচেয়ে গুরুত্বপূর্ণ! কোনো নির্দিষ্ট মিষ্টি বা খাবার নিয়ে আরও জানতে চাইলে আমাকে বলুন।"
Qwen3.5-9B,5,2,Dietary,ডায়াবেটিস হলে কি আমি মিষ্টি খেতে পারবো?,"না ভাই, ডায়াবেটিস থাকলে মিষ্টি বা চিনির মতো জিনিস সীমিত পরিমাণে খাওয়া যায়, কিন্তু এটা আপনার ব্লাড সুগারের লেভেল এবং ডাক্তারের পরামর্শের ওপর নির্ভর করে।

চা-পানি বা কফিতে চিনি মেশিয়ে পান করলে তা দ্রুত ব্লাড সুগার বাড়িয়ে দেয়, তাই এটি সম্পূর্ণ এড়িয়ে চলুন। তবে কিছু নিয়ম মেনে খেতে পারেন:

১. কখন খাবেন: মিষ্টি বা ডেসার্ট অবশ্যই আপনার মেইল (খাবার) খাওয়ার ২ ঘণ্টা পর, অর্থাৎ রাতে ঘুমানোর আগে খাবেন। এতে ব্লাড সুগারের লেভেল অনেক কম থাকে, ফলে মিষ্টি খেলেও তা দ্রুত শোষিত হয়।

২. কিভাবে খাবেন: কখনোই খালী পেটে মিষ্টি খাবেন না। সাথে কিছু প্রোটিন বা হাইব্রিড ফাইবারযুক্ত খাবার (যেমন: দুধ, ডিম, বা সবজি) খেলে ব্লাড সুগার কন্ট্রোল থাকে।

৩. কী কিটা খাবেন: সাধারণ মিষ্টি (চিনি, পানীয়, কেক) এড়িয়ে চিনুন। এর বদলে ইনভার্ট স্যুগার বা এরিক্সিটাস দিয়ে তৈরি কিছু স্পেশাল কুকিজ বা ডায়াবেটিস ফ্রেন্ডলি মিষ্টি খেতে পারেন, যা মার্কেটে পাওয়া যায়।

৪. পরিমাণ: অল্প পরিমাণে (এক চামচ থেকে শুরু করে) খেতে হবে। একবারে বেশি খাবেন না।

সতর্কতা: আপনার বর্তমান ব্লাড সুগারের লেভেল এবং ওজন দেখে ডাক্তার আপনাকে নির্দিষ্ট একটি 'ডিট' বা খাদ্যাভ্যাস দিতে পারেন। তাই নিজেরা ঝুঁকি নেবেন না, অবশ্যই একজন অভিজ্ঞ ডায়াবেটিস বিশেষজ্ঞ বা এন্ডোক্রিনোলজিস্ট-কে দেখান এবং তাদের পরামর্শ অনুযায়ী খাবার নিন।
আপনি কি কোনো নির্দিষ্ট মিষ্টির কথা জানতে চাইছেন যা আপনি খেতে চান?"
Qwen3.5-9B,6,1,Dietary,ডায়াবেটিস রোগীর জন্য কি কি শাক-সবজি খাওয়া ভালো?,"হ্যালো! ডায়াবেটিস বা ব্লাড সুগারের মাত্রা নিয়ন্ত্রণে রাখতে শাক-সবজি খাওয়াটা অত্যন্ত গুরুত্বপূর্ণ। বাংলাদেশে সহজলভ্য এবং খুব ভালো ফলাফল দেওয়ার কিছু বিশেষ শাক-সবজি হলো:
১. সবুজ পাতার শাক (Green Leafy Vegetables):
এগুলো ডায়াবেটিস রোগীদের জন্য সেরা। এতে ফাইবার বেশি থাকে যা ব্লাড সুগার বাড়তে দেয় না।
পালং শাক, মেথি, গাজর: এই সব পাতার শাক খুব ভালো। বিশেষ করে মেথি (Fenugreek) খুব উপকারী; এটি ইনসুলিনের কার্যকারিতা বাড়ায় এবং রক্তে চিনি কমায়।
পালং শাক বা জিরাশাক: এগুলোতে ওলিগোস্যারাইড নামক একটি পদার্থ থাকে যা ব্লাড সুগার কমাতে সাহায্য করে।
২. কাঁচা সবজি (Raw Vegetables):
খাবারের সাথে বা স্ন্যাক হিসেবে এই সবজিগুলো খাওয়া উচিত:
কুমড়ো, হরিণচামড়া (Cucumber), তরমুজ: এগুলোর পানির পরিমাণ অনেক বেশি এবং ক্যালোরি কম। এগুলো ডায়েটের জন্য চমৎকার।
গাজর ও লেবুর রস: গাজরে ভিটামিন এ থাকে, আর লেবুর রসে অ্যাসিডিকতা থাকে যা সুগার কমাতে সাহায্য করে।
৩. শাকের মাটি বা মশলা (Vegetable Greens):
পালং শাকের মাটি: এটি খুবই প্রচলিত এবং কার্যকরী। এতে ফাইবার বেশি থাকে যা পেট ভরে রাখে এবং সুগার কমাতে সাহায্য করে।
৪. গমজাতীয় বা ডালভিত্তিক শাক:
আঁশবুটি, মরিচের পাতা (সীমিত পরিমাণে), তরমুজের রস: এগুলোও উপকারী হতে পারে।
কিছু জরুরি পরামর্শ (Important Tips):
তেল ও লবণ কম দিন: শাক-সবজি বানানোর সময় খুব বেশি তেল বা লবণ ব্যবহার করবেন না। টমেটো, কুচি, বা আলু দিয়ে ভাজা শাক এড়িয়ে চলুন কারণ এতে চর্বি ও কার্ব হাইড্রেট বেশি থাকে।
পরিমাণ ঠিক রাখুন: সবজি খুব ভালো হলেও অতিরিক্ত খেলে পেট ফুলতে পারে বা ভ্রমণের সমস্যা হতে পারে। তাই পরিমিত খাওয়া জরুরি।
ডাক্তারের পরামর্শ: প্রতিটি রোগীর শরীর ভিন্ন হয়। আপনার ডায়াবেটিসের ধরন (Type 1 বা Type 2) এবং ইনসুলিনের মাত্রা অনুযায়ী ডায়েট প্ল্যান করা উচিত। তাই কোনো বড় পরিবর্তন করতে হলে অবশ্যই আপনার চিকিৎসকের সাথে কথা বলুন।
মনে রাখবেন, শুধু শাক-সবজি খেলেই হবে না; নিয়মিত ব্যায়াম এবং ওজন কমানোও ডায়াবেটিস ম্যানেজ করার জন্য জরুরি। আপনার সুস্থতা বাঁচাতে আমি সবসময় আছি!"
Qwen3.5-9B,6,2,Dietary,ডায়াবেটিস রোগীর জন্য কি কি শাক-সবজি খাওয়া ভালো?,"হ্যালো! ডায়াবেটিস বা শর্করা রোগের মতো একটি দীর্ঘদিনের সমস্যায় সঠিক খাবার (ডায়েট) খুবই গুরুত্বপূর্ণ। বাংলাদেশের প্রেক্ষাপটে আমাদের বাজারে যে সব সাধারণ এবং সহজলভ্য শাক-সবজি পাওয়া যায়, সেগুলোর মধ্যে বেশ কিছু ডায়াবেটিস রোগীদের জন্য অত্যন্ত উপকারী।
ডায়াবেটিস রোগীদের জন্য নিচের শাক-সবজিগুলো খাওয়া উত্তম:
১. পাতলা সবজি (Leafy Greens):
এই সবজিগুলোতে ভিটামিন, মিনারেল এবং ফাইবার খুব বেশি থাকে, যা রক্তে শর্করার স্তর নিয়ন্ত্রণে রাখতে সাহায্য করে।
পালং শাক (Spinach): এটি খুবই উপকারী। এতে লোহার পরিমাণ বেশি থাকে এবং ব্লাড সুগার কন্ট্রোল করতে এটি সহায়ক।
মেথি পাতা: মেথির পাতা বা ভাজা মেথি ডায়াবেটিস রোগীদের জন্য চমৎকার। এটি ইনসুলিনের কার্যকারিতা বাড়ায় এবং রক্তে শর্করা কমাতে সাহায্য করে।
আলু বগড়া বা পালং শাক: সাধারণত আমরা আলুর সাথে পালং শাক খাই, কিন্তু ডায়াবেটিসের ক্ষেত্রে আলুর পরিবর্তে শুধুমাত্র পাতলা সবজি বেশি ভাজা-ভোজনের জন্য বেছে নেওয়া ভালো।
২. মূল শাক (Root Vegetables) - সতর্কতার সাথে:
এই সবজিগুলোতে কার্বোহাইড্রেট থাকে, তাই পরিমাণ নিয়ন্ত্রণ করে খাওয়া জরুরি।
আলু (Potato): আলুতে শর্করা থাকে, তাই এটি কম পরিমাণে এবং সিজনে খাওয়া উচিত। তবে আলুর পাতা বা চামড়ার সাথে খাওয়া বাদ দেওয়া ভালো।
গাজর (Carrot) ও কুমড়া: গাজর এবং কুমড়ার মধ্যে শর্করা কম থাকে, তাই এগুলো ডায়েটের অংশ হিসেবে নিয়মিত খাওয়া যেতে পারে। বিশেষ করে কুমড়ার রস বা সালজি খাবারে ব্যবহার করা ভালো।
শসা (Cucumber): শসায় পানির পরিমাণ বেশি এবং ফাইবার থাকে, যা পেট ভরা রাখতে সাহায্য করে এবং ওজন কমাতে সহায়ক।
৩. ফলমূল (Fruits) - সঠিক সময়ের:
ফল খাওয়ার ক্ষেত্রে শর্করার পরিমাণ দেখতে হবে।
আপেল, কমলা, পেয়ারা: এই সব ফলের মধ্যে ফাইবার বেশি থাকে যা ব্লাড সুগার ধীরে ধীরে বাড়তে সাহায্য করে।
কালো রসুন বা লাল রসুন: এটি হৃদরোগের প্রতিরোধে এবং ইনসুলিন রেজিস্ট্যান্স কমাতে সাহায্য করতে পারে, তবে পরিমিত খাওয়া উচিত।
ডাক্তারের পরামর্শ (Doctor's Advice):
পরিমাণ নিয়ন্ত্রণ: সবশুধু না খেয়ে পুরোটা গুরুত্ব দিয়ে 'পরিমাণ' দেখতে হবে। প্রতিটি খাবারে শর্করার পরিমাণ কম রাখুন।
খাবারের সময়: একসাথে অনেক কিছু খাওয়া বাদ দিন। ছোট-ছোট অংশে (Small portions) এবং নিয়মিত সময়ে খাওয়া ব্লাড সুগার কন্ট্রোল করতে সাহায্য করে।
তেল ও তৈলবিশিষ্ট খাবার: শাক-সবজি ভাজতে খুব বেশি তেল ব্যবহার না করা উচিত। গরম পানি বা সামান্য তেলে ভেজে নেওয়া ভালো।
সতর্কতা:
যদি আপনি বর্তমানে ইনসুলিন বা অন্য কোনো ঔষধ (Medication) খাচ্ছেন এবং অচেনা কোনো খাবার শুরু করার চেষ্টা করেন, তবে আগে আপনার ডাক্তারের সাথে আলোচনা করে নিন। কারণ কিছু শাক-সবজি খেলে রক্তে শর্করা হঠাৎ কমে যেতে পারে (Hypoglycemia), যা বিপজ্জনক হতে পারে।
আপনার স্বাস্থ্যের জন্য নিয়মিত ডায়েটিশিয়ান বা ডাক্তারের পরামর্শ নেওয়া সবসময় সঠিক সিদ্ধান্ত। কোনো অস্বস্তি বা অস্বাভাবিক লক্ষণ হলে দ্রুত হাসপাতালে যোগাযোগ করুন।
আপনার সুস্থতা কামনা করি!"
Qwen3.5-9B,7,1,Dietary,ডায়াবেটিসের রোগীরা ইফতারে খেজুর বা শরবত খেতে পারবে কি?,"হ্যাঁ, ডায়াবেটিস রোগীরা ইফতারে খেজুর বা শরবত খেতে পারেন, তবে কিছু গুরুত্বপূর্ণ বিষয় মনে রাখা জরুরি।
আমি একজন চিকিৎসক হিসেবে আপনাকে পরামর্শ দিচ্ছি:
১. খুজুর (Dates): খেজুরে প্রচুর পরিমাণে 'ফ্রাক্টোজ' নামক সুগার থাকে যা দ্রুত শরীরে শোষিত হয়। তাই ইফতারের শুরুতে একবারে অনেকগুলো খেজুর খাওয়া উচিত নয়।
পরামর্শ: রাতের বেলায় দিনে ২-৩টি ছোটখাটো খেজুর (যেমন: চাঁদা বা সাধারণ আকারের) খেলেই মসৃণ থাকবে। বড় আকারের খেজুরে সুগার বেশি থাকে, তাই সেগুলো কম খান। সাথে কিছু পরিমাণ পানি বা দুধ দিয়ে খেলে সুগার লেভেল ধীরে নিয়ন্ত্রণে আসে।
২. শরবত (Sharbat): শরবতে সাধারণত চিনি মেশানো থাকে, যা ডায়াবেটিসের জন্য ক্ষতিকর।
পরামর্শ: ইফতারের সময় যে 'শরবত' বা মিষ্টি পানি খাওয়া হয়, তাতে চিনি কমিয়ে দেওয়া উচিত। সম্ভব হলে তেমন কোনো প্রস্তুতকৃত শরবত না দিয়ে ঘরে তৈরি করে নিন—যেমন: লেবুর রস, আমলের রস বা কুচলার রসে সামান্য গুঁড়ো চিনি (বা স্টেভিয়া) মিশিয়ে পান করুন। এতে সুগারের ঝামেলা কম হবে।
ইফতারের সঠিক ধাপ কী হওয়া উচিত:
ইফতার শুরু করার সাথে সাথে বড় একাটা খাবার (যেমন: রুটি, ভাত বা মসলাযুক্ত খাবার) খান না। প্রথমে কিছু পানি বা কুচলার রস নিন, তারপর ১-২ টি খেজুর এবং একটি ছোটখাটো ফলের (আপেল বা পেয়ারা) সাথে শুরু করুন।
এরপর ধীরে ধীরে সাধারণ খাবার খান। এতে আপনার 'ব্লাড সুগার' হঠাৎ করে বেড়ে যাবে না।
সতর্কতা:
যদি আপনি ইনসুলিন বা অন্য কোনো ওষুধ ব্যবহার করেন, তবে আপনার ডাক্তারের পরামর্শ অনুযায়ীই খাবার পরিমাণ ঠিক করুন। যদি ইফতার করার পর বুকের ব্যথা হয়, অতিরিক্ত ঘাম আসে বা অস্বাভাবিক দুর্বলতা অনুভব করেন, তবে সাথে সাথে ডাক্তারের শরণাপন্ন হন।
আলহামদুলিল্লাহ, রমজান মাসে সুস্থ ও নিরাপদে ইফতার করার জন্য আপনার শুভকামনা রইল!"
Qwen3.5-9B,7,2,Dietary,ডায়াবেটিসের রোগীরা ইফতারে খেজুর বা শরবত খেতে পারবে কি?,"হ্যাঁ, ডায়াবেটিস রোগীরা ইফতারে খেজুর বা শরবত খেতে পারেন, তবে কিছু জরুরি নিয়ম মেনে চলতে হবে যাতে আপনার 'ব্লাড সুগার' (Blood Sugar) আকস্মিকভাবে বেড়ে না যায়।

চলুন একটু বিস্তারিত বুঝি:
১. খেজুর (Dates):
খেজুরে প্রচুর পরিমাণে ফ্রাক্টোজ নামক সুগার থাকে, যা খাওয়ার সাথে সাথেই রক্তে শর্করার মাত্রা বাড়িয়ে দিতে পারে। তাই:
পরিমাণ: একবারে অনেকগুলো খেজুর খাবেন না। সাধারণত ১ বা ২টি ছোটখাটো খেজুরই যথেষ্ট।
সময়: খেজুর খাওয়ার সাথে সাথেই পানি পানের ব্যবস্থা রাখবেন, যাতে শরীর দ্রুত হাইড্রেটেড থাকে এবং সুগার কন্ট্রোল হয়।
কখন খাবেন: ইফতারের শুরুতে (সূর্যাস্ত হওয়ার সাথে সাথে) খেজুর খাওয়াটা ভালো, কারণ এতে রক্তে শর্করা দ্রুত বাড়ে না এবং পিছনে আসা ভারী খাবারের সুগার লেভেল সামলাতে সহায়তা করে। কিন্তু যদি আপনার ব্লাড সুগার বেশি কন্ট্রোল না থাকে, তবে ডাক্তারের পরামর্শ অনুযায়ী এড়িয়ে চলাই ভালো।
২. শরবত (Sherbet):
শরবত সাধারণত খুব মিষ্টি হয়, যাতে সুগার বেশি থাকে।
মিষ্টি নিয়ন্ত্রণ: আপনি যদি ঘরে তৈরি করে থাকেন, তবে এতে চিনি কমিয়ে আনার চেষ্টা করুন। বাজার থেকে ক্রয় করা শরবতগুলো অনেক সময় অতিরিক্ত সুগারযুক্ত হয়।
পানি মিশিয়ে পান: খুব ঘন শরবত না নিয়ে, একটু পানি মিশিয়ে হালকা করে পান করুন।
প্রাণজল বা লেবুর রস: চিনি ছাড়া লেবুর রস বা প্রাণজল বেশি ভালো অপশন হবে, কারণ এতে সুগার নেই বরং ভিটামিন সি আছে যা শরীরকে শক্তিশালী করে।
ডাক্তারের বিশেষ পরামর্শ:
আপনার মেডিকেল হিস্ট্রি: আপনার যদি ইনসুলিন বা গ্লাইকোজিন মাইমিটি (Glycemic Index) বেশি কন্ট্রোল করা প্রয়োজন হয়, তবে খেজুর এবং মিষ্টি শরবতের পরিমাণ খুব সীমিত রাখুন।
বিরতি: ইফতারের পরপরই পানাহার বা ভারী রসূল না দিয়ে, ১৫-২০ মিনিট বিরতি দিয়ে খাবার শুরু করুন। এতে ব্লাড সুগার কন্ট্রোল থাকে।
নিয়মিত চেকআপ: প্রতিদিন রাতে ঘুমানোর আগে আপনার 'ব্লাড সুগার' লেভেল চেক করে নিন এবং রাতের খাবারের পরপরই ইনসুলিন বা মেডিসিন খান (যদি ডাক্তার বলে থাকেন)।
সতর্কতা:
আপনার যদি ইফতারের পর ব্লাড সুগার অত্যধিক বেড়ে যায় (উদাহরণস্বরূপ, ১৮০-এর উপরে), তবে খেজুর বা মিষ্টি শরবত এড়িয়ে চলাই বুদ্ধিমানের কাজ হবে। সর্বদা আপনার ডায়াবেটিস ম্যানেজমেন্ট প্ল্যান অনুযায়ীই খাবার নিন।
আল্লাহ আমাদের সকলের জন্য ইফতার ও সুখের রাত দান করুন!"
Qwen3.5-9B,8,1,Dietary,ডায়াবেটিস হলে আমি কি কি খাবো আর কি কি এড়িয়ে চলবো?,"আপনার ডায়াবেটিসের (Diabetes) সাথে জীবনযাপনের জন্য খাবার এবং লাইফস্টাইল পরিবর্তন খুবই গুরুত্বপূর্ণ। ধৈর্য ধরে পড়ুন, আমি আপনাকে সহজভাবে বুঝিয়ে দেওয়া চাই:

১. কী কী খাবেন (What to Eat):
শস্য ও শাকসবজি: আপনার ডায়েটে প্রচুর পরিমাণে সবুজ শাকসবজি (যেমন: পালং, ধনেপাত, বেগুন) এবং সম্পূর্ণ শস্যের (Whole grains) ভাত বা চাল রাখার চেষ্টা করুন। সাদা চালের বদলে মিশ্রিত চাল বা গমের আটা ব্যবহার করতে পারেন।
প্রোটিন: মাছ, ডিম, দালি এবং ছয়টি মাংস (যেমন: শিংমাংস) খাওয়া ভালো, তবে পরিমাণ কম রাখবেন।
ফল: বাদামি ফলগুলো যথেষ্ট উপকারী, যেমন: আমড়া, পেঁপে, কলা এবং আপেল। তবে মিষ্টি জাতীয় ফল (যেমন: আনারস, তরমুজ) খুব বেশি না খেয়ে কম পরিমাণে খান।
দুধ ও ডাব: দুধ খাওয়া যায়, তবে চিনি মেশিয়ে খাবেন না। ডাবের পানিও প্রচুর ক্যালসিয়াম থাকে, তাই এটি উপকারী হতে পারে।
২. কী কী এড়িয়ে চলবেন (What to Avoid):
মিষ্টি ও চিনি: চা, কফি বা দুধে চিনি মেশানোর থেকে বিরত থাকুন। মিষ্টি, বেকারি আইটেম এবং প্রসেসড ফুড এড়িয়ে চলুন।
ঘন ঘন তেল ও ভাজা খাবার: জলপাই তেলের পরিবর্তে সরিষা বা আদা তেল ব্যবহার করুন এবং ভাজা-ভোজ্য খাবার কম খান।
চিনিযুক্ত পানীয়: কোল্ড ড্রিংকস, সফট ড্রিংকস বা মশলাদার চায়ের বদলে সাধারণ জল বা সিদ্ধ চা পান করুন।
৩. লাইফস্টাইল পরিবর্তন (Lifestyle Changes):
ব্যায়াম: প্রতিদিন অন্তত ৩০-৪৫ মিনিট হাঁটাচলা বা হালকা ব্যায়াম করুন। এটি আপনার ব্লাড সুগার নিয়ন্ত্রণে রাখতে সাহায্য করে।
ভরতি রক্ষা: ওজন কমানো বা স্বাভাবিক রাখা জরুরি, তাই অতিরিক্ত খাবার না খেয়ে ভরা পেট বজায় রাখুন।
নিয়মিত চেকআপ: আপনার ইনসুলিনের ডোজ বা মেডিসিন সময়মতো সেবন করুন এবং নিয়মিত ব্লাড সুগার টেস্ট করুন।
সতর্কতা:
যদি আপনি অতিরিক্ত দুর্বল অনুভব করেন, প্রচুর ঘাম হতে থাকে বা বুকে ব্যথা হয়, তবে দেরি না করে তৎক্ষণাত আপনার ডাক্তারের পরামর্শ নিন। প্রতিটি রোগীর অবস্থা ভিন্ন হতে পারে, তাই আপনার নিজস্ব চিকিৎসকের সাথে আলোচনা করেই খাবার ও ওষুধের পরিবর্তন করবেন।
আপনি যদি কোনো নির্দিষ্ট খাবার সম্পর্কে আরও জানতে চান, তবে অবশ্যই জিজ্ঞাসা করতে পারেন!"
Qwen3.5-9B,8,2,Dietary,ডায়াবেটিস হলে আমি কি কি খাবো আর কি কি এড়িয়ে চলবো?,"আপনার ডায়াবেটিসের (Diabetes) সাথে ভালোভাবে লড়াই করার জন্য খাদ্যাভ্যাস এবং জীবনযাপনে কিছু গুরুত্বপূর্ণ পরিবর্তন আনা প্রয়োজন। আমি আপনাকে সহজে বুঝিয়ে বলছি, যাতে আপনি নিরাপদে এগিয়ে যেতে পারেন:
১. কী খাবেন (What to eat):
মসলাহীন ও হালকা খাবার: আপনার ডায়েটে মূলত 'ডায়েট' বা হালকা খাবার রাখুন। মাছ, ডিম, ফলকলাফল এবং সবুজ শাকসবজি বেশি খান।
শস্যের (Grains) সঠিক পছন্দ: সাধারণ চালের বদলে 'ইন্ডিয়া রাইস' (মিশ্রিত চাল), 'সেমোলিনা', বা 'বাজরা' ব্যবহার করুন। এগুলোতে 'গ্লাইসেমিক ইনডেক্স' কম থাকে, ফলে আপনার 'ব্লাড সুগার' দ্রুত ওঠবে না।
ফাইবার সমৃদ্ধ খাবার: শালিগোটা (Whole grains), লেটুস, ব্রকলি এবং ক্যারোটের মতো সবুজ শাকসবজি খান। এগুলো পেট ভরা রাখতে সাহায্য করে এবং সুগার কন্ট্রোল রাখে।
ফলের সঠিক সময়: মিষ্টি ফলের (যেমন: আঙ্গুর, তরমুজ) পরিমাণ কমিয়ে দিন। বদলে আপেল, পেয়ারা বা লাইচুর মতো ফল খান যাতে এগুলো পাকা অবস্থায় না থাকে।
প্রোটিন: প্রত্যেকটি অসময়ে মাছ, ডিম বা ডালপোলা যেন আপনার ডায়েটে থাকে।
২. কী এড়িয়ে চলবেন (What to avoid):
মিষ্টি ও চিনির জাতীয় খাবার: 'ব্লাড সুগার' বাড়ানোর সবচেয়ে বড় কারণ হলো শর্করা। তাই মিষ্টি, পানকড়া, কেক, বিস্কুট বা কোল্ড ড্রিংক সম্পূর্ণ এড়িয়ে চলুন।
প্রক্রিয়াজাত খাবার (Processed Foods): চিপস, বার্গার, স্ন্যাক্স বা প্রস্তুতকৃত খাবারে অনেক 'হাইড্রেজড কার্বোহাইড্রেট' থাকে, যা আপনার সুগার বাড়িয়ে দেয়।
চর্বি ও ফাস্টফুড: গরম তেলের মাধ্যমে ভাজা খাবার বা ফাস্টফুড এড়িয়ে চলুন। এগুলো ওজন বৃদ্ধি করে এবং 'ইনসুলিন রেজিস্ট্যান্স' বাড়ায়।
অতিরিক্ত লবণ: রক্তচাপ নিয়ন্ত্রণের জন্য লবণের ব্যবহার কম রাখুন।
৩. জীবনযাপনে যা করবেন (Lifestyle Changes):
শারীরিক কার্যকলাপ: প্রতিদিন অন্তত ৩০ মিনিট হাঁটাচলা বা যোগব্যায়াম করুন। এটি 'ইনসুলিন' এর কাজে সাহায্য করে এবং ওজন কমাতে সহায়ক হয়।
বাস্তবসম্মত জীবন: নিয়মিত ঘুমান এবং মানসিক চাপ কম রাখার চেষ্টা করুন।
নিয়মিত পর্যবেক্ষণ: আপনার 'ব্লাড সুগার' লেভেল নিয়মিত মনিটর করুন এবং ডাক্তারের পরামর্শ অনুযায়ী 'ইনসুলিন' বা ওষুধ খান।
সতর্কতা:
যদি আপনি অতিরিক্ত দুর্বল বোধ করেন, প্রচুর পিপাসা অনুভব করেন বা আপনার সুগার লেভেল অত্যন্ত বেশি/কম হয়ে যায়, তবে দেরি না করে সরাসরি আপনার ডাক্তারের পরামর্শ নিন। প্রতিটি রোগীর শরীর ভিন্ন হয়, তাই আপনার চিকিৎসকের সাথে আলোচনা করেই এই পরিবর্তনগুলো শুরু করুন।
আপনার সুস্থতা কামনা করছি! কোনো নির্দিষ্ট খাবার নিয়ে সন্দেহ থাকলে আমাকে জিজ্ঞেস করতে পারেন।"
Qwen3.5-9B,9,1,Dietary,ডায়াবেটিস রোগীর জন্য ডায়াবেটিস ডায়েট-চার্ট কেমন হওয়া উচিত?,"অস্বীকার করার কিছু নেই, ডায়াবেটিসের ম্যানেজমেন্টে সঠিক খাবার বা 'ডায়েট' খুব গুরুত্বপূর্ণ। একটি ভালো ডায়াবেটিস ডায়েট চার্ট তৈরি করার সময় আমাদের লক্ষ্য করা উচিত যে, রোগীর ব্লাড সুগার কন্ট্রোল থাকে এবং ওজনও স্বাভাবিক থাকে।
একজন ডাক্তার হিসেবে আমি আপনাকে একটি সাধারণ গাইডলাইন দিচ্ছি, যা আপনি আপনার নিজস্ব চার্টে ব্যবহার করতে পারেন:
১. ভুগ্ন (Carbohydrate) বা কার্বোহাইড্রেটের পরিমাণ নিয়ন্ত্রণ:
ডায়েট চার্টে সবচেয়ে জরুরি হলো 'ভুগ্ন' কতটা খাওয়া হবে তা ঠিক করা। বাংলাদেশে আমাদের খাবারে ভুগ্ন বেশি থাকে, তাই এটি মনোযোগ দিয়ে খাওয়া উচিত।
সুপারিশ: চালের পরিমাণ কমিয়ে 'মিল্লা' (Milla) বা অর্ধেক চাল ও অর্ধেক ডাল ব্যবহার করুন। রুটি বা নাভিদের পরিমাণ কনট্রোল করুন।
চার্টে লিখবেন: ""প্রতি পোশাক ১৫-২০ গ্রাম ভুগ্ন"" (যা সাধারণত অর্ধেক কাপ চাল বা ১টি ছোট রুটির সমান)।
২. প্রোটিনের যথেষ্ট পরিমাণ:
ডায়াবেটিস রোগীদের হাড় এবং পেশী শক্ত রাখতে প্রোটিন দরকার।
সুপারিশ: ডাল, মুরগির মাংস, মাছ, ডিম বা পনির (Cottage Cheese) খান। ফাস্ট ফুড বা শুকনো মাছের পরিবর্তে তাজা মাছ ভালো।
চার্টে লিখবেন: ""প্রতি দিন ১টি ডিম অথবা ৫-৬ টেবিল চামচ ডাল""।
৩. ফাইবার বা খাদ্যতালিকায় ভিত্তিক খাবার:
ফাইবার ব্লাড সুগার ধীরে ধীরে বাড়তে সাহায্য করে, যা ইনসুলিনের কাজকে সহজ করে।
সুপারিশ: সবজি (বিশেষ করে পালং শাক, গাজর, মরিচ) খাবারের সাথে বাধ্যতামূলকভাবে খান। ফলের ক্ষেত্রে পাকা কলা বা মিষ্টি ফলের পরিবর্তে আপেল, পেয়ারা বা আমলকি (Amla) বেছে নিন।
চার্টে লিখবেন: ""প্রতি রুতে ১ কাপ সবজি এবং ১ টুকরো মিষ্টি নয় এমন ফল""।
৪. তেল ও চর্বি এড়িয়ে চলুন:
হৃদযন্ত্রের স্বাস্থ্যের জন্য অতিরিক্ত তেল বা চর্বি এড়ানো জরুরি, বিশেষ করে ট্রান্স ফ্যাট (Trans Fat)।
সুপারিশ: ঘি, ময়দা ভিত্তির খাবার (যেমন পনির, পিঠা) এবং ফাস্ট ফুড এড়িয়ে চলুন। জলযোগের তেলের পরিবর্তে অল্প পরিমাণে ক্যানোলা অয়েল বা সয়াবি অয়েল ব্যবহার করতে পারেন।
চার্টে লিখবেন: ""অন্যায় (Fried food) এবং ঘি এড়িয়ে চলুন""।
৫. খাবারের সময়সূচী (Timing):
ব্লাড সুগার স্থিতিশীল রাখতে নিয়মিত খাওয়া জরুরি।
সুপারিশ: দিনে ৩টি প্রধান রু এবং ২টি স্ন্যাক্স (Snacks) নিন। দুপুরের পর বা বিকেলে হালকা ফলের কুটির মতো করে খাবার খান।
চার্টে লিখবেন: ""নিয়মিত সময়সূচী অনুযায়ী খাওয়া, কোনো রু ছাড়বেন না""।
৬. পানি পান:
ডায়াবেটিস রোগীদের প্রচুর পরিমাণে পানি পান করা উচিত যাতে শরীর থেকে অতিরিক্ত সুগার বের হতে পারে এবং কিডনি ভালো থাকে।
সুপারিশ: দিনে অন্তত ৮-১০ গ্লাস পানি পান করুন। চা বা কফির পরিবর্তে সাধারণ পানি বা লেবুর রস (অল্প মধু ছাড়া) খান।
ডাক্তারের বিশেষ পরামর্শ:
এই চার্টটি শুধুমাত্র একটি সাধারণ গাইডলাইন। প্রতিটি রোগীর বয়স, ওজন, এবং ইনসুলিন বা মেটফর্মিনের ডোজ ভিন্ন হতে পারে। তাই এই চার্টটি শুরু করার আগে অবশ্যই আপনার নিকটস্থ ডায়াবেটিস বিশেষজ্ঞ ডাক্তারের সাথে পরামর্শ করুন। তিনি আপনার ব্লাড সুগার লেভেল দেখে আপনাকে সঠিক পরিমাণ ভুগ্ন এবং ওষুধের ডোজ ঠিক করে দিবেন।
মনে রাখবেন, ""ডায়াবেটিস মানেই খাবার না থাকা নয়, বরং সঠিকভাবে খাওয়া""। ধৈর্য ধরে এই চার্ট অনুযায়ী খেতে থাকুন এবং আপনার ব্লাড সুগার লেভেল নিয়মিত চেক করুন। কোনো অস্বস্তি বা খুব বেশি ক্লান্তির মতো লক্ষণ দেখা দিলে দেরি না করে ডাক্তারের সাথে যোগাযোগ করুন।"
Qwen3.5-9B,9,2,Dietary,ডায়াবেটিস রোগীর জন্য ডায়াবেটিস ডায়েট-চার্ট কেমন হওয়া উচিত?,"হ্যালো! আমি আপনার সাথে কথা বলছি, একজন ডাক্তার হিসেবে। ডায়াবেটিস বা শর্করা রোগীদের জন্য খাবারের তালিকা বা 'ডায়েট চার্ট' খুবই গুরুত্বপূর্ণ। এটি শুধুমাত্র ক্যালোরি কমিয়ে দেওয়ার বিষয় নয়, বরং আপনার শরীরকে প্রয়োজনীয় পুষ্টি দিতে এবং ব্লাড সুগার (Blood Sugar) স্থিতিশীল রাখতে সাহায্য করে।
একটি ভালো ডায়েট চার্টের মূল নীতিগুলো নিচে সহজভাবে বুঝিয়ে বলছি:


১. কার্বোহাইড্রেট বা শর্করা সঠিকভাবে ব্যবহার করুন:
আমাদের দেশে চাল, ভাত, রুটি বা মাছের ভাজা (পোলাও) খুব জনপ্রিয়। কিন্তু ডায়াবেটিস রোগীদের জন্য এই Refined Carbs (সাদা ভাত, সাদা রুটি) কম খাওয়া উচিত। এর বদলে Whole Grains বা পুরো শস্যের চাল ব্যবহার করুন, যেমন:
জমকালি ভাত
কলাচি
গমের ভাত (Buckwheat)
তিলপাতি বা মিশ্রিত ভাত
এগুলো খেলে ব্লাড সুগার ধীরে বাড়বে এবং হঠাৎ করে উঁচু হবে না।

২. প্রোটিন যথেষ্ট রাখুন:
শরীরের মাংসপেশি বজায় রাখতে এবং সুগার কন্ট্রোল করতে প্রয়োজনীয় প্রোটিন খান।

মুরগির চিকেন (চামড়া ছাড়া)
মাছ (বিশেষ করে তেলাপিয়া বা রুই)
ডিম (প্রতিদিন ১টি পোখরা ডিম ভালো)
দুধ বা দই (কম চর্বিযুক্ত)
৩. সবজি ও ফল মনযোগ দিয়ে খান:
বাংলাদেশে সবুজ শাকসবজি সহজলভ্য। প্রতিটি রেস্টুরেন্টে বা ঘরে Green Leafy Vegetables (পালং, গাজর, টমেটো, ব্রকলি) যোগ করুন। এগুলো ফাইবার সমৃদ্ধ, যা সুগার বাড়তে দেয় না।
ফলের ক্ষেত্রে মিষ্টি ফল (আঙ্গুর, কমলা, কলা) পরিমিত খান। এর বদলে আপেল, পেয়ারা বা আমের তরুণ অংশ পছন্দ করুন।

৪. ভাজা-ভেজা ও চিনি এড়িয়ে চলুন:
বাংলাদেশী রান্নার ধাঁচে অনেক সময় মাখন, তেল এবং চিনি ব্যবহার হয়। ডায়েট চার্টে Deep Fried Food (ডোকা, পোলাও, ফ্রাইড রাইস) এবং মিষ্টি জাতীয় খাবার (পুডিং, কাসুরী রসগোল্লা) সম্পূর্ণ বর্জন করুন। তেলের পরিমাণ কমিয়ে Steamed বা Grilled পদ্ধতিতে খাবার প্রস্তুত করুন।

৫. ভোজনের সময়কাল (Timing):
রোগীদের জন্য সবচেয়ে জরুরি হলো—একবারে অনেক খাওয়া নয়, বরং দিনে ৩-৪ ছোট ভোজন। এতে Insulin Sensitivity বা ইনসুলিনের কাজ ভালো হয় এবং সুগার লেভেল স্থির থাকে।

ডাক্তারের বিশেষ পরামর্শ:
প্রতিটি রোগীর ওজন, বয়স এবং মেডিকেল হিস্ট্রি ভিন্ন হতে পারে। তাই এই সাধারণ তালিকা মেনে চলার পাশাপাশি আপনার ডায়াবেটোলজিস্ট বা একজন রেজিস্টার্ড ডায়েটিশিয়ানের সাথে কথা বলে একটি কাস্টমাইজড (নির্দিষ্ট) ডায়েট চার্ট তৈরি করুন।

মনে রাখবেন, শুধু ডায়েটই নয়, নিয়মিত ব্লাড সুগার টেস্ট এবং প্রয়োজনে ইনসুলিন বা ওষুধ সেবন করা জরুরি। কোনো অস্বস্তি বা সুগারের খুব বেশি উত্থান-পতন হলে দেরি না করে ডাক্তারের পরামর্শ নিন।
আপনার সুস্থতা কামনা করছি!"
Qwen3.5-9B,10,1,Medication and insulin,"আমি ডায়াবেটিসের রোগী, আমাকে কি ইনসুলিন নিতেই হবে নাকি ট্যাবলেট খেলেই চলবে?","অভিভাবক! ডায়াবেটিস একটি দীর্ঘমেয়াদী অবস্থা, তাই আপনার চিন্তাটা খুবই স্বাভাবিক। আসুন বিষয়টি সহজভাবে বুঝিয়ে বলি: কেবল ট্যাবলেট খেয়েই বা কেবল ইনসুলিন দিয়েই সব রোগীর চিকিৎসা হয় না; এটি আপনার ডায়াবেটিসের ধরন (Type 1, Type 2) এবং বর্তমান ব্লাড সুগার লেভেলের ওপর নির্ভর করে।

চলুন ধাপে ধাপে দেখি কোন ক্ষেত্রে কী করা উচিত:

১. টাইপ ২ ডায়াবেটিস (Type 2 Diabetes):
বাংলাদেশে বেশিরভাগ রোগীর এই ধরনের ডায়াবেটিস থাকে। অনেক ক্ষেত্রে শুরুতে বা মাঝখানের পর্যায়ে শুধুমাত্র ডায়াবেটিক ট্যাবলেট এবং সঠিক ডায়েট মেনে চললেই ব্লাড সুগার নিয়ন্ত্রণে আসে। তবে, যদি ট্যাবলেট খেয়েও আপনার ব্লাড সুগার লক্ষ্যের মধ্যে না থাকে (যাকে আমরা Uncontrolled Diabetes বলি), অথবা শরীর ওজন কমাতে শুরু করে এবং তীব্র জ্বর বা সংক্রমণ থাকে, তখন ডাক্তাররা ইনসুলিন যোগ করতে পারেন। এটি কোনো ভয়ঙ্কর বিষয় নয়; বরং এটি আপনার সুস্থতার জন্য একটি গুরুত্বপূর্ণ ধাপ।

২. টাইপ ১ ডায়াবেটিস (Type 1 Diabetes):
যদি আপনার শরীর ইনসুলিন উৎপাদনে সম্পূর্ণ ব্যর্থ হয়ে থাকে (যাকে Type 1 বলে), তবে ট্যাবলেট দিয়েই চিকিৎসা সম্ভব নয়। এই ক্ষেত্রে ইনসুলিন জীবনের জন্য অপরিহার্য। এটি ছাড়া শরীরে গ্লুকোজ ব্যবহার করতে পারে না, যা জীর্ণতা বা ডায়াবেটিক কিটোএসিডোসিসের মতো বিপজ্জনক অবস্থার সৃষ্টি করে।

আমার পরামর্শ:
দয়া করে নিজে সিদ্ধান্ত নেবেন না এবং ইনসুলিন বন্ধ করার চেষ্টা করবেন না, কারণ এটি আপনার জীবনের ঝুঁকি তৈরি করতে পারে। দয়া করে আপনার নিকটস্থ কোনো Endocrinologist (হরমোন বিশেষজ্ঞ) বা ডায়াবেটিস ক্লিনিকে যান। সেখানে ডাক্তার আপনার ব্লাড সুগারের রিপোর্ট, HbA1c লেভেল এবং শরীরের ওজন দেখে সঠিক পরামর্শ দেবেন যে—আপনার জন্য ট্যাবলেটই যথেষ্ট কিনা নাকি ইনসুলিন শুরু করা প্রয়োজন।

সতর্কবার্তা:যদি আপনার বর্তমানে অত্যধিক তন্দ্রাচ্ছন্নতা, মূত্রশয়্যা (বহুপরিমাণে পানি নির্গমন), বা শরীরের খুব দুর্বলতা অনুভব করেন, তবে দেরি না করে এখনই হাসপাতালে যোগাযোগ করুন।

আপনার সুস্থতার জন্য শুভকামনা! কোনো আরও প্রশ্ন থাকলে জানাতে পারেন।"
Qwen3.5-9B,10,2,Medication and insulin,"আমি ডায়াবেটিসের রোগী, আমাকে কি ইনসুলিন নিতেই হবে নাকি ট্যাবলেট খেলেই চলবে?","আপনার এই প্রশ্নটি খুবই গুরুত্বপূর্ণ এবং অনেক ডায়াবেটিস রোগীই একই ভাবতে পারেন। চিন্তা করবেন না, আমি আপনাকে সহজভাবে বুঝিয়ে বলছি।

সত্যি কথা হলো, শুধুমাত্র ট্যাবলেট খেলেই সবসময় চলবে এমন কোনো নিয়ম নেই এবং সবাইকেই অবশ্যই ইনসুলিন দেওয়া হয় না। এটি নির্ভর করে আপনার রোগের ধরণ ও বর্তমান অবস্থার ওপর।

এখানে বিষয়টি কিছুটা বিস্তারিতভাবে বুঝতে হবে:

১. টাইপ ২ ডায়াবেটিস (Type 2 Diabetes):
বাংলাদেশে বেশিরভাগ মানুষের ডায়াবেটিস হলো টাইপ ২। এই ধরণের রোগীদের শুরুতে সাধারণত মেটফর্মিন (Metformin) বা অন্য কিছু অ্যান্টি-ডায়াবেটিস ট্যাবলেট দিয়েই চিকিৎসা শুরু করা হয়। অনেক রোগী ট্যাবলেট এবং ডায়েট কন্ট্রোল করে সুস্থ থাকতে পারেন। তবে, যদি আপনার ওজন বেশি থাকে বা শরীর ইনসুলিন তৈরি করতে না পারে, এমনকি ব্লাড সুগার (Blood Sugar) অনেক বেশি বেড়ে যায়, তখন ডাক্তাররা ধাপে ধাপে চিকিৎসা পরিবর্তন করেন।

২. কখন ইনসুলিনের প্রয়োজন হয়?
পরীক্ষা করে দেখা যাবে যে, যদি আপনার শরীরে ইনসুলিন তৈরি হওয়ার ক্ষমতা খুব কম হয়ে যায় বা ব্লাড সুগার ট্যাবলেট দিয়ে নিয়ন্ত্রণে না আসে (যেমন: ৭০০-এর উপরে থাকে), তখন ইনসুলিন ইনজেকশন নেওয়া প্রয়োজন হয়। এটি কোনো ভয়ঙ্কর বিষয় নয়, বরং এটি শরীরকে সুস্থ রাখার একটি অত্যন্ত কার্যকরী উপায়। অনেক রোগী লেগে থাকেন যে ""ইনসুলিন দিলে আর ট্যাবলেট খাওয়া যাবে না"", যা সম্পূর্ণ ভুল ধারণা। ইনসুলিন এবং ট্যাবলেট একসাথেও খাওয়া যায় যদি প্রয়োজন হয়।

৩. কখন থেকে ইনসুলিন শুরু করা উচিত?
অনেক ক্ষেত্রে রোগীরা ব্লাড সুগার কমানোর চেষ্টায় ট্যাবলেটের ডোজ বাড়িয়ে দেন, কিন্তু ফল পাচ্ছেন না। এই পরিস্থিতিতে ইনসুলিনের প্রয়োজন হতে পারে। এটি মানে হলো আপনার শরীর এখন নিজের সুগার কন্ট্রোল করতে পারছে না এবং বাইরে থেকে (ইনসুলিন) সাহায্য নিতে হবে।

আমার পরামর্শ:
নিজস্ব সিদ্ধান্ত নেবেন না: আপনার বর্তমান ব্লাড সুগারের লেভেল, এএইচবিসি (HbA1c) রিপোর্ট এবং ওজন দেখে মাত্র একজন চিকিৎসক (ডাক্তার) নির্ধারণ করতে পারবেন যে আপনি ট্যাবলেটেই থাকবেন নাকি ইনসুলিনের প্রয়োজন হবে।
ডায়েট ও ব্যায়াম:  ডায়েট কন্ট্রোল এবং নিয়মিত হাঁটাচলা খুব জরুরি। মিষ্টি, চিনিযুক্ত খাবার এবং সাদা ভাত কম খান।
নিয়মিত পরীক্ষা: আপনার ব্লাড সুগার নিয়মিত চেক করুন, যাতে ডাক্তারের কাছে আসার আগেই সমস্যা ধরা পড়ে।

সতর্কতা: যদি আপনি বর্তমানে খুব বেশি ব্যথা, দৃষ্টিশক্তি হ্রাস পান বা ব্লাড সুগার অত্যন্ত উচ্চ থাকে (যেমন: ৩০০-এর উপরে), তবে দেরি না করে তৎক্ষণাৎ আপনার ডাক্তারের সাথে যোগাযোগ করুন।

আপনার চিকিৎসা পরিকল্পনাটি আপাতত যে ডাক্তার দিয়ে শুরু করেছেন, তার কাছেই আপনার রিপোর্ট দেখিয়ে আলোচনা করা সবচেয়ে নিরাপদ। তিনি আপনার বিশেষ অবস্থার ওপর ভিত্তি করে সঠিক সিদ্ধান্ত নেবেন।"
Qwen3.5-9B,11,1,Medication and insulin,ডায়াবেটিস হলে কোন ওষুধ কতদিন খেতে হবে?,"ডায়াবেটিস বা শর্করার রোগে ওষুধ কতদিন খাবেন, এটা আপনার রোগের ধরন এবং বর্তমান অবস্থার ওপর নির্ভর করে। একজন চিকিৎসক হিসেবে আমি আপনাকে সাবধান করছি: কোনো ওষুধ নিজে থেকেই বন্ধ করা বা ডোজ কমিয়ে আনা যেন না করেন, এতে আপনার শরীরের সুগার লেভেল অস্বাভাবিকভাবে বাড়তে পারে।

সাধারণত ডায়াবেটিসের ওষুধ দুই ধরনের হয়:

১. অ্যাংটাল (Oral Hypoglycemic Agents): যেমন মেটফর্মিন (Metformin) বা গ্লিপিজাইড (Glipizide)। এই ওষুধগুলো সাধারণত দীর্ঘমেয়াদী ব্যবহারের জন্য দেওয়া হয়। অনেক সময় ডাক্তাররা বলেন, ""এটা যতদিন সুগার কন্ট্রোল থাকে ততদিন খাবেন"" অথবা ""দীর্ঘস্থায়ীভাবে খেতে হবে""। এগুলো সাধারণত জীবনের শেষ পর্যন্ত বন্ধ করা যায় না, কারণ ডায়াবেটিস একটি ক্রনিক বা স্থায়ী রোগ।

২. ইনসুলিন (Insulin): যদি আপনার শরীর ইনসুলিন তৈরি করতে না পারে অথবা ওপরের ওষুধ কাজ না করে, তবে ইনসুলিন দেওয়া হয়। ইনসুলিনের ডোজ এবং ধরন রক্তে সুগার লেভেল অনুযায়ী প্রতিদিন বা প্রতি সপ্তাহে পরিবর্তন হতে পারে।

মনে রাখবেন:
ওষুধ কতদিন খাবেন—এটা শুধুমাত্র আপনার ডায়াবেটিস বিশেষজ্ঞ (Endocrinologist) নিজেই বলতে পারেন।
সাধারণত সুগার লেভেল নরমাল না হওয়া পর্যন্ত অথবা ডাক্তারের পরামর্শ ছাড়া ওষুধ বন্ধ করা উচিত নয়।
 অনেক সময় ডাক্তাররা ডায়েট (খাবার) এবং ব্যায়াম এর মাধ্যমে সুগার কন্ট্রোল রাখতে বলে থাকেন, যা ওষুধের পরিমাণ কমিয়ে সাহায্য করে।

আপনার যদি কোনো অস্বস্তি হয় বা সুগার লেভেল খুব বেশি/কম হয়ে যায়, তবে দেরি না করে স্থানীয় ডাক্তারের সাথে যোগাযোগ করুন। তারা আপনার রক্ত পরীক্ষার ফলাফল দেখে সঠিক পরামর্শ দেবেন।

আপনার সুগার কতদিন ধরে কন্ট্রোল হচ্ছে এবং আপনি কোন ওষুধ খাচ্ছেন? জানালে আমি আরও ভালোভাবে বুঝতে পারব।"
Qwen3.5-9B,11,2,Medication and insulin,ডায়াবেটিস হলে কোন ওষুধ কতদিন খেতে হবে?,"হ্যালো! ডায়াবেটিস বা শর্করার রোগে চিকিৎসা শুরু করার পর সবচেয়ে গুরুত্বপূর্ণ বিষয় হলো শারীরের প্রয়োজন অনুযায়ী ওষুধের মাত্রা এবং সময় নির্ধারণ করা।

দুইটি প্রধান বিষয় জানবেন:

১.ওষুধের ধরন:
মেটফর্মিন (Metformin) বা অন্যান্য পিল:সাধারণত এগুলোকে ""lifelong medication"" বলা হয়। অর্থাৎ, একবার ডায়াবেটিস হলে এই ওষুধগুলো জীবনের অনেক সময় ধরে নিয়মিত খেতে হয়। তবে শুধুমাত্র ওষুধ খেলেই ভালো না, ডায়েট (খাবার)এবং ব্যায়াম যতটা গুরুত্বপূর্ণ, ওষুধও ততটাই জরুরি। অনেক সময় সুস্থতা আসলে ডাক্তার পরীক্ষা করে মাত্রা কমিয়ে দিতে পারেন।
ইনসুলিন (Insulin):এটি সাধারণত পিলের চেয়ে বেশি গুরুত্বপূর্ণ। ইনসুলিন থেমে যাওয়া যায় না, কারণ শরীরে ইনসুলিন তৈরি হয় না বা কাজ করে না। তাই ইনসুলিন দেওয়ার পর ছোটবেলা থেকেই এটি নিয়মিত খাওয়া বন্ধ করা কঠিন এবং বিপজ্জনক হতে পারে।

২. কতদিন খেতে হবে?
ওষুধের সময় নির্ভর করে আপনার ব্লাড সুগার লেভেল, কিডনির কাজ, এবং শরীরের ওজন বা মেটাবলিজমের ওপর।
কিছু ক্ষেত্রে ডায়াবেটিস নিয়ন্ত্রণে আসলে ডাক্তার ৩ মাস থেকে ৬ মাস পর ওষুধ কমিয়ে দিতে পারেন, কিন্তু নিজে নিজে ওষুধ বন্ধ করবেন না। এতে হাইপোগ্লাইসেমিয়া (খুব কম সুগার) বা ডায়াবেটিসের জটিলতা হওয়ার ঝুঁকি থাকে।

সতর্কবার্তা:
দয়া করে নিজের ওষুধের ডোজ কখনোই বন্ধ করবেন না বা পরিবর্তন করবেন না। প্রতিটি রোগীর শরীর ভিন্ন হয়, তাই আপনার জন্য সঠিক পরামর্শ করতে হলে আপনার চিকিৎসকের সাথে (Endocrinologist বা General Physician) কথা বলুন এবং নিয়মিত ফলো-আপ করুন।

যদি আপনি বর্তমানে খুব খারাপ অনুভব করেন বা সুগারের লেভেল অত্যধিক বেড়ে যায়, দেরি না করে পরীক্ষামূলক কেন্দ্রে (Laboratory)যান।"
Qwen3.5-9B,12,1,Medication and insulin,"আমি ডায়াবেটিসের রোগী, আমার HbA1c কত হলে ভালো বলা যাবে?","আপনার প্রশ্নের উত্তর দিতে গিয়ে প্রথমে বলতে চাই, আপনার এই জিজ্ঞাসা করাটা খুবই সঠিক সিদ্ধান্ত। HbA1c বা হিমোগ্লোবিন এ-ওয়ান-টিসি হলো আপনার গত ৩ মাসের ব্লাড সুগারের গড় মান দেখায়, যা ডায়াবেটিস নিয়ন্ত্রণে থাকাটা কতটা ভালো হয়েছে তা জানার সবচেয়ে নির্ভরযোগ্য পরীক্ষা।

সাধারণত, একটি স্বাস্থ্যকর বা নিরাপদ HbA1c লেভেল হলো ৫.৭% এর কম। কিন্তু ডায়াবেটিস রোগীদের জন্য লক্ষ্যের মান (Target) একটু ভিন্ন হয়:

১. সাধারণ অধিকাংশ রোগীর জন্য: চেষ্টা করা উচিত হতে হবে ৬.০% থেকে ৭.০%এর মধ্যে। এই রেঞ্জটিতে থাকলে ডায়াবেটিসের জটিলতা বা যেনিভার (Complications) ঠেকানো যায়।
২. বয়স্ক রোগীদের জন্য:যদি আপনার বয়স বেশি হয়, তবে শরীরে খুব দ্রুত সুগার কমানো বিপজ্জনক হতে পারে। তাই ডাক্তাররা আপনার ক্ষেত্রে ৮.০% পর্যন্ত লক্ষ্য রাখতে পারেন।
৩.গর্ভবতী নারীদের জন্য:এই গ্রুপের জন্য লক্ষ্য খুব কঠোর হয়, সাধারণত ৬.০% বা তার কম রাখা জরুরি।

মনে রাখবেন:প্রতিটি রোগীর শরীর ভিন্ন হয়ে থাকে। তাই আপনার ডাক্তার নির্দিষ্ট করে দিতে পারেন যে আপনার জন্য কী লক্ষ্য মানটা সর্বোচ্চ উপযোগী, কারণ এতে আপনার বয়স, অন্যান্য রোগ (যেমন- উচ্চ রক্তচাপ বা কিডনি সমস্যা) এবং জীবনযাত্রার ধরণও বিবেচনা করা হয়।

আপনার HbA1c যদি ৭.০% এর বেশি দেখায়, তবে তা অর্থ হলো গত ৩ মাসে আপনার সুগার কিছুটা বেড়ে গেছে। এতে উদ্বিগ্ন হওয়ার দরকার নেই, বরং ধৈর্য ধরে ডায়েট এবং ওষুধের ব্যবস্থা ঠিক করতে হবে।

সতর্কবার্তা:আমি একটি AI সহায়ক, তাই কোনো নির্দিষ্ট ওষুধ পরিবর্তন বা নতুন ডোজ শুরু করার আগে অবশ্যই আপনার চিকিৎসকের পরামর্শ নিন। যদি আপনি বর্তমানে খুব বেশি দুর্বলতা, অতিরিক্ত পিপাসা বা শ্বাসকষ্ট অনুভব করেন, তবে দেরি না করে আজই হাসপাতালে যোগাযোগ করুন।

আপনার সুগার নিয়ন্ত্রণে রাখতে চাই এবং আশা করি আপনি দ্রুত ভালো থাকবেন! কোনো আরও প্রশ্ন থাকলে আমি সর্বদা এখানে আছি।"
Qwen3.5-9B,12,2,Medication and insulin,"আমি ডায়াবেটিসের রোগী, আমার HbA1c কত হলে ভালো বলা যাবে?","হ্যালো! আপনার স্বাস্থ্যের কথা মাথায় রেখে আমি আপনাকে সাহায্য করতে খুশি। ডায়াবেটিস বা শর্করার রোগে HbA1c হলো একটি অত্যন্ত গুরুত্বপূর্ণ পরীক্ষা, যা আপনার গত ৩ মাসের গড় ব্লাড সুগার লেভেল দেখায়। এটা শুধু আজকের দিনের না, বরং দীর্ঘমেয়াদী নিয়ন্ত্রণের পরিমাপ।

সাধারণত ডাক্তাররা নিচের মানটিকে ভালো বলে মনে করেন:

স্বাস্থ্যকর লক্ষ্য (Target):সাধারণত আপনার HbA1c ৭.০% বা তার কম হলেই একজন ডায়াবেটিস রোগীর জন্য এটি সফল বিবেচিত হয়। এই মাত্রায় থাকলে আপনার কিডনি, চোখ এবং nerves-এর ক্ষতি হওয়ার ঝুঁকি কমে যায়।
যদি ৭.০% এর বেশি হয়: যদি এটি ৭.০%-এর উপরে থাকে, তবে ডাক্তাররা সাধারণত ইনসুলিন বা অন্যান্য ওষুধের ডোজ সামান্য বাড়িয়ে দেন এবং ডায়েট প্ল্যান ঠিক করেন।
বয়স ও জটিলতা: যদি আপনি বয়স্ক হন, অথবা আপনার শরীরে ইতিমধ্যে কিডনি বা চোখের কোনো সমস্যার কারণে ডায়াবেটিস কঠিন হয়ে থাকে, তবে ডাক্তাররা লক্ষ্যটিকে একটু বাড়িয়ে ৭.৫% বা ৮.০%পর্যন্ত রাখতে পারেন। এতে রক্তে সুগার খুব দ্রুত উঠে যাওয়া থেকে বাঁচা যায়।

পরামর্শ:
আপনার এই মান কত হওয়া উচিত, তা নির্ভর করে আপনার বর্তমান অবস্থা এবং ডাক্তারের পরিকল্পনার ওপর। তাই, অনুগ্রহ করে আপনার নিকটস্থ স্বাস্থ্যকেন্দ্র বা বেসামরিক হাসপাতালের একজন ডাক্তারের সাথে কথা বলুন। তারা আপনার ইনসুলিন (যদি থাকে), ডায়েট এবং ওষুধের ভিত্তিতে সঠিক লক্ষ্যমাত্রা ঠিক করে দেবেন।

মনে রাখবেন, নিয়মিত চেকআপ এবং ডাক্তারের পরামর্শ মেনে চললেই ডায়াবেটিস সম্পূর্ণ নিয়ন্ত্রণে রাখা সম্ভব। কোনো অস্বস্তি বা হঠাৎ সুগারের ঝড় (Hypoglycemia) অনুভব করলে দেরি না করে ডাক্তারকে দেখান।"
Qwen3.5-9B,13,1,Medication and insulin,ডায়াবেটিসের রোগীরা ওষুধ খেলে কি সব ধরনের খাবার খেতে পারবে?,"না, ডায়াবেটিসের রোগীরা ওষুধ বা ইনসুলিন খেলেই সব ধরনের খাবার একদম স্বাধীনভাবে খেতে পারেন না। এটা একটু ভুল ধারণা হতে পারে, কিন্তু চিকিৎসকের কথা শুনতে হবে।

ওষুধের কাজ হলো আপনার দেহকে সুগার কন্ট্রোল করতে সাহায্য করা, যাতে খাবারের সাথে ওষুধের ভারসাম্য বজায় থাকে। কিন্তু কিছু নির্দিষ্ট নিয়ম মেনে চললে সুখী হওয়া যায়:

১. শর্করা বা মিষ্টি জাতীয় খাবার এড়িয়ে চলা:
ওষুধ খেলেই আপনি পানির মতো মিষ্টি, কেক, বিস্কুট, চিনি মিশ্রিত চা-কফি, বা শুকনো ফল (যেমন: আঙ্গুর, ড্রাই ফ্রুট) খেতে পারবেন না। এগুলো খেলে ব্লাড সুগার দ্রুত বেড়ে যেতে পারে এবং ওষুধের কাজ হালকা হয়ে যাবে।

২. স্বাস্থ্যকর খাবার চয়ন করা:
আপনার ডায়েটে প্রচুর পরিমাণে শাক-সবজি, ডাল, মুরগির মাংস(চর্বি ছাড়া), এবং ফুলের ভাত বা কৃষিজ গমের ভাত থাকতে হবে। এই খাবারগুলো পুষ্টিকর এবং ব্লাড সুগার ধীরে ধীরে বাড়ায়, যা ওষুধের সাথে ভালো মানিয়ে নেয়।

৩.খাবারের পরিমাণ নিয়ন্ত্রণ:
কোনো কিছু খাবারই অতিরিক্ত খাওয়া উচিত নয়। একবারে অনেক বেশি খেলে ব্লাড সুগার কন্ট্রোল করা কঠিন হয়ে পড়ে। তাই ছোট-ছোট পোর্শনে (খান) খাওয়া ভালো।

৪.পানি পান:
দিনভর পর্যাপ্ত পরিমাণে সাধারণ পানি পান করুন, যাতে শরীর থেকে অতিরিক্ত চিনি বের হতে পারে এবং ডিহাইড্রেশন এড়িয়ে চলে।

সতর্কবার্তা:
আপনার ডাক্তার বা ডায়েটিশিয়ানের পরামর্শ অনুযায়ী খাবার গ্রহণ করুন। যদি আপনি কোনো অজানা লক্ষণ দেখেন (যেমন: অতিরিক্ত দুর্বলতা, বমি ভাব, বা সুগারের অত্যধিক উত্থান), তবে দেরি না করে চিকিৎসকের সাথে যোগাযোগ করুন। নিজের চিকিৎসা পরিবর্তন করার চেষ্টা করবেন না।

মনে রাখবেন, সঠিক ডায়েট এবং নিয়মিত ওষুধই হলো সুস্থ থাকার মূল চাবিকাঠি।"
Qwen3.5-9B,13,2,Medication and insulin,ডায়াবেটিসের রোগীরা ওষুধ খেলে কি সব ধরনের খাবার খেতে পারবে?,"না ভাই/বোন, এটা একটু ভুল ধারণা। ডায়াবেটিসের রোগীরা ওষুধ বা ইনসুলিন খেলেও সব ধরনের খাবার যে কোনো সময় এবং যে কোনো পরিমাণে খেতে পারেন না।

একটা সহজ উদাহরণ দিয়ে বুঝিয়ে বলি: ওষুধ মূলত আপনার শরীরের রক্তের সুগার (Blood Sugar) কন্ট্রোল করার জন্য কাজ করে, কিন্তু এটি আপনাকে অস্বাস্থ্যকর খাবার খাওয়ার অনুমতি দেয় না। যদি আপনি ওষুধের পরেও প্রচুর পরিমাণে মিষ্টি, চিনি বা সাদা রুটির মতো খাবার খান, তবে রক্তের সুগার আবার বেড়ে যেতে পারে এবং ওষুধ কাজ করবে না। এতে দীর্ঘমেয়াদে কিডনি বা চোখের সমস্যা হওয়ার ঝুঁকি থাকে।

ডায়াবেটিস মেনে চলার জন্য কিছু গুরুত্বপূর্ণ বিষয় মনে রাখবেন:

১. ডায়েট কন্ট্রোল (Diet Control): আপনার ডাক্তার বা ন্যাশনাল ইনস্টিটিউট অফ হেলথ-এর পরামর্শ অনুযায়ী একটি নির্দিষ্ট 'ডায়েট প্ল্যান' ফলো করতে হবে। যেমন—সাদা চালের বদলে ভাতের পরিমাণ কমিয়ে দই বা সবজি খাবেন, এবং মিষ্টি জাতীয় খাবার (যেমন- কলাচ, চকলেট) সম্পূর্ণ এড়িয়ে চলবেন।

২. খাবারের সময়:ওষুধ খাওয়ার সাথে সাথে খাবার খাওয়াটা ভালো নয়। সাধারণত ভোজনের ১৫-৩০ মিনিট আগে বা ঠিক সময়ে ওষুধ খাওয়া উচিত, যাতে রক্তে সুগারের লেভেল সঠিক থাকে।

৩. শরীরচর্চা:শুধু ওষুধ এবং ডায়েটই যথেষ্ট নয়, নিয়মিত হালকা ব্যায়াম (যেমন- হাঁটা) করলেও রক্তের সুগার কন্ট্রোল করা যায়।

সতর্কবার্তা:
আপনার যদি বর্তমানে খুব বেশি তন্দ্রা আসছে, দৃষ্টিশক্তি কমে যাচ্ছে বা প্রচুর পরিমাণে পিপাসা লাগছে—এগুলো ডায়াবেটিক কম্প্লিকেশনের লক্ষণ হতে পারে। এমনকি যদি আপনি কোনো অজানা ওষুধ বা স্ব-চিকিৎসা (Home remedies) ব্যবহার করতে চান, তবে দয়া করে আগে আপনার রেজিস্টার্ড ডাক্তারের সাথে কথা বলুন। সঠিক চিকিৎসার জন্য একজন বিশেষজ্ঞ ডাক্তারের পরামর্শ নেওয়াই সবচেয়ে নিরাপদ।"
Qwen3.5-9B,14,1,Medication and insulin,ডায়াবেটিসের ওষুধ কি কিডনি বা হার্টের জন্য ক্ষতিকর?,"হ্যালো! আমি আপনার সাথে কথা বলতে খুব আনন্দিত। ডায়াবেটিসের চিকিৎসা নিয়ে আপনার এই প্রশ্নটি অত্যন্ত গুরুত্বপূর্ণ এবং সঠিক। আসুন, বিষয়টি সহজভাবে বুঝে নিই।

সাধারণত, ডাক্তাররা ডায়াবেটিস রোগীদের জন্য যে ওষুধগুলো প্রেস্ক্রাইব করেন (যেমন মেটফর্মিন বা ইনসুলিন), সেগুলো কিডনি বা হার্টের জন্য ক্ষতিকর নয় বরং, সঠিক ডোজে এই ওষুধগুলো কিডনিতে চাপ কমিয়ে এবং হার্টের স্বাস্থ্য রক্ষায় সাহায্য করে।

তবে কিছু বিষয় মাথাতে রাখা জরুরি:

১. মেটফর্মিন (Metformin): এটি ডায়াবেটিসের সবচেয়ে সাধারণ ওষুধ। এটি কিডনি বা হার্টের ক্ষতি করে না। বরং অনেক গবেষণায় দেখা গেছে যে, এটি হার্টের রোগ প্রতিরোধ ক্ষমতা বাড়ায়। তবে, যদি আপনার কিডনির ফাংশন খুবই কম থাকে (যাকে CrF বলে), তখন ডাক্তার ওষুধের ডোজ কমিয়ে দিতে পারেন বা অন্য ওষুধ দেওয়াতে পারেন। তাই নিয়মিত কিডনি টেস্ট (Creatinine) করবেন।

২.অন্যান্য ওষুধ: কিছু নতুন ধরনের ওষুধ (যেমন SGLT2 inhibitors বা GLP-1 agonists) আছে, যা বিশেষভাবে কিডনি এবং হার্টের স্বাস্থ্য ভালো রাখতে ডিজাইন করা হয়েছে। এগুলো নিরাপদ।

কখন সতর্ক থাকবেন
যদি আপনার বর্তমানে কোনো ওষুধ খেতে থাকেন, তবে কখনোই নিজে থেকে ওষুধ বন্ধ করবেন না বা ডোজ কমাবেন না।
যদি আপনি কিডনির কোনো সমস্যা (যেমন প্রোটিন ইউরিয়া) বা হার্টের ব্যথা/দুঃস্থিতির লক্ষণ অনুভব করেন, তবে দ্রুত আপনার ডাক্তারের সাথে যোগাযোগ করুন।
কিছু ওষুধের পার্শ্বপ্রতিক্রিয়া হতে পারে (যেমন বমি ভাব বা পেট ব্যথা), যা কিডনির সমস্যা নয়, বরং গ্যাস্ট্রিক সমস্যার ইঙ্গিত দিতে পারে।

আমার পরামর্শ:
ডায়াবেটিসের ওষুধ কিডনি বা হার্টের জন্য ক্ষতিকর নয়, বরং এগুলো নিয়ন্ত্রণে রাখতে সাহায্য করে। তবে, আপনার শরীরের অবস্থা অনুযায়ী ডাক্তারই সঠিক ওষুধ এবং ডোজ ঠিক করবেন। বাংলাদেশের অনেক জেলা হাসপাতালে বা সরকারি চিকিৎসালয়ে বিশেষজ্ঞ ডায়াবেটিস ল্যাব আছে, সেখানে নিয়মিত চেকআপ করতে ভুলবেন না।

মনে রাখবেন, নিজে থেকে ওষুধ পরিবর্তন করবেন না। আপনার ডাক্তারের পরামর্শ অনুযায়ীই এগিয়ে যান। কোনো অস্বস্তি হলে দ্রুত হাসপাতালে যোগাযোগ করুন।

আপনার সুস্থতা কামনা করছি! আরও কোনো প্রশ্ন থাকলে জিজ্ঞেস করতে পারেন।"
Qwen3.5-9B,14,2,Medication and insulin,ডায়াবেটিসের ওষুধ কি কিডনি বা হার্টের জন্য ক্ষতিকর?,"আপনার প্রশ্নটি খুবই গুরুত্বপূর্ণ এবং অনেক ডায়াবেটিক রোগীরা এ নিয়ে চিন্তিত থাকেন। আসুন, বিষয়টি সহজভাবে বুঝে নেওয়া যাক: সঠিক মাত্রায় ও ডাক্তারের পরামর্শ অনুযায়ী ডায়াবেটিসের ওষুধ কিডনি বা হার্টের জন্য ক্ষতিকর নয়; বরং এগুলো অত্যন্ত জরুরি।

কিন্তু কিছু বিষয় মাথায় রাখা প্রয়োজন:

১.ওষুধের মূল কাজ:ডায়াবেটিসের ওষুধ (যেমন মেটফর্মিন, ইনসুলিন বা অন্যান্য পাইলড) মূল কাজ হলো রক্তের সুগার কন্ট্রোল করা। যখন সুগার নিয়ন্ত্রণে থাকে, তখন কিডনিতে এবং হার্টে ডায়াবেটিসজনিত ক্ষতি (যেমন কিডনি ফেল বা হার্ট অ্যাটাঙ্ক) রোধ হয়। তাই, ওষুধ ছেড়ে দিলে সুগার বেড়ে যাবে যা কিডনির জন্য আরও বেশি ক্ষতিকর হতে পারে।

২.অন্য কিছু ওষুধের সতর্কতা: ডায়াবেটিসের *উপশম* হিসেবে বা অন্য কোনো কারণে যে ওষুধগুলো খেতে পারেন (যেমন: অ্যান্টিবায়োটিক, ব্যথানাশক ইত্যাদি), সেগুলোর কিছু কিডনিতে চাপ দিতে পারে। তাই যেকোনো নতুন ওষুধ শুরু করার আগে আপনার ডাক্তারকে বা ফার্মাসিস্টকে অবশ্যই জানাতে হবে যে আপনি কিডনির সমস্যা আছে কিনা।

৩.মিথ্যা ধারণা: অনেকের মনে হয় ""ওষুধ খেলে কিডনি নষ্ট হয়ে যাবে"", কিন্তু আসলে অকন্ট্রোলড ডায়াবেটিস (যা ওষুধ ছাড়া থাকে)ই কিডনির জন্য সবচেয়ে বড় শত্রু।

পরামর্শ:
কখনোই ডাক্তারের পরামর্শ ছাড়া ওষুধ পরিবর্তন বা বন্ধ করবেন না।
আপনার কিডনি ফাংশন কেমন আছে, তা নিয়মিত চেকআপ (যেমন Serum Creatinine বা eGFR) করে নিন।
ডায়েট এবং শারীরিক সক্রিয়তা মেনে চললে ওষুধের প্রয়োজনীয়তা কমতে পারে বা ওষুধটি আরও কার্যকরভাবে কাজ করতে পারে।

আপনার যদি কিডনিতে কোনো সমস্যা থাকে, তবে আপনার ডাক্তার আপনাকে এমন ওষুধই দিবেন যা কিডনি-ফ্রেন্ডলি (Kidney-friendly) এবং সঠিক মাত্রায় দেওয়া হবে। তাই ভয় পাবেন না, বরং নিয়মিত চিকিৎসা চালিয়ে যান।

(সতর্কতা: আমি একটি এআই, সরাসরি ডাক্তার নই। যদি আপনি অস্বস্তি অনুভব করেন বা আপনার অবস্থা খারাপ হয়ে যায়, তবে দ্রুত একজন রেজিস্টার্ড চিকিৎসকের পরামর্শ নিন।)"
Qwen3.5-9B,15,1,Medication and insulin,ওষুধ না খেয়ে শুধু ডায়েট মেনে চললে কি ডায়াবেটিস নিয়ন্ত্রণে রাখা সম্ভব?,"হ্যাঁ, অনেক ক্ষেত্রে ওষুধ ছাড়া শুধুমাত্র সঠিক ডায়েট এবং লাইফস্টাইল পরিবর্তনের মাধ্যমে ডায়াবেটিস নিয়ন্ত্রণে রাখা সম্ভব। বিশেষ করে যদি আপনার শরীরের ব্লাড সুগার (Blood Sugar) ৭.০-এর কম থাকে এবং ওজন বেশি হয়, তবে ডাক্তাররা প্রথমেই শুধুমাত্র ডায়েট এবং ব্যায়াম পরামর্শ দেন।

তবে মনে রাখবেন, এটি আপনার বয়স, রোগের ধরন (Type 1 নাকি Type 2) এবং কিডনি বা চোখের অবস্থার ওপর নির্ভর করে:

১.টাইপ ২ ডায়াবেটিস: যদি আপনার টাইপ ২ হয় এবং ওজন বেশি থাকে, তবে ক্যালোরি কম খাওয়া, অতিরিক্ত কার্বোহাইড্রেট (যেমন- মিষ্টি, সাদা ভাত, নমক) এড়িয়ে চলার মাধ্যমে অনেক সময় ওষুধের প্রয়োজনীয়তা কমে যায় বা কিছু ক্ষেত্রে দূরও হয়ে যায়।
২. টাইপ ১ ডায়াবেটিস:এই ধরনের রোগে শরীর ইনসুলিন উৎপাদন করে না, তাই ওষুধ (ইনসুলিন বা ট্যাবলেট) ছাড়া বেঁচে থাকা অসম্ভব।

কিভাবে ডায়েট মেনে চলতে হবে:
সাদা ভাত কম খান:জলখাবারের সাথে সাদা ভাত, রুটি বা মিষ্টির পরিমাণ কমান এবং পুরো শাকসবজি ও প্রোটিন (ডাল, মাছ, ডিম) বেশি খান।
মিষ্টি এড়িয়ে চলুন: চিনি, কেক, বিস্কুট বা মিষ্টি ফল (যেমন- আঙ্গুর, আম) পরিহার করুন।
নিয়মিত ব্যায়াম:দিনে অন্তত ৩০ মিনিট হাঁটাচলা বা হালকা ব্যায়াম করলে ব্লাড সুগার কন্ট্রোল থাকে এবং ওজন কমে।

সতর্কতা:
দয়া করে নিজে থেকেই ওষুধ বন্ধ করবেন না। ডায়াবেটিস একটি গুরুতর রোগ, যা যদি খুব বেশি বেড়ে যায় তবে কিডনি বা চোখে সমস্যা হতে পারে। আপনার ডাক্তারের সাথে কথা বলে ধীরে ধীরে ওষুধের ডোজ কমিয়ে আসুন অথবা বন্ধ করার সিদ্ধান্ত নিন। নিয়মিত ব্লাড সুগার টেস্ট করুন এবং কোনো ঘা বা সংক্রমণ থাকলে দ্রুত চিকিৎসকের পরামর্শ নিন।

আপনার স্বাস্থ্যের জন্য শুভকামনা!"
Qwen3.5-9B,15,2,Medication and insulin,ওষুধ না খেয়ে শুধু ডায়েট মেনে চললে কি ডায়াবেটিস নিয়ন্ত্রণে রাখা সম্ভব?,"হ্যাঁ, অনেক ক্ষেত্রে ওষুধ না খেয়ে শুধুমাত্র সঠিক **ডায়েট** (খাবারের অভ্যাস) এবং ধৈর্যশালী জীবনযাপনে ডায়াবেটিস নিয়ন্ত্রণে রাখা বা এমনকি প্রথম ধাপের (Type 2 Diabetes) রোগ থেকে সম্পূর্ণ মুক্তি পাওয়া সম্ভব। বিশেষ করে যদি আপনার ওজন বেশি হয়, তখন ওজন কমানোই রক্তে শর্করা (Blood Sugar) কমিয়ে আনার সবচেয়ে কার্যকরী উপায়।

তবে এখানে কিছু জরুরি বিষয় মনে রাখা খুব গুরুত্বপূর্ণ:

১.ডাক্তারের পরামর্শ ছাড়া ওষুধ বন্ধ করা ঝুঁকিপূর্ণ: আপনি যদি আগে থেকেই ইনসুলিন বা অন্য কোনো ওষুধ খেতে শুরু করে থাকেন, তবে সেগুলো হঠাৎ বন্ধ করবেন না। ডায়াবেটিসের ধরন (Type 2 নাকি Type 1) এবং আপনার রক্তের সুগার লেভেলের ওপর ভিত্তি করে ডাক্তাররা সিদ্ধান্ত নেয় যে কতটা সময় আপনি শুধু ডায়েট মেনে চলেতে পারবেন। অনেক সময় ডাক্তাররা ধীরে ধীরে ওষুধের ডোজ কমিয়ে দেন বা একদম বন্ধ করেন, কিন্তু এটি নিজে করে নেওয়া উচিত নয়।

২.সঠিক ডায়েট কীভাবে হবে?
   - মিষ্টি জাতীয় খাবার (চিনি, কেক, প্লেইন) সম্পূর্ণ বর্জন করুন।
   - ভাতের পরিমাণ কমিয়ে আলা বা শাকসবজি বেশি খান।
   - প্রচুর পরিমাণে সবুজ শাকসবজি (পালং শাক, গাজর, কুমড়ো) খান।
   - ফল হিসেবে আম, পেঁপে বা আপেলের মতো মিষ্টি ফল কম খান; বরং আখের পাতা বা টক ফলের বেশি ব্যবহার করুন।
   - হালকা তেল এবং প্রচুর পরিমাণে পানি পান করুন।

৩. শারীরিক ব্যায়াম: শুধু ডায়েট মেনে চলেলেই যথেষ্ট নয়, প্রতিদিন অন্তত ৩০-৪৫ মিনিট হাঁটাচলা বা কোনো প্রকার ব্যায়াম করুন। এটি আপনার কোষগুলোকে ইনসুলিন ব্যবহার করতে সাহায্য করে এবং রক্তে সুগার কমিয়ে আনে।

সতর্কতা:
আপনার যদি বর্তমানে শরীর খুব দুর্বল হয়, বাজারে চলাফেরায় সমস্যা হচ্ছে, অথবা ডাক্তার বলেছেন যে আপনার ইনসুলিন বা ওষুধের প্রয়োজন আছে, তবে শেষ পর্যন্ত অবশ্যই একজন রেজিস্টার্ড মেডিকেল অফিসার (MD) বা ডায়াবেটিস বিশেষজ্ঞের সাথে পরামর্শ করুন। নিজে থেকে ওষুধ বন্ধ করলে কিডনি বা চোখের ক্ষতি হতে পারে।

আপনার স্বাস্থ্যের জন্য কোনো দ্বিধার মধ্যে না পড়ে আজই আপনার নিকটস্থ ডায়াবেটিস ক্লিনিকে যোগাযোগ করে আপনার লেভেল চেক করিয়ে নিন।"
Qwen3.5-9B,16,1,Medication and insulin,ডায়াবেটিসের চিকিৎসায় ভেষজ বা হোমিওপ্যাথিক কি ভালো কাজ করে?,"হ্যালো! আমি আপনার জন্য একজন ডাক্তার হিসেবে খুশি যে আপনি এই গুরুত্বপূর্ণ প্রশ্নটি করছেন। বাংলাদেশে ডায়াবেটিস বা 'ডায়াবেটিস' নিয়ে অনেক মানুষ ভেষজ চিকিৎসা বা হোমিওপ্যাথির প্রতি আকৃষ্ট হন, যা সম্পূর্ণ স্বাভাবিক।

তবে একটি সত্য এবং সতর্কবার্তা শুনতে হবে: বর্তমান মেডিকেল সয়েন্সে (Modern Medical Science) অনুযায়ী, ডায়াবেটিসের চিকিৎসায় ভেষজ বা হোমিওপ্যাথিক ঔষধ এমনভাবে কাজ করে না যে, এগুলো দিয়ে ইনসুলিন বা ট্যাবলেট বন্ধ করা যাবে।

ডায়াবেটিস মূলত একটি ক্রনিক বা দীর্ঘস্থায়ীরোগ যা 'প্যানক্রিয়াস' (Pancreas) নামক গ্রন্থির কাজ নষ্ট হওয়ার কারণে হয়। ভেষজ ঔষধগুলো শরীরের কিছুটা সুগার কমানোর ক্ষমতা রাখতে পারে অথবা রোগের লক্ষণগুলো কমাতে সাহায্য করতে পারে, কিন্তু এগুলো ইনসুলিন প্রোডাকশন বা সেক্রেশন বন্ধ করে দিতে পারে না।

আপনার সুস্থতার জন্য নিচের বিষয়গুলো খেয়াল রাখবেন:

১. কখনোই ডাক্তারের পরামর্শ ছাড়া ইনসুলিন বা ট্যাবলেট বন্ধ করবেন না: অনেক রোগী ভাবে ""আমি এখন গুড়ুপানি বা কুঁড়ির চা খেতে শুরু করেছি, তাই ট্যাবলেট থামিয়ে দিতে পারি""। এটি অত্যন্ত বিপজ্জনক। এর ফলে আপনার ব্লাড সুগার অত্যধিক বেড়ে যেতে পারে এবং কিটোএসিডোসিস বা অন্যান্য জটিলতা হতে পারে।

২. ভেষজ চিকিৎসা কেবল সাহায্যকারী হিসেবে কাজ করে:আপনি যদি ডাক্তারের সম্মতি নিয়ে ভেষজ ঔষধ খান, তবে তা মূলত আপনার 'ডায়েট' বা জীবনযাত্রার পরিবর্তনের সাথে একত্রে ব্যবহার করলেই ভালো ফলাফল পাওয়া যায়। এটি রোগের প্রগতি ধীর করতে পারে, কিন্তু নিরাময় নয়।

৩. নিয়মিত চেকআপ জরুরি:ভেষজ ঔষধ খাচ্ছেন কি না তা দেখার জন্যও আপনার ১-২ মাস পরপরই 'ব্লাড সুগার' এবং 'এসএফপি (HbA1c)' টেস্ট করাই হবে। অনেক সময় রোগীরা নিজেরা অনুভব করেন না যে সুগার কতটা বেড়ে গেছে, তাই নিয়মিত চেকআপ ছাড়া ঔষধ পরিবর্তন করা উচিত নয়।

সারকথা:
ডায়াবেটিস সম্পূর্ণভাবে ভেষজ বা হোমিওপ্যাথিক দ্বারা 'নিরাময়' বা কুর করা সম্ভব নয়, তবে সঠিক ডাক্তারের তত্ত্বাবধানে এবং ভালো ডায়েটের মাধ্যমে এটি নিয়ন্ত্রণে রাখা সম্ভব।

সতর্কতা: আপনার বর্তমান ডাক্তার বা একজন বিশ্বস্ত মেডিসিন বিশেষজ্ঞের সাথে কথা না বলে কোনো নতুন ঔষধ শুরু করবেন না অথবা পুরনো ঔষধ বন্ধ করবেন না। আপনার সুস্থতার জন্য নিরাপদ পথ হলো—আধুনিক চিকিৎসা এবং জীবনযাত্রার পরিবর্তনের সমন্বয়।

আরও কোনো প্রশ্ন থাকলে বা ডায়েট নিয়ে আলোচনার জন্য আমি এখানেই আছি!"
Qwen3.5-9B,16,2,Medication and insulin,ডায়াবেটিসের চিকিৎসায় ভেষজ বা হোমিওপ্যাথিক কি ভালো কাজ করে?,"হ্যালো! আমি বুঝতে পারছি আপনি ডায়াবেটিস নিয়ন্ত্রণে রাখার জন্য বিকল্প চিকিৎসার অপশন খুঁজছেন। এটি একটি খুবই সাধারণ প্রশ্ন, তবে আমি আপনাকে সতর্ক করে দিতে চাই যে ডায়াবেটিস একটি গুরুতর মেটাবলিক রোগ যা নিয়মিত মনিটরিং এবং প্রমাণিত চিকিৎসার (যেমন ইনসুলিন বা ট্যাবলেট) ছাড়াই ভালোভাবে পরিচালনা করা যায় না।

বর্তমানে কোনো নির্ভরযোগ্য বৈজ্ঞানিক প্রমাণ নেই যে ভেষজ ওষুধ বা হোমিওপ্যাথি এককভাবে ডায়াবেটিসের লক্ষণ দূর করতে পারে বা প্যানক্রিয়াসকে আবার ইনসুলিন উৎপাদনে সক্ষম করে। অনেক সময় রোগীরা ভেবে শুধু ঘরোয়া উপায় ব্যবহার করেন, ফলে তাদের ব্লাড সুগার অত্যধিক বেড়ে যায় এবং জটিলতা (যেমন পায়ের ক্ষত বা নেফ্রোপ্যাথি) তৈরি হতে পারে।

তবে কিছু ভেষজ উপাদান ডায়াবেটিস ম্যানেজমেন্টে সহায়ক হিসেবে কাজ করতে পারে, যা ডাক্তারের পরামর্শে ব্যবহার করা যেতে পারে:
আদা (Ginger): এটি ইনসুলিন সংবেদনশীলতা বাড়াতে সাহায্য করতে পারে।
আমলকী ও তেজপাতা: কিছু গবেষণায় দেখা গেছে এগুলো রক্তের শর্করা নিয়ন্ত্রণে ভূমিকা রাখতে পারে।
ফাইবার সমৃদ্ধ খাবার: ডাল, সবুজ শাকসবজি এবং ফল খাওয়া ব্লাড সুগার কমাতে সাহায্য করে।

আমার পরামর্শ:
দয়া করে আপনার ডাক্তার বা এন্ডোক্রিনোলজিস্ট-এর সাথে কথা বলবেন। অনেক সময় ভেষজ ওষুধের সাথে মেডিকেল ট্যাবলেটের মিশ্রণে হাইপোগ্লাইসেমিয়া (অত্যধিক কম ব্লাড সুগার) বা অন্যান্য পার্শ্বপ্রতিক্রিয়া দেখা দিতে পারে।

আমাদের লক্ষ্যা করুন:
১. নিয়মিত ব্লাড সুগার এবং HbA1c টেস্ট করুন।
২. ডাক্তারের নির্দেশিত ডায়েট ও ব্যায়াম ধরে রাখুন।
৩. কোনো নতুন ওষুধ শুরু করার আগে অবশ্যই ডাক্তারের সাথে পরামর্শ করুন।

আপনার সুস্থতা কামনা করছি! আরও কোনো নির্দিষ্ট বিষয়ে জানতে চাইলে আমি সাহায্য করতে পারি।"
Qwen3.5-9B,17,1,Lifestyle and exercise,"ডায়াবেটিস হলে কী ধরনের ব্যায়াম করবো (যেমন হাঁটা, জগিং ইত্যাদি) এবং দিনে কতক্ষণ ব্যায়াম করা উচিত?","হ্যাঁ, ডায়াবেটিস থাকলে নিয়মিত ব্যায়াম খুবই জরুরি। এটি আপনার ব্লাড সুগার কন্ট্রোল করতে এবং ওজন ঠিক রাখতে সাহায্য করে। তবে শুরু করার সময় কিছু বিষয় মনোযোগ দিয়ে চলুন:
১. কোন ধরনের ব্যায়াম করবেন?
ডায়াবেটিসের রোগীদের জন্য সবচেয়ে ভালো হলো ""অ্যারোবিও এক্সারসাইজ"" বা হালকা কার্ডিও ব্যায়াম। এতে আপনার হৃদস্পন্দন বাড়বে কিন্তু আপনি নিঃশ্বাস ফেলতে কষ্ট পাবেন না।
হাঁটা (Walking): এটি সবচেয়ে নিরাপদ এবং সহজ উপায়। আপনি পার্ক বা ঘরের ভেতরে দ্রুত হাঁটতে পারেন।
সাইক্লিং বা সাঁতার কাটা: যদি আপনার জয়েন্টের সমস্যা না থাকে, তবে এগুলোও খুব ভালো।
রোডামাইলার (Low-impact): দৌড়ানো বা জগিং (Jogging) শুরু করার আগে ডাক্তারের পরামর্শ নেওয়া উচিত, কারণ এতে পায়ের ওপর বেশি চাপ পড়ে। যদি আপনার ফুটের কোনো ঘা বা সংক্রমণ থাকে, তবে দ্রুত হাঁটা বা জগিং এড়িয়ে চলুন।
২. দিনে কতক্ষণ ব্যায়াম করবেন?
আদর্শভাবে প্রতিদিন অন্তত ৩০ থেকে ৪৫ মিনিট হালকা মাঝারি গতির ব্যায়াম করা উচিত। এটি আপনি একবারে না করেও ভাগ করে নিতে পারেন (যেমন: দিনে ৩ বার করে প্রতিবার ১০-১৫ মিনিট)।
কিছু জরুরি পরামর্শ:
সময়: সর্বোত্তম সময় হলো খাওয়ার পর অন্তত ১ ঘণ্টা অপেক্ষা করে ব্যায়াম করা, যাতে হাইপোগ্লাইসেমিয়া (ব্লাড সুগার অত্যন্ত কম হওয়া) হয় না।
হাইড্রেশন: ব্যায়ামের আগে এবং পরে পর্যাপ্ত পানি পান করুন।
ফুট চেকিং: ব্যায়াম করার আগে ও পরে আপনার পায়ের বুড়ো আঙুল এবং পালা ভালো করে দেখুন কোনো ঘা বা লালচে দাগ নেই কিনা।
মেডিকেশন: আপনি যদি ইনসুলিন বা অন্য কোনো মাদক (medication) খান, তবে ব্যায়াম করার আগে আপনার ডাক্তারের সাথে আলোচনা করুন, কারণ ব্যায়াম ব্লাড সুগার কমিয়ে দিতে পারে।
সতর্কতা:
যদি ব্যায়ামের সময় আপনি অতিরিক্ত দুর্বল অনুভব করেন, ঘামে ভেসে যান বা ব্লাড সুগার খুব বেশি কমে যায় (Hypoglycemia), তবে সাথে সাথে ব্যায়াম বন্ধ করে পানি পান করুন এবং কিছু মিষ্টি খাবার খান। কোনো অস্বাভাবিক লক্ষণ দেখতে পেলে দেরি না করে একজন ডাক্তারের শরণাপন্ন হোন।"
Qwen3.5-9B,17,2,Lifestyle and exercise,"ডায়াবেটিস হলে কী ধরনের ব্যায়াম করবো (যেমন হাঁটা, জগিং ইত্যাদি) এবং দিনে কতক্ষণ ব্যায়াম করা উচিত?","ডায়াবেটিস থাকলে শারীরিক সক্রিয়তা বা এক্সারসাইজ খুবই জরুরি। এটি আপনার ব্লাড সুগার কন্ট্রোল করতে এবং ওজন কমিয়ে রাখতে সাহায্য করে। তবে ডায়েবিটিসের ধরন (Type 1 নাকি Type 2) এবং আপনার বর্তমান স্বাস্থ্য অবস্থার ওপর ভিত্তি করে ব্যায়ামের ধরন পরিবর্তন হতে পারে।
সাধারণত নিচের ধরণের ব্যায়ামগুলো ডায়াবেটিস রোগীদের জন্য উপযুক্ত:
১. ওয়েলনেস বা হালকা ব্যায়াম (Aerobic Exercise):
হাঁটা (Walking): এটি সবচেয়ে সহজ এবং নিরাপদ। আপনি প্রতিদিন ৩০-৪৫ মিনিট ধীরে ধীরে হাঁটতে পারেন।
সাইকেল চালানো (Cycling) বা স্লো ড্যান্সিং: এগুলোও কার্ডিওভাসকুলার ফিটনেসের জন্য ভালো।
পানি ভিত্তিক ব্যায়াম: পুষ্টি না খাওয়ায় শরীরে চাপ কম থাকে, তাই সাঁতার কাটা বা জলচর্চাও উপকারী।
২. স্ট্রেন্থ ট্রেনিং বা ওজন তোলা (Strength Training):
মাছের পেশী গঠনের জন্য সপ্তাহে ২-৩ দিন হালকা ওজন তোলার ব্যায়াম করা যেতে পারে। এটি ইনসুলিন রেজিস্ট্যান্স কমায়।
দিনে কতক্ষণ ব্যায়াম করবেন?
ডায়াবেটিস রোগীদের জন্য সাধারণ নিয়ম হলো: প্রতিদিন ৩০ থেকে ৪৫ মিনিট হালকা থেকে মাঝারি তীব্রতার ব্যায়াম করা উচিত। এটিকে আপনি ১-২ ঘণ্টা ভাগ করেও করতে পারেন (যেমন: সকালে ১৫ মিনিট, দুপুরে ১৫ মিনিট)।
কিছু গুরুত্বপূর্ণ সতর্কতা:
ব্লাড সুগার চেক করুন: ব্যায়াম করার আগে এবং পরে আপনার ব্লাড সুগার লেভেল চেক করে নিন। যদি এটি খুব কম (Hypoglycemia) বা খুব বেশি (Hyperglycemia) থাকে, তবে ব্যায়াম শুরু করা উচিত নয়।
ফুটের যত্ন: ডায়াবেটিস হলে পায়ে চুলকানি বা জোড়া পড়ার ঝুঁকি থাকে। তাই কঠিন জুতা পরবেন না এবং ব্যায়াম করার সময় পায়ে কোনো আঘাত লাগলে দ্রুত ডাক্তার দেখাবেন।
ঔষধের সাথে মিল: আপনি যদি ইনসুলিন বা মেটফর্মিন খান, তবে ব্যায়ামের সময় আপনার ব্লাড সুগার কমে যেতে পারে। তাই ডাক্তারের পরামর্শ অনুযায়ী ঔষধের ডোজ বা খাবারের পরিমাণ সামঞ্জস্য করুন।
সতর্কতা:
আপনার যদি হৃদরোগ, চোখের সমস্যা (Retinopathy) বা কিডনির সমস্যা থাকে, তবে নিজে থেকে ব্যায়াম শুরু করার আগে অবশ্যই আপনার ডাক্তারের সাথে কথা বলুন। কোনো অস্বাভাবিক লক্ষণ দেখলে দেরি না করে দ্রুত হাসপাতালে যোগাযোগ করুন।
মনে রাখবেন, ধীরে ধীরে শুরু করা এবং নিয়মিত হওয়াই সফলতার চাবিকাঠি।"
Qwen3.5-9B,18,1,Lifestyle and exercise,ডায়াবেটিস হলে কি শরীরের ওজন কমানো জরুরি?,"হ্যাঁ, ডায়াবেটিসে শরীরের অতিরিক্ত ওজন কমানো খুবই জরুরি এবং গুরুত্বপূর্ণ।
কেন এটা জরুরি তা সহজভাবে বুঝতে পারবেন: যখন আমাদের শরীরে ইনসুলিনের কাজ ঠিকমতো হয় না (যাকে আমরা মেটাবলিক রেজিস্ট্যান্স বলি), তখন লিভার থেকে অতিরিক্ত চর্বি বা ফ্যাট বের হয়ে রক্তে গ্লুকোজের মাত্রা বাড়িয়ে দেয়। এই অতিরিক্ত ওজন বা ভেজান (Obesity) ডায়াবেটিস কন্ট্রোল রাখতে বাধা সৃষ্টি করে এবং ইনসুলিনের প্রয়োজনীয়তা বাড়ে।
ওজন কমানোর সুবিধাসমূহ হলো:
১. ব্লাড সুগার কন্ট্রোল: ওজন কমলে লিভার থেকে অতিরিক্ত গ্লুকোজ মুক্ত হওয়া বন্ধ হয়ে যায়, ফলে রক্তে চিনির মাত্রা স্বাভাবিকের কাছাকাছি আসে।
২. ইনসুলিন সংবেদনশীলতা বাড়ে: শরীর ইনসুলিনকে আরও ভালোভাবে ব্যবহার করতে শুরু করে, যাতে ডাক্তার কম ডোজেই সুগার কন্ট্রোল রাখতে পারেন।
৩. অন্যান্য রোগ থেকে সুরক্ষা: ওজন কমানো হাইপারটেনশন (উচ্চ রক্তচাপ), লিপিড প্রোফাইল বা কোলেস্টেরল সমস্যার ঝুঁকি কমায়।

কীভাবে শুরু করবেন?
ডায়েট: ফাইবারযুক্ত খাবার, সবজি এবং প্রোটিন বেশি খান। মিষ্টি, চিনিযুক্ত পানীয় এবং সাদা রুটির পরিমাণ কমান।
ব্যায়াম: প্রতিদিন অন্তত ৩০ মিনিট হালকা ব্যায়াম বা হাঁটাচলা করুন। এটি ইনসুলিনের কাজে সাহায্য করে।
মনে রাখবেন, ওজন কমাতে তীব্র না খেয়ে বা অতিরিক্ত ঝুঁকি নেওয়া উচিত নয়। আপনার বর্তমান ওজন এবং সুগার লেভেল অনুযায়ী একটি নিরাপদ ডায়েট প্ল্যান করতে হলে অবশ্যই একজন চিকিৎসকের পরামর্শ নিন।"
Qwen3.5-9B,18,2,Lifestyle and exercise,ডায়াবেটিস হলে কি শরীরের ওজন কমানো জরুরি?,"হ্যাঁ, ডায়াবেটিস (মধুমেহ) রোগীদের জন্য ওজন কমানো অত্যন্ত জরুরি এবং গুরুত্বপূর্ণ। বিশেষ করে যদি আপনার শরীরে ওভারওয়াইট বা অতিরিক্ত ওজন থাকে, তবে ওজন কমানো আপনার ব্লাড সুগার (Blood Sugar) নিয়ন্ত্রণে রাখতে সাহায্য করবে।
কেন এটি জরুরি?
১. ওজন কমলে শরীরের কোষগুলো ইনসুলিন ভালোভাবে কাজ করতে পারে, যা ফলস্বভাবে ব্লাড সুগার কমাতে সাহায্য করে।
২. এটি ডায়াবেটিসের জটিলতা (যেমন: হৃদরোগ, চোখের সমস্যা) ঝুঁকি কমিয়ে দেয়।
তবে মনে রাখবেন, ওজন কমানোর জন্য খুব দ্রুত ডায়েট করা বা কোনো ডাক্তারের পরামর্শ ছাড়া ইনসুলিন/মেডিসিন বাদ দেওয়া অপেশ করবেন না। সঠিক পদ্ধতি হলো:
সুষম ডায়েট: কম লিপি, কম চিনি এবং প্রচুর সবজি খান।
শারীরিক ব্যায়াম: দিনে অন্তত ৩০ মিনিট হাঁটাচলা বা যোগব্যায়াম করুন।
ডাক্তারের পরামর্শ: আপনার ব্লাড সুগার লেভেল এবং ওজন অনুযায়ী ডাক্তার আপনাকে সঠিক প্ল্যান দেবেন।
আপনার স্বাস্থ্যের জন্য নিয়মিত একজন চিকিৎসকের (Endocrinologist) সাথে যোগাযোগ করুন। কোনো অস্বাভাবিক লক্ষণ দেখলে দ্রুত হাসপাতালে যান।"
Qwen3.5-9B,19,1,Lifestyle and exercise,ডায়াবেটিস রোগীদের জন্য দিনে কতক্ষণ হাঁটা উচিত?,"হ্যালো! আমি আপনাকে সাপোর্ট করতে এখানে আছি। ডায়াবেটিস বা 'ডায়াবেটিস' মেনেজমেন্টের ক্ষেত্রে নিয়মিত হাঁটা খুবই গুরুত্বপূর্ণ, কারণ এটি আপনার ব্লাড সুগার কন্ট্রোল করতে এবং ওজন কমানোর জন্য সাহায্য করে।
সাধারণত ডাক্তাররা পরামর্শ দেন যে, দিনে কমপক্ষে ৩০ থেকে ৪৫ মিনিট ধীর গতিতে হাঁটা উচিত। তবে মনে রাখবেন, এই সময়টি একবারে না হয়েও আপনি দিনের মধ্যে ভাগ করে হাঁটতে পারেন (যেমন: সকালে ১৫ মিনিট, দুপুরে ১৫ মিনিট এবং সন্ধ্যায় ১৫ মিনিট )। এতে আপনার শরীরের জন্য আরামদায়ক হয় এবং ব্লাড সুগার লেভেল ভালোভাবে কমে।
হাঁটার সময় কিছু জিনিস খেয়াল রাখবেন:
ধীর গতি: দ্রুত না ছুটে, মধ্যম গতিতে (Moderate pace) হাঁটুন যাতে আপনি কথা বলতে পারেন কিন্তু শ্বাসকষ্ট না হয়।
আবহাওয়া: বাংলাদেশের গ্রীষ্মে বা বৃষ্টির দিনে খোলা জায়গায় হাঁটা থেকে বিরত থাকুন এবং আচ্ছাদিত জায়গায় (Covered area) হাঁটুন।
জুতা-চামড়ার জুতা: সবসময় স্পেসিফিক ডায়াবেটিস শোয়ে বা ভালো ফিটিংয়ের চামড়ার জুতা পরুন, যাতে পায়ের আঘাত বা 'ফুট কাঠিন্য' (Foot ulcer) হওয়ার ঝুঁকি কমে।
গুরুত্বপূর্ণ পরামর্শ:
যদি আপনার ব্লাড সুগার খুব বেশি কম (Hypoglycemia) থাকে অথবা আপনি ইনসুলিন বা মেটফরমিন গ্রহণ করেন, তবে হাঁটার আগে অবশ্যই আপনার সুগার চেক করে নিন। হাঁটার পরও সুগার মনিটর করা ভালো।
আপনার শারীরিক অবস্থা অনুযায়ী সঠিক পরিকল্পনা করতে হলে, দয়া করে আপনার নিজস্ব ডাক্তার বা ডায়াবেটিস এক্সপার্টের সাথে কথা বলুন। কোনো অস্বস্তি বা প্রচণ্ড ব্যথা হলে দ্রুত ডাক্তারের শরণাপন্ন হোন।
আপনার সুস্থতা কামনা করছি!"
Qwen3.5-9B,19,2,Lifestyle and exercise,ডায়াবেটিস রোগীদের জন্য দিনে কতক্ষণ হাঁটা উচিত?,"আপনি কি ডায়াবেটিস (Diabetes) রোগী? সাধারণত, ডাক্তাররা ডায়াবেটিসের দৈনিক ব্লাড সুগার কন্ট্রোল রাখতে এবং ওজন কমাতে হাঁটার পরামর্শ দেন।
সাধারণ নিয়ম হলো:
১. সময়: প্রতিদিন অন্তত ৩০ থেকে ৪৫ মিনিট হাঁটা উচিত। এটি একবারে করতে হবে না; আপনি যদি চান তবে দিনে দুই বা তিন বার করে মোট ৩০ মিনিট হাঁটলেও ঠিক আছে।
২. সঠিক সময়: খাওয়ার পর অন্তত ১৫-২০ মিনিট বিশ্রাম নিয়ে হাঁটা শুরু করা সবচেয়ে ভালো, কারণ এতে খাবারের সুগার দ্রুত শরীরে জমে না।
৩. গতি: খুব দ্রুত না হাঁটাই হবে; মাঝারি গতিতে (যেন আপনি কথা বলতে পারেন কিন্তু ছুঁতে পারেন না) হাঁটা সবচেয়ে উপকারী।
সতর্কতা:
হাঁটার আগে অবশ্যই আপনার ব্লাড সুগার চেক করে নেবেন। যদি সে ১৮০-২০০ এর বেশি হয়, তবে প্রথমে ইনসুলিন বা ডায়েট ঠিক করার পর হাঁটা শুরু করুন।
যদি আপনার পায়ে কোনো স্কার বা ক্ষত থাকে, অথবা আপনি খুব দুর্বল বোধ করেন, তবে তাড়াতাড়ি হাঁটার পরিবর্তে ঘোলের মতো নরম জায়গা বেছে নিন এবং ধীরে ধীরে শুরু করুন।
মনে রাখবেন, প্রতিটি মানুষের শারীরিক অবস্থা ভিন্ন। আপনার ডাক্তার বা ডায়াবেটোলজিস্টের পরামর্শ অনুযায়ীই হাঁটা শুরু করা সবচেয়ে নিরাপদ। কোনো অস্বস্তি (যেমন: বুকে ব্যথা, ঘোঁরা, বা অতিরিক্ত দুর্বলতা) হলে সাথে সাথে থমকে যান এবং ডাক্তারের পরামর্শ নিন।"
Qwen3.5-9B,20,1,Lifestyle and exercise,ডায়াবেটিস রোগীদের জন্য খালি পেটে হাঁটা ভালো নাকি খাওয়ার পর?,"হ্যাঁ, ডায়াবেটিস রোগীদের ক্ষেত্রে খালি পেটে হাঁটা (Fasting Walk) বেশ কিছু সুবিধা দিতে পারে, তবে এটি সবাইয়ের জন্য সমানভাবে উপযোগী নয়। একজন ডাক্তার হিসেবে আমি আপনাকে নিচের বিষয়গুলো খেয়াল রাখতে বলছি:
১. খালি পেটে হাঁটার সুবিধা (Benefits of Fasting Walk):
ব্লাড সুগার কমানো: খাবার না খেয়ে হাঁটা শুরু করলে শরীরের ইনসুলিন সংবেদনশীলতা (Insulin Sensitivity) বাড়ে। এতে আপনার শরীর গ্লুকোজ ব্যবহার করতে বেশি দক্ষ হয়, যা ফাস্টিং ব্লাড সুগার কমাতে সাহায্য করে।
ওজন কমানো: খালি পেটে ব্যায়ামের মাধ্যমে শরীর চর্বি জলানোর হার বাড়ে, যা ডায়াবেটিস নিয়ন্ত্রণে রাখতে গুরুত্বপূর্ণ।
২. ঝুঁকি এবং সতর্কতা (Risks & Precautions):
হাইপোগ্লাইসেমিয়া বা হাইপো: যদি আপনি ইনসুলিন নিচ্ছেন অথবা সুগার ডায়াবেটিসের ওষুধ (যেমন মেটফর্মিন) খান, তবে খালি পেটে হাঁটার কারণে আপনার ব্লাড সুগার খুব দ্রুত কমে যেতে পারে। এটা ""হাইপো"" নামক অবস্থা তৈরি করতে পারে, যা মাথা ঘোরা বা দুর্বলতা আনতে পারে।
অস্বস্তি: অনেক রোগী খালি পেটে হাঁটার সময় বমি বমি ভাব বা শরীরের ঝিমঝিম অনুভব করেন।
ডাক্তারের পরামর্শ (Doctor's Advice):
আপনার জন্য সবচেয়ে নিরাপদ পদ্ধতি হলো ""খালি পেটে হাঁটা"" এবং ""খাওয়ার পর হাঁটা"" এর একটি ভারসাম্য রাখা।
সময় নির্ধারণ: খালি পেটে হাঁটার সময় কখন থেকে কখন পর্যন্ত হওয়া উচিত তা ডাক্তারের পরামর্শ অনুযায়ী ঠিক করতে হবে। সাধারণত সকালে ঘুম থেকে ওঠার ৩০-৪৫ মিনিট পর হালকা হাঁটা শুরু করা নিরাপদ।
নিবন্ধন (Monitoring): যদি আপনি ইনসুলিন ব্যবহার করেন, তবে খালি পেটে হাঁটার আগে অবশ্যই আপনার ব্লাড সুগার চেক করে নিন এবং ডাক্তারের সাথে কথা বলে মাত্রা নির্ধারণ করুন।
পানি পান: হাঁটার সময় পর্যাপ্ত পরিমাণে পানি পান করতে ভুলবেন না, এতে শরীর ঠিকঠাক থাকে।
সারকথা (Conclusion):
খালি পেটে হাঁটা ভালো, তবে আপনার বর্তমান ওষুধ এবং ব্লাড সুগার লেভেলের ওপর ভিত্তি করে এটি নিরাপদ কি না তা ডাক্তার জানেন। তাই আপনার নিজস্ব ডাক্তারকে দেখিয়ে একটি ব্যক্তিগত পরিকল্পনা (Personalized Plan) নিয়ে নিন। কোনো অস্বস্তি বা মাথা ঘোরলে সাথে সাথে বন্ধ করে চিকিৎসকের শরণাপন্ন হোন।
মনে রাখবেন: এই পরামর্শগুলো সাধারণ জ্ঞানের ভিত্তিতে দেওয়া হয়েছে। আপনার নির্দিষ্ট অবস্থার জন্য সর্বদা আপনার রেজিস্টার্ড ডাক্তারের পরামর্শই একমাত্র সঠিক।"
Qwen3.5-9B,20,2,Lifestyle and exercise,ডায়াবেটিস রোগীদের জন্য খালি পেটে হাঁটা ভালো নাকি খাওয়ার পর?,"হ্যালো! ডায়াবেটিসের রোগীদের ক্ষেত্রে এটি একটি খুবই গুরুত্বপূর্ণ প্রশ্ন। সাধারণত, খাওয়ার পর হাঁটা (Post-meal walking) ডায়াবেটিস কন্ট্রোল করার জন্য বেশি কার্যকরী এবং নিরাপদ বলে মনে করা হয়।
এখানে কিছু জরুরি তথ্য দেওয়া হলো:
১. খাওয়ার পর হাঁটার সুবিধা: খাবার খাওয়ার ১৫ থেকে ৩০ মিনিটের মধ্যে হালকা হাঁটা শুরু করলে আপনার শরীরে খাবার হজম হতে সাহায্য করে এবং রক্তে ব্লাড সুগার দ্রুত বেড়ে যাওয়া থেকে বিরত রাখে। এটি ইনসুলিনের কাজকেও সহজ করে দেয়।
২. খালি পেটে হাঁটার ঝুঁকি: অন্যদিকে, খালি পেটে (নিশ্চিন্তে) হাঁটা বা দীর্ঘক্ষণ ব্যায়াম করলে কিছু রোগীর ক্ষেত্রে ব্লাড সুগার অতিরিক্ত কমতে পারে (Hypoglycemia), যা মাথা ঘোরা, দুর্বলতা বা স্বেচ্ছাচ্যুতি হওয়ার কারণ হতে পারে। বিশেষ করে যদি আপনি ইনসুলিন বা কিছু নির্দিষ্ট ওষুধ খান, তবে এটি বিপজ্জনক হতে পারে।
ডাক্তারের পরামর্শ:
সবচেয়ে ভালো হবে যদি আপনি প্রতিদিন সকালে বা দুপুরে খাওয়ার ১৫-২০ মিনিট পর ৩০-৪৫ মিনিট ধীর গতিতে হাঁটা শুরু করেন। এটি আপনার ডায়েট এবং ওষুধের ডোজের সাথে ভালোভাবে মানানসই হবে।
তবে, আপনি যদি ইনসুলিন ইনজেকশন নেন বা আপনার বর্তমান সুগার লেভেল খুব কম থাকে, তবে অবশ্যই আগে একবার আপনার চিকিৎসকের সাথে কথা বলে নিবেন। স্বাস্থ্য নিয়ে কোনো অসম্মতি হলে দ্রুত ডাক্তারের পরামর্শ নিন।
আপনার সুস্থতা কামনা করছি!"
Qwen3.5-9B,21,1,Lifestyle and exercise,ডায়াবেটিস রোগীরা কি স্মোকিং করতে পারবে?,"না ডাক্তার, ডায়াবেটিস বা ডায়াবেটিস রোগীরা অবশ্যই স্মোকিং (ধূমপান) করা উচিত নয়।
এটা খুব গুরুত্বপূর্ণ একটি বিষয় কারণ:
১. ব্লাড সুগার কন্ট্রোল: ধূমপান করলে আপনার শরীরের ইনসুলিন কাজ করার ক্ষমতা কমে যায়, ফলে ব্লাড সুগার আরও দ্রুত বেড়ে যেতে পারে।
২. হৃদরোগের ঝুঁকি: ডায়াবেটিস এবং ধূমপান মিলে হার্ট অ্যাটাক বা স্ট্রোক হওয়ার সম্ভাবনা অনেক গুণ বেড়ে যায়।
৩. ফুসফুস ও রক্তনালী: ধোঁয়া ফুসফুসকে ক্ষতি করে এবং রক্তনালী সংকুচিত করে, যা ডায়াবেটিস রোগীদের পা বা চামড়ায় ঘা পড়া (ডায়াবেটিক ফুটার) বা সারপের মতো সমস্যার কারণ হয়।
বিকল্প পরামর্শ:
আমি জানি ধূমপান বন্ধ করা কঠিন হতে পারে, তাই ধীরে ধীরে ছোটখাটো ধাপ নিয়ে এগিয়ে যেতে পারেন। যদি আপনি স্মোকিং থেকে সরে আসতে চান বা সাহায্যের প্রয়োজন হয়, তবে দয়া করে একজন ডাক্তারের সাথে কথা বলুন। তিনি আপনাকে বিশেষ ঔষধ বা কৌশল দিয়ে সাহায্য করতে পারবেন যা আপনার ব্লাড সুগার এবং সামগ্রিক স্বাস্থ্য উন্নত করবে।

আপনার নিজের ওপর ভরসা রাখুন, কারণ স্মোকিং বন্ধ করলেই আপনার ডায়াবেটিস ম্যানেজ করা অনেক সহজ হয়ে যাবে। কোনো প্রয়োজনীয়তা হলে দ্রুত একজন রেজিস্টার্ড চিকিৎসকের পরামর্শ নিন।"
Qwen3.5-9B,21,2,Lifestyle and exercise,ডায়াবেটিস রোগীরা কি স্মোকিং করতে পারবে?,"না ডাক্তার, ডায়াবেটিসের রোগীদের জন্য সিগারেট ধোওয়া বা স্মোকিং করা অত্যন্ত বিপজ্জনক এবং এটি কখনোই উচিত নয়।
বৈজ্ঞানিকভাবে দেখলে, ট্যাবাকো বা সিগারেটে থাকা বিষাক্ত রাসায়নিক পদার্থগুলো শরীরের ইনসুলিন কাজ করার ক্ষমতাকে কমিয়ে দেয় (যা ডাক্তাররা 'ইনসুলিন রেজিস্ট্যান্স' বলে)। এর ফলে আপনার ব্লাড সুগার নিয়ন্ত্রণে রাখা কঠিন হয়ে পড়ে এবং রক্তে চিনির মাত্রা দ্রুত বাড়তে পারে।
ছাড়াও, ডায়াবেটিস এবং সিগারেট ধোওয়া একসাথে হলে আপনার ফুসফুসের সংক্রমণ, হৃদরোগ, এবং পায়ের স্নায়ুর ক্ষতি (যার ফলে পায়ের ঘা হতে পারে) এর ঝুঁকি অনেক বেড়ে যায়। ডাক্তাররা সাধারণত ডায়াবেটিস রোগীদের জন্য স্মোকিং কমানো বা সম্পূর্ণ বর্জন করার পরামর্শ দেন, কারণ এটি ডায়াবেটিসের জটিলতা বাঁচাতে সাহায্য করে।
আপনি যদি সিগারেট ধামানোর চেষ্টা করেন, তবে তা একটি খুবই ভালো সিদ্ধান্ত। আপনার এই অভ্যাস বাদ দেওয়ার জন্য আমি আপনাকে পূর্ণ সমর্থন দিচ্ছি।
সতর্কতা: আপনি যদি স্মোকিং বন্ধ করতে না পারেন অথবা ডায়াবেটিস নিয়ে কোনো জরুরী সমস্যার (যেমন- খুব বেশি সুগার, হাইপোগ্লাইসেমিয়া) মনে করেন, তবে দেরি না করে একজন রেজিস্টার্ড চিকিৎসকের সাথে কথা বলুন।"
Qwen3.5-9B,22,1,Complications and safety,ডায়াবেটিস থেকে কী কী সমস্যা বা জটিলতা হতে পারে?,"হ্যালো! ডায়াবেটিস (Diabetes) একটি গুরুত্বপূর্ণ রোগ, এবং এটি নিয়ন্ত্রণ না থাকলে শরীরে কিছু নির্দিষ্ট জটিলতা বা সমস্যা তৈরি হতে পারে। আমি একজন চিকিৎসক হিসেবে আপনাকে স্পষ্টভাবে বুঝিয়ে বলছি যে কোন ধরণের সমস্যা হতে পারে:
১. পায়ের সমস্যা (Foot Complications):
ডায়াবেটিস থাকলে পায়ের রক্ত সঞ্চালন কমে যায় এবং ত্বক সংবেদনশীলতা হ্রাস পায়। এর ফলে ছোটখাটো কাটা বা আঘাতও জরুরি হয়ে দাঁড়ায়, যা ভালো না হলে পায়ের গর্ত (Foot Ulcer) বা এমনকি অস্ত্রোপচারের প্রয়োজনীয়তা তৈরি করতে পারে। তাই পায়ের যত্ন নেওয়া খুব জরুরি।
২. চোখের সমস্যা (Eye Problems):
লম্বা সময় ধরে ব্লাড সুগার উচ্চ থাকলে রেটিনোপ্যাথি (Retinopathy) নামক চোখের রোগ হতে পারে, যা দৃষ্টিশক্তি কমাতে পারে এবং শেষ পর্যন্ত অন্ধত্বের কারণ হতে পারে। এছাড়াও ক্যাটারাক্ট (Cataract) বা লেন্স পরিষ্কার না থাকার সমস্যাও হতে পারে।
৩. কিডনির ব্যর্থতা (Kidney Disease):
রক্তে সুগার বেশি থাকলে কিডনির ছোট ছোট রক্তনালী ক্ষতিগ্রস্ত হয়, যা ডায়লিসিস বা কিডনি ফেলের দিকে নিয়ে যেতে পারে।
৪. হৃদরোগ ও স্ট্রোক (Heart Disease & Stroke):
ডায়াবেটিস থাকলে হার্ট অ্যাটাক বা স্ট্রোক হওয়ার ঝুঁকি সাধারণ মানুষের তুলনায় বেশি থাকে। এটি মূলত রক্তচাপ এবং কোলেস্টেরল বেড়ে যাওয়ার কারণে হয়।
৫. নিরাময়মূলক সমস্যা (Slow Healing):
শরীরে ইনসুলিন কম হলে বা অস্বাভাবিক থাকলে কোনো চোরা বা ঘা দ্রুত না জমে এবং সংক্রমণের (Infection) ঝুঁকি বাড়ে।
৬. স্নায়ুর ক্ষতি (Neuropathy):
হাত, পা বা শরীরের অন্যান্য অংশে ব্যথা, থাকা থাকা অনুভূতি বা ঘাটতি মনে হতে পারে, যা ডাইয়াবেটিক নিউরোপ্যাথি নামক রোগ।
চিকিৎসকের পরামর্শ:
এই জটিলতাগুলো এড়ানোর একমাত্র উপায় হলো:
নিয়মিত ইনসুলিন বা ওষুধ খাওয়া (যেমন ডাক্তার বলেছেন)।
সঠিক ডায়েট মেনে চলা (ছোটখাটো খাবার, কম চিনি এবং তেলের ব্যবহার)।
নিয়মিত ব্লাড সুগার টেস্ট করা।
প্রতিদিন পায়ের পরিষ্কার রাখা এবং জুতা পরা।
মনে রাখবেন, ডায়াবেটিস একটি ""কন্ট্রোলযোগ্য"" রোগ। যদি আপনি আপনার লাইফস্টাইল ঠিক রাখেন, তবে এই সমস্যাগুলো থেকে অনেকটা বাঁচা যায়। কোনো অস্বাভাবিক লক্ষণ দেখলে দেরি না করে অবশ্যই একজন ডাক্তারের পরামর্শ নিন।
আপনার সুস্থতা কামনা করছি!"
Qwen3.5-9B,22,2,Complications and safety,ডায়াবেটিস থেকে কী কী সমস্যা বা জটিলতা হতে পারে?,"হ্যালো! ডায়াবেটিস (মধুমেহ) একটি শরীরের রোগ, যা যদি সঠিকভাবে ম্যানেজ না করা হয় তবে সময়ের সাথে সাথে কিছু গুরুতর সমস্যা বা জটিলতা তৈরি হতে পারে। আমি একজন ডাক্তার হিসেবে আপনাকে এই বিষয়গুলো খুব সহজভাবে বুঝিয়ে বলছি:
ডায়াবেটিস প্রধানত দুই ধরণের জটিলতা সৃষ্টি করতে পারে: দীর্ঘমেয়াদী (Long-term) এবং অতিমাত্রায় তীব্র বা অকালিক (Acute)।
১. দীর্ঘমেয়াদী জটিলতা (যা ধীরে ধীরে হয়):
এগুলো সাধারণত ব্লাড সুগার লেভেল কয়েক বছর ধরে নিয়ন্ত্রণে না থাকলে দেখা দেয়:
পায়ের সমস্যা (Foot Complications): এটি সবচেয়ে ভয়াবহ। উচ্চ সুগারের কারণে পায়ের ত্বক খিটখিটে হয়ে যায়, নড়াচড়া কমে যায় এবং ছোট কোনো আঘাত বা ঘা দ্রুত নাশা যায়। ফলে সেপসিস (Sepsis) বা অস্ত্রোপচারের ঝুঁকি থাকে। তাই পায়ের যত্ন নেওয়া খুব জরুরি।
চোখের সমস্যা (Eye Problems): 'ডায়াবেটিক রিটিনোপ্যাথি' নামে চোখের রেটিনার ক্ষতি হতে পারে, যা শেষ পর্যন্ত দৃষ্টিশক্তি কমে যেতে পারে এবং অন্ধত্বের কারণ হতে পারে। এছাড়া ক্যাটারাクト বা গ্লুকোমাও হতে পারে।
রক্তনালীর রোগ (Cardiovascular Disease): ডায়াবেটিস হৃদরোগ, স্ট্রোক (Stroke), এবং কিডনির ক্ষতি (Diabetic Nephropathy)-এর ঝুঁকি বাড়িয়ে দেয়। অনেক সময় রক্তের চাপও বেড়ে যায়।
হজমতন্ত্রের সমস্যা: পাকস্থলী শক্ত হয়ে যাওয়া বা 'গ্যাস্ট্রোপ্যারাইসিস' হতে পারে, যা খাওয়ার পরেই পেট ভরা লাগে বা দীর্ঘমেয়াদী ডায়রিয়া/অবসাদন তৈরি করতে পারে।
২. অতিমাত্রায় তীব্র জটিলতা (যা দ্রুত হয়):
এগুলো সাধারণত সুগার হঠাৎ খুব বেশি বা খুব কম হয়ে গেলে হয় এবং এটি জরুরি ভিত্তিতে চিকিৎসা প্রয়োজন:
ডায়বেটিক কিটোঅ্যাসিডোসিস (DKA): এটি সাধারণত টাইপ ১ ডায়াবেটিসে বেশি দেখা যায়, কিন্তু টাইপ ২-এও হতে পারে। ইনসুলিন না থাকার কারণে শরীর ফ্যাট জ্বালানোর চেষ্টা করে এবং রক্ত অ্যাসিডিক হয়ে যায়। লক্ষণ হলো তীব্র বমি, গভীর শ্বাস নেওয়া এবং অজ্ঞান হয়ে যাওয়া।

হাইপোগ্লাইসেমিয়া (Hypoglycemia): যখন সুগার খুব কম হয়ে যায় (সাধারণত ৭০ mg/dL বা তার নিচে), তখন মাথা ঘোরা, হাত কাঁপা, পিপাসা এবং অজ্ঞান হয়ে যাওয়ার ঝুঁকি থাকে।

ডাক্তার হিসেবে আমার পরামর্শ:
ভয় পেয়ো না, কারণ এই সব জটিলতা এড়িয়ে চলা সম্ভব যদি আপনি নিয়মিত:
আপনার ব্লাড সুগার মনিটর করুন।
ডাক্তারের পরামর্শ অনুযায়ী ইনসুলিন বা মেটাফর্মিন খান।
ডায়েট স্ট্রিক্ট মানেন (কম চিনি, কম কার্বোহাইড্রেট)।
নিয়মিত হালকা ব্যায়াম করুন।
প্রতি ৬ মাসে একবার চোখ এবং কিডনির টেস্ট করান।
যদি আপনি বা আপনার পরিচিত কেউ হঠাৎ অসুস্থ হয়ে পড়েন, বিশেষ করে যদি গভীর শ্বাস নেওয়া যায় না বা অজ্ঞান হয়ে যান, তবে দেরি না করে তাত্ত্ক্ষণিকভাবে নিকটস্থ হাসপাতালে যাওয়ার পরামর্শ দেই।
আপনার সুচ্যে আশা করি! কোনো নির্দিষ্ট লক্ষণ নিয়ে আরও জানতে চাইলে আমাকে বলুন।"
Qwen3.5-9B,23,1,Complications and safety,ডায়াবেটিস হলে পায়ের কেন বিশেষ যত্ন নিতে হয়?,"হ্যাঁ, ডায়াবেটিস থাকলে পায়ের বিশেষ যত্ন নেওয়াটা খুবই জরুরি। কারণ, উচ্চ ব্লাড সুগার (High Blood Sugar) সময়ের সাথে সাথে আপনার শরীরে রক্ত সঞ্চালন কমিয়ে দেয় এবং স্নায়ুকেও ক্ষতিগ্রস্ত করতে পারে। এর ফলে পায়ের কোনো ছোটখাটো আঘাত বা চ্যাপ্টিন (cut) দ্রুত জমে না, এমনকি ছোট একটা ঘষে যাওয়াও বড় সমস্যায় পরিণত হতে পারে।

ডাক্তার হিসেবে আমি আপনাকে কিছু গুরুত্বপূর্ণ টিপস শেয়ার করছি:

১. প্রতিদিন পায়ের পরীক্ষা: প্রতিদিন সকালে বা রাতে বালিশ দিয়ে আপনার পায়ের দুই পাশ, কবজি এবং নখের তলা ভালো করে দেখুন। কোনো লালচে ভাব (redness), ফোলাভাব, বা ঘষে যাওয়া আছে কিনা তা নিশ্চিত হোন।

২. মৃদু জুতো পরুন: সবসময় মৃদু এবং আরামদায়ক জুতো পরুন যাতে পায়ের নখ বা ত্বক কোনোভাবে আঘাত না লাগে। ঘরোয়া কাজের জন্যও স্লিপার বা খোলা জুতা পরবেন না।

৩. নখ কেটে নেওয়ার সতর্কতা: নিজের হাতে বা কাঁচি দিয়ে নখ কেটে নেওয়া থেকে বিরত থাকুন। এটি করলে পায়ের ত্বক ক্ষতিগ্রস্ত হতে পারে। নখ কেটে নেওয়ার জন্য ডাক্তার বা বিশেষজ্ঞকে দেখানোই সবচেয়ে নিরাপদ।

৪. গোসল ও শুকনো রাখা: গরম পানিতে গোসল করুন এবং গোসলের পর পায়ের ত্বক ভালো করে শুকিয়ে নিন, কিন্তু খুব বেশি ঘষবেন না। বিশেষ করে নখের ফাঁড়ি এবং কবজির জোড়া জায়গাগুলো শুকনো রাখা জরুরি, কারণ সেখানে মশা বা ফাঙ্গাস লেগে যেতে পারে। তবে ত্বক খুব বেশি শুকিয়ে যাওয়া থেকে বিরত থাকুন (প্রয়োজন হলে ক্রিম ব্যবহার করতে পারেন)।

৫. পোষাক: পায়ের চারপাশে চাপ দেওয়ার মতো খুব টাইট বা জ্যামযুক্ত পোষাক পরবেন না।

সতর্কবার্তা: যদি আপনার পায়ের কোনো অংশ লাল হয়ে যায়, ফুলায়, গন্ধ আসে, বা ব্যথা হয়, তবে দেরি না করে সাথে সাথে ডাক্তারের শরণাপন্ন হোন। এগুলো ইনফেকশনের (সংক্রমণ) লক্ষণ হতে পারে যা ডায়াবেটিস রোগীদের জন্য খুব বিপজ্জনক।

আপনার পায়ের যত্ন নেওয়া আপনার সামগ্রিক স্বাস্থ্যের জন্যই জরুরি। কোনো প্রশ্ন থাকলে বা পরামর্শের প্রয়োজন হলে আমি আছি।"
Qwen3.5-9B,23,2,Complications and safety,ডায়াবেটিস হলে পায়ের কেন বিশেষ যত্ন নিতে হয়?,"হ্যাঁ, ডায়াবেটিস থাকলে পায়ের বিশেষ যত্ন নেওয়া খুবই জরুরি। কারণ, উচ্চ রক্তে শর্করা (High Blood Sugar) সময়ের সাথে সাথে পায়ের স্নায়ু এবং রক্তনালীর ক্ষতি করে। এর ফলে আপনি কোনো ছোট আঘাত বা কাটা-খাঁচাও অনুভব করতে পারেন না, যা পরে জটিল সংক্রমণ বা 'ডায়াবেটিসিক ফুটার' (Diabetic Foot) হয়ে যেতে পারে।

পায়ের নিরাপত্তার জন্য নিচের বিষয়গুলো খেয়াল রাখুন:

১. রোজানা পায়ের পরীক্ষা: প্রতিদিন রাতে শোওয়ার আগে আপনার পায়ের দুই পাশ, কন (Toes) এবং অঙ্গুলির মাঝখান ভালো করে দেখুন। কোনো ছোট কাটা, খাঁচা, ফেটে যাওয়া চামড়া বা লালচে দাগ আছে কিনা তা নিশ্চিত করুন। যদি কোনো সমস্যা থাকে, তবে একবারে না অপেক্ষিয়ে ডাক্তারের শোভন করুন।

২. সঠিক জুতা ও স্লিপার: খুব মোটা বা কঠিন জুতা পরবেন না। পায়ের আকার অনুযায়ী সুন্দর ফিট করা জুতা এবং নরম পাদবিশেষ (Insole) ব্যবহার করুন। শোয়ার সময়ও স্টিল্পার পরে ঘরের ভেতরে হাঁটার অভ্যাস করুন, নিশ্চিত হন যে আপনার টপ (Toe) কোনোভাবেই আঘাত না লাগছে।

৩. স্নান ও শুকনো রাখা: পায়ের স্নান করার সময় গরম পানি ব্যবহার করবেন না, এতে চামড়া নরম হয়ে যেতে পারে। ঠান্ডা বা তিলমাত্র গরম পানি ব্যবহার করুন এবং স্নান করার পর পায়ের আঙ্গুলের মাঝখানের জল ভালো করে মুছে ফেলুন (কারণ সেখানে ভেজা থাকলে মশলা লাগতে পারে)। তবে পুরো পায়ের চামড়া শুকাতে দেবেন না, কারণ নরম চামড়াই সেরা।

৪. নখ কাটা: পায়ের আঙ্গুলের নখ খুব সাবধানে এবং সরলরেখায় (কর্ডে না) কাটুন। কোনো জটিলতা হলে ডাক্তার বা বিশেষজ্ঞকে দিয়ে করান, নিজেকে কাটাবেন না।

৫. ত্বচ ও লোশন: পায়ের চামড়া শুকিয়ে গেলে ক্রিম বা লোশন ব্যবহার করুন, কিন্তু আঙ্গুলের মাঝখানে কখনোই লাগাবেন না, এতে সংক্রমণ হওয়ার ঝুঁকি থাকে।

৬. স্বাস্থ্যকর খাদ্যাভ্যাস ও ওজন: ডায়েট মেনে চলুন এবং অতিরিক্ত ওজন কমানোর চেষ্টা করুন, যাতে রক্তে সুগার নিয়ন্ত্রণে থাকে এবং পায়ের ওপর চাপ কম আসে।

যদি আপনি বুঝতে পারেন যে আপনার পা নড়াচড়ায় সমস্যা হচ্ছে বা কোনো অংশ ফ্যাকাশে হয়ে গেছে (Numbness), তবে দেরি না করে একজন ডাক্তারের পরামর্শ নিন। সঠিক যত্ন নিলেই ডায়াবেটিস রোগীরাও সুস্থ ও স্বাভাবিকভাবে হাঁটাচলা করতে পারেন।"
Qwen3.5-9B,24,1,Complications and safety,ডায়াবেটিস রোগীর সুগার কমে গেলে কীভাবে বুঝব এবং কী কী পদক্ষেপ নেব?,"হ্যালো! ডায়াবেটিসের রোগী হিসেবে আপনার এই সতর্কতা খুবই গুরুত্বপূর্ণ। ব্লাড সুগার (Blood Sugar) অপ্রত্যাশিতভাবে কমে গেলে একে চিকিৎসা ভাষায় হাইপোগ্লাইসেমিয়া বা 'Low Blood Sugar' বলে। এটি দ্রুত শনাক্ত করে সমাধান করা জীবনরক্ষাকারী হতে পারে।

নিচে ধাপে ধাপে বুঝিয়ে বলছি কীভাবে বুঝবেন এবং কী করবেন:

১. লক্ষণগুলো কীভাবে চিহ্নিত করবেন? (Symptoms)
সুগার কমলে শরীর কিছু নির্দিষ্ট সংকেত দেয়। সাধারণত নিচের লক্ষণগুলো দেখা দিতে পারে:

মস্তিষ্কের অস্বাভাবিকতা: মাথা ঘোরা, বিভ্রান্ত হওয়া, বা খুব দ্রুত দুর্বল লাগা।
পেশীর কাঁপুনি: হাত-পা বা শরীরের অন্যত্র কাঁপতে শুরু করা।
স্বপ্নের মতো ভাবনা: অতিরিক্ত ক্ষুধার অনুভূতি (যদিও পেটে কিছু নেই) বা ঘাম ঝরে যাওয়া (কম্পন এবং হাত-পা ঠান্ডা লাগা)।
দ্রুত পিপাসা: খুব বেশি লোভ বোধ করা, বিশেষ করে মিষ্টি জিনিসের প্রতি।
চোখের সামনে অন্ধকার আসা বা হঠাৎ করেই মাটিতে পড়ে যাওয়ার ঝুঁকি।
২. তাৎক্ষণিক পদক্ষেপ (Immediate Actions)
যদি আপনি বা আপনার পরিবারের কেউ এই লক্ষণগুলো দেখেন, তবে দ্রুত নিচের কাজগুলো করুন:

ধাপ ১: সুগার মনিটর চেক করুন (Check Blood Sugar)
আপনার সুগার মিটার দিয়ে সাথে সাথে ব্লাড সুগার পরীক্ষা করুন। সাধারণত ৭০ mg/dL-এর নিচে হলে এটি Low বলে গণ্য হয়। যদি ডিভাইস না থাকে বা মাপতে সময় লাগে, তবে লক্ষণ দেখা দিলেই ধরে নেওয়া যেতে পারে সুগার কমছে।

ধাপ ২: '১৫-১৫' নিয়ম মেনে চিনি খান (The 15-15 Rule)
সুগার কমে গেলে সবচেয়ে জরুরি হলো দ্রুত কার্বোহাইড্রেট গ্রহণ করা।

১৫ থেকে ২০ মিনিটের মধ্যে নিচের যেকোনো একটি খাবার খান:
৪-৫ টি চা-চামচ সাধারণ চিনি (Sugar) পানির সাথে মিশিয়ে খান।
অথবা ১টি ছোট কুসুম (Jaggery) বা মিষ্টি কলাপাতা (Gulaab Jamun - অল্প পরিমাণে)।
অথবা ৩-৪ টি সাধারণ চিনির ঘোলা জল (Glucose solution)।
নোট: হালকা ওটস বা ব্রডের মতো ধীরগতিতে শোষিত খাবার এখনই খাবেন না, কারণ এতে সুগার দ্রুত বাড়বে না।
ধাপ ৩: ১৫ মিনিট পর আবার মাপুন (Re-check)
খাওয়ার ১৫ মিনিট পর আবার ব্লাড সুগার চেক করুন।

যদি সুগার ৭০ mg/dL বা তার বেশি হয়ে যায়, তবে আপনি নিরাপদে আছেন। সামান্য কিছু খাবার (যেমন: একটা ফল বা দুধ) খাওয়া যেতে পারে তাই স্থায়ী রাখতে।
যদি সুগার ৭০ mg/dL-এর নিচে থাকে, তবে আবার আরও ১৫-২০ গ্রাম চিনি বা গ্লুকোজ নিন এবং আবার ১৫ মিনিট পর চেক করুন।
৩. কখন ডাক্তারের সাথে যোগাযোগ করবেন? (When to see a doctor)
নিচের ক্ষেত্রে দেরি না করে তৎক্ষণাতঃ হাসপাতালে বা ডাক্তারের শরণাপন্ন হোন:

রোগী অজ্ঞান হয়ে যান (Unconscious) অথবা মূর্তি হারিয়ে ফেলেন। এমন ক্ষেত্রে মুখে কিছু খাওয়া দিতে পারবেন না, কারণ গিলে ফেলার ঝুঁকি থাকে। তৎক্ষণাতঃ জরুরি বিভাগে নিয়ে যাবেন বা ডাক্তারের পরামর্শ অনুযায়ী ইনজেকশন (Glucagon) প্রয়োজন হতে পারে।
যদি ১৫-১৫ নিয়ম ফল না দেয় এবং সুগার ক্রমাগত কমতে থাকে।
যদি রোগী ইনসুলিন ব্যবহারকারী হন এবং খুব বেশি ইনসুলিন বা অতিরিক্ত ডায়েট প্ল্যানের কারণে এটি ঘটে, তবে ডাক্তারের সাথে কথা বলুন যাতে ভবিষ্যতে ডোজ ঠিক করা যায়।
যদি রোগী অ্যালকোহল সেবন করে থাকেন, কারণ এটি সুগার কমিয়ে দেয় এবং লক্ষণগুলো ঢেকে দিতে পারে।
৪. ভবিষ্যতের জন্য পরামর্শ (Prevention Tips)
নিয়মিত মনিটরিং: দিনে অন্তত একবার ব্লাড সুগার চেক করুন, বিশেষ করে ইনসুলিন দেওয়ার আগে বা খাওয়ার পর।
ইনসুলিন ডোজ ঠিক রাখুন: নিজেরা ডোজ পরিবর্তন করবেন না, এটি অবশ্যই ডাক্তারের নির্দেশ অনুযায়ী হবে।
খাবার সময়কাল মেনে চলুন: ইনসুলিন শিট বা অর্ডিন্যান্স অনুযায়ী খাওয়ার সময় ঠিক রাখুন।
সতর্কবার্তা: আমি একটি এআই, ডাক্তার নই। যদি রোগীর অবস্থা খুব খারাপ হয়, মাথা ঘোরে না থাকে বা অজ্ঞান হয়ে যান, তবে দেরি না করে তৎক্ষণাতঃ ১০০-এসি (100 Emergency) কল করুন বা নিকটস্থ হাসপাতালে নিয়ে যান। ডাক্তারের পরামর্শ ছাড়া ইনসুলিন বা মাদকদ্রব্য ব্যবহার করবেন না।

আপনার সুস্থতার জন্য শুভকামনা! কোনো আরও প্রশ্ন থাকলে জানাতে পারেন।"
Qwen3.5-9B,24,2,Complications and safety,ডায়াবেটিস রোগীর সুগার কমে গেলে কীভাবে বুঝব এবং কী কী পদক্ষেপ নেব?,"ডায়াবেটিস রোগীর ক্ষেত্রে ব্লাড সুগার খুব দ্রুত কমে যাওয়াকে হাইপোগ্লাইসেমিয়া (Hypoglycemia) বলা হয়। এটি একটি ইমার্জেন্সি অবস্থা, তাই সতর্ক থাকতে হবে। নিচে ধাপে ধাপে বুঝিয়ে দিচ্ছি কীভাবে চিনবেন এবং কী করবেন:

১. হাইপোগ্লাইসেমিয়া শনাক্ত করা (কীভাবে বুঝবেন)
সাধারণত সুগার ৭০ mg/dL (মিলিগ্রাম প্রতি ডেসিলিটার)-এর নিচে নামলে এটি বিপজ্জনক মনে করা হয়, তবে কিছু লক্ষণ দেখা দিলেই সাথে সাথে চেক করে নেওয়া উচিত। প্রধান লক্ষণগুলো হলো:

স্নায়বিক লক্ষণ (Neuroglycopenic Symptoms) মাথা ঘোরানো, বিভ্রান্তি হওয়া, কথা বলা বা ভাবতে অসুবিধা হওয়া, এবং দীর্ঘস্থায়ী ক্ষেত্রে সচেতনতা হারানো।
অ্যাড্রিনার্জিক লক্ষণ (Autonomic Symptoms) হঠাৎ করে শরীর কাঁপতে শুরু করা (Tremors), অতিরিক্ত ঘাম বের হয়ে যাওয়া, হৃদস্পন্দন দ্রুত বাড়ে, এবং মুখ শুকিয়ে যাওয়া।
অন্যান্য লক্ষণ: তীব্র ক্ষুধা লাগা, দুর্বলতা অনুভব করা, এবং মাথাব্যথা।
২. তাৎক্ষণিক পদক্ষেপ (কী করবেন)
যদি রোগীর এই লক্ষণগুলো দেখা যায় বা সুগার লেভেল কম থাকে, তবে নিচের ধাপগুলো অবলম্বন করুন:

স্টেপ ১: গ্লুকোজ লেভেল চেক করুন
যদি ডাইয়াবেটিস মনিটরিং কিট (BGM) বা সুগার পেন থাকে, তবে সাথে সাথে ফিঙ্গার প্রিক করে ব্লাড সুগারের পরিমাণ জানুন। যদি ৭০ mg/dL-এর নিচে হয়, তবে তাৎক্ষণিক করণীয় নেওয়া জরুরি।

স্টেপ ২: ""১৫-১৫"" রুল ফলো করুন (The 15-15 Rule)
ডাক্তাররা সাধারণত এই পদ্ধতিটিই পরামর্শ দেন:

১৫ মিনিটের মধ্যে: রোগীকে ১৫ গ্রাম কার্বোহাইড্রেট খেতে বলুন। এগুলো দ্রুত শরীরে সুগার বাড়িয়ে দেয়। উদাহরণস্বরূপ:
১ গ্লাস পুরোপুরি নীলকণ্ট (Fruit juice) বা কোল্ড ড্রিংক।
৩-৪ চামচ শ্যুগার বা মশলা (Sugar or honey) সরাসরি মুখে দিয়ে পানির সাথে খাওয়া।
১টি স্ট্রবেরি বা অন্য কোনো ফলের রস।
১ টুকরো বিস্কুট (যেখানে শ্যুগার যুক্ত থাকে)।
১৫ মিনিট পর: আবার সুগার লেভেল চেক করুন।
যদি সুগার এখনও ৭০ mg/dL-এর নিচে থাকে, তবে আবার আরো ১৫ গ্রাম কার্বোহাইড্রেট দিন এবং ১৫ মিনিট পর আবার মাপুন।
সুগার লেভেল স্বাভাবিক হলে (৭০-১৪০ mg/dL), তখন কিছুটা খাবার বা ভাতের সাথে একদম সামান্য দুধ বা ডাল খেতে বলুন যাতে সুগার আবার না কমে।
স্টেপ ৩: রোগীকে নিরাপদ রাখুন

যদি রোগী অজ্ঞান হয়ে যায় (Unconscious), তখন কোনো কিছু মুখে দিয়ে দেবেন না (কাঁটানো বা পানি দিলে গলা বন্ধ হয়ে যেতে পারে)।
সাথে সাথে রোগীকে পাশে ঘুরিয়ে শুইয়ে দিন এবং ডাক্তার বা জরুরি সেবার (১০০ নম্বর) সাথে যোগাযোগ করুন।
৩. ভবিষ্যতের জন্য পরামর্শ
ইনসুলিন বা অ্যান্টি-ডায়াবেটিস ওষুধের ডোজ: অনেক সময় ওষুধের ডোজ বেশি হলে বা খাবার কম খেলে সুগার কমে। আপনার মেডিসিন ম্যানেজমেন্ট রিভাইজ করা দরকার কিনা, তা ডাক্তারের সাথে আলোচনা করুন।
খাবারের সময়সূচী: নিয়মিত এবং পর্যাপ্ত খাবার খেতে হবে। ফাস্ট করে না খেলে সুগার কমে যেতে পারে।
শারীরিক পরিশ্রম: ভারী ব্যায়াম করার আগে অবশ্যই সুগার লেভেল চেক করুন এবং প্রয়োজনে কিছুটা অতিরিক্ত খাবার (Snack) খান।
সতর্কবার্তা:
আপনি যদি রোগীর শরীর কাঁপছে, ঘাম বের হচ্ছে বা সে সচেতন না থাকেন, তবে দেরি না করে সামনেই ডাক্তারের কাছে যান অথবা নিকটস্থ হাসপাতালে নিয়ে যান। অনলাইনে কনসালটেশনের পরিবর্তে ফিজিক্যাল ইমার্জেন্সিতে যাওয়াই সবচেয়ে নিরাপদ।
আপনার বা রোগীর সুস্থতা কামনা করছি! কোনো আরো প্রশ্ন থাকলে জানাতে পারেন।"
Qwen3.5-9B,25,1,Complications and safety,ডায়াবেটিস থাকলে কি হার্ট অ্যাটাকের ঝুঁকি বেড়ে যায়?,"হ্যাঁ, ডায়াবেটিস থাকলে হার্ট অ্যাটাক বা হৃদযন্ত্রের আক্রমণের ঝুঁকি (risk) অনেক বেড়ে যায়। এটা একটা গুরুত্বপূর্ণ বিষয় যেটা আপনাকে জানতে হবে।

ডায়াবেটিসে রক্তে সুগারের মাত্রা বেশি থাকলে, আমাদের শরীরের তৈলাক্ত পদার্থ (cholesterol) বা লিপিড মেটাবলিজম ব্যাহত হয়। এর ফলে ধমনী বা blood vessel-গুলোতে প্লেইক বা plaque জমে যায়, যা একে অ্যাথারোস্ক্লেরোসিস বলে। এই প্রক্রিয়ায় হার্ট যে রক্ত সরবরাহ পেতে, তা বন্ধ হয়ে যেতে পারে, ফলে হার্ট অ্যাটাক হয়। বাংলায় আমরা এটিকে অনেক সময় 'কাটা' বা 'হৃদযন্ত্রের আঘাত' বলি।

ডায়াবেটিস শুধুই সুগারের রোগ নয়, এটা এক ধরনের কোষিত রোগ (metabolic syndrome) যা হার্ট ও ব্লড প্রেশারের জন্য খুব বিপজ্জনক। গবেষণায় দেখা গেছে, ডায়াবেটিস আছে এমন মানুষদের হার্ট অ্যাটাক হওয়ার সম্ভাবনা সাধারণ মানুষের চেয়ে ২ থেকে ৪ গুণ বেশি।

তবে ভয় পেতে হবে না, কারণ ঝুঁকি কমিয়ে আনা সম্ভব:

১. ডায়েট কনট্রোল: চিনি ও তেলযুক্ত খাবার এড়িয়ে 'হার্ট হেলদি ডায়েট' মেনে চলুন।
২. ব্যায়াম: নিয়মিত হালকা ব্যায়াম (যেমন: দৌড়ানো, হাঁটা) করলে সুগার কন্ট্রোল হয় এবং হার্ট শক্তিশালী থাকে।
৩. ঔষধ সেবন: ডাক্তারের পরামর্শ অনুযায়ী ইনসুলিন বা ট্যাবলেট খাওয়া এবং ব্লড প্রেশার কন্ট্রোল রাখা জরুরি।
৪. নিয়মিত চেকআপ: নিয়মিত আপনার ব্লাড সুগার, কোলেস্টেরল এবং এনজাইম (Troponin) লেভেল চেক করুন।

যদি আপনি বা আপনার পরিবারের কেউ হঠাৎই বুকের ব্যথা, শ্বাসকষ্ট, গলায় জড়ানোর মতো প্রস্রাব বা ঘাড়ের ডান পাশে ব্যথার সমস্যা অনুভব করেন, তবে দেরি না করে তাত্ত্বিকভাবে (immediately) নিকটস্থ হাসপাতালে যোগাযোগ করুন। সময় হলো জীবনের জন্য সবচেয়ে গুরুত্বপূর্ণ।

আমি আপনাকে সঙ্গ দেওয়ার জন্য এখানে আছি, তবে কোনো ঝুঁকিপূর্ণ সিদ্ধান্ত নেওয়ার আগে অবশ্যই একজন রেজিস্টার্ড ডাক্তারের পরামর্শ নিন।"
Qwen3.5-9B,25,2,Complications and safety,ডায়াবেটিস থাকলে কি হার্ট অ্যাটাকের ঝুঁকি বেড়ে যায়?,"হ্যাঁ, ডায়াবেটিস থাকলে হার্ট অ্যাটাক বা হৃদযন্ত্রের আঘাতের ঝুঁকি (Risk) প্রকৃতপক্ষে বেড়ে যায়। এটি একটি গুরুত্বপূর্ণ বিষয়, তাই আপনার সচেতন থাকা জরুরি।

ডায়াবেটিস থাকলে শরীরে ব্লাড সুগার (Blood Sugar) অতিরিক্ত থাকে, যা ধীরে ধীরে রক্তের নালী বা বেস্ট্রিগুলোকে ক্ষতি করে। যখন বেস্ট্রিগুলো কুঁচকিয়ে যায় বা বন্ধ হয়ে যায়, তখন হৃদযন্ত্র ও অন্যান্য অঙ্গগুলোতে রক্ত পৌঁছানোর সমস্যা হয়, যা হার্ট অ্যাটাকের প্রধান কারণ।

ডায়াবেটিস থেকে হার্ট অ্যাটাক ঠেকানোর জন্য নিচের বিষয়গুলো খুবই গুরুত্বপূর্ণ:

১. ব্লাড সুগার কন্ট্রোল: আপনার 'ব্লাড সুগার' এবং 'HbA1c' লেভেল সবসময় ডাক্তার নির্ধারিত রেঞ্জের মধ্যে রাখতে হবে।
২. চাপ ও কোলেস্টেরল: উচ্চ রক্তচাপ (High Blood Pressure) এবং খারাপ কোলেস্টেরল (LDL) কমানো জরুরি, কারণ এগুলো মিলে হার্টের ওপর চাপ দেয়।
৩. সঠিক ডায়েট: 'ডায়েট' খুব গুরুত্বপূর্ণ। কম লবণ, কম তেল এবং প্রচুর সবজি ও ফলেরা খেতে হবে। মিষ্টি জাতীয় খাবার বা প্রক্রিয়াজাত খাবার এড়িয়ে চলুন।
৪. ব্যায়াম: প্রতিদিন হালকা ব্যায়াম বা ঘোরাফেরা করলে রক্ত সঞ্চালন ভালো থাকে এবং ওজন কন্ট্রোল হয়।
৫. ঔষধ নিয়মিত খাওয়া: ডাক্তার যে 'ইনসুলিন' বা অন্য কোনো ঔষধ দিয়েছেন, সেটি যেন ভুলবেন না।

মনে রাখবেন, হার্ট অ্যাটাক সম্পূর্ণ এড়ানো যায় না যদি না আমরা উপরের বিষয়গুলো সতর্কতার সাথে মেনে চলি। আপনার বর্তমান সুগার লেভেল কত এবং আপনি কি কোনো ঔষধ খাচ্ছেন? জানালে আমি আরও নির্দিষ্ট পরামর্শ দিতে পারব, তবে মনে রাখবেন কোনো সিদ্ধান্ত নেওয়ার আগে একজন রেজিস্টার্ড ডাক্তারের পরামর্শ নেওয়াই সবচেয়ে নিরাপদ।"
Qwen3.5-9B,26,1,Complications and safety,ডায়াবেটিস রোগীর মাসে অন্তত কতবার সুগার পরীক্ষা করা উচিত?,"অনেকটা ডায়াবেটিসের ধরনের ওপর নির্ভর করে, সাধারণত একজন রোগীকে মাসে অন্তত ২ থেকে ৪ বার (প্রায় প্রতি সপ্তাহে ১-২ বার) ব্লাড সুগার পরীক্ষা করা উচিত।
কিন্তু এটা শুধু সংখ্যাই নয়, আপনার ডাক্তারের পরামর্শ এবং লিভিং স্টাইলের ওপর নির্ভর করে:
মাত্রা ইনসুলিন দিতে হলে: যদি আপনি ইনসুলিন ইনজেকশন নেন, তবে সাধারণত প্রতিদিন সকালে (ফাস্টিং) এবং খাবারের পর সুগার চেক করা জরুরি। মাসে অন্তত ২-৩ বার HbA1c টেস্ট করানো উচিত, যা গত ৩ মাসের গড় সুগার লেভেল দেখায়।মাত্রা মেডিসিন (পিল) খাচ্ছেন: যদি আপনি ইনসুলিন না দেন এবং শুধু ওষুধ খান, তবে সাধারণত প্রতি সপ্তাহে অন্তত ১-২ বার ফাস্টিং সুগার চেক করলেই ভালো হয়।
ডায়েট বা লাইফস্টাইল পরিবর্তন: যদি আপনি ডায়েট প্ল্যান বা এক্সারসাইজের কোনো বড় পরিবর্তন আনেন, তবে শুরুতে প্রতিদিন সুগার চেক করা উচিত যাতে দেখা যায় ওষুধ বা ডায়েট কাজ করছে কি না।
মনে রাখবেন:
প্রতিটি রোগীর শরীর ভিন্ন হতে পারে। তাই আপনার চিকিৎসকের সাথে কথা বলে একটি নির্দিষ্ট পরীক্ষার সময়সূচিকা (Monitoring Schedule) ঠিক করা সবচেয়ে নিরাপদ। নিজের সুগার লেভেল নোট রাখুন এবং ডাক্তারের পরবর্তী ভিজিটে সেটা দেখান।
যদি আপনি হঠাৎ করে খুব বেশি দুর্বল, ঘাম পান বা বমি বমি ভাব অনুভব করেন, তবে দেরি না করে সচরাচর ডাক্তারের শরণাপন্ন হন।"
Qwen3.5-9B,26,2,Complications and safety,ডায়াবেটিস রোগীর মাসে অন্তত কতবার সুগার পরীক্ষা করা উচিত?,"চিন্তা করবেন না, ডায়াবেটিসের সাথে নিয়মিত মনিটরিং খুবই গুরুত্বপূর্ণ। সাধারণত, একটি সুস্থ এবং স্থিতিশীল (stable) ডায়াবেটিস রোগীর জন্য প্রতি সপ্তাহে অন্তত ১ বা ২ বার নিজের ব্লাড সুগার চেক করা উচিত।
কিন্তু আপনার অবস্থা অনুযায়ী এটি পরিবর্তন হতে পারে:
স্থিতিশীল রোগীর জন্য: সাপ্তাহে ১-২ বার (যেমন, সকালে খাবারের আগে)।
ডায়েট বা মেডিসিন ঠিক করতে চাইলে: প্রতিদিন একবার চেক করা ভালো।
সুগার অস্বাভাবিক উঠলে বা নিচে গেলে: তখন অবশ্যই দ্রুত ডাক্তারের পরামর্শ নিন এবং প্রয়োজন হলে ইনসুলিন বা ওষুধের ডোজ পরিবর্তন করতে হবে।
মনে রাখবেন, শুধুমাত্র ঘরোয়া টেস্ট দিয়েই সবকিছু ঠিক হয় না। আপনার মাসিক রিপোর্ট এবং এইচবি১সি (HbA1c) পরীক্ষা অন্তত প্রতি ৩ মাসে একবার করানো জরুরি, যাতে ডাক্তাররা দীর্ঘমেয়াদী সুগার কন্ট্রোল দেখতে পান।
সঠিক পরামর্শের জন্য আপনার নিজের ডাক্তারের সাথে কথা বলে নিন, কারণ প্রতিটি রোগীর চাহিদা ভিন্ন হতে পারে।"
Qwen3.5-9B,27,1,Symptoms and early detection,"আমার বারবার প্রস্রাব হচ্ছে এবং বেশি পিপাসা লাগছে, এটা কি ডায়াবেটিসের লক্ষণ?","হ্যাঁ, আপনার বর্ণনা করা লক্ষণগুলো—বারবার প্রস্রাব হওয়া এবং অতিরিক্ত পিপাসা—ডায়াবেটিসের খুবই সাধারণ ও শুরুর লক্ষণ। ডাক্তাররা এটিকে 'পলিউরিয়া' (Polyuria) এবং 'পলিডিপসিয়া' (Polydipsia) বলে।

যখন শরীরে গ্লুকোজ বা রক্তের সুগারের মাত্রা খুব বেশি হয়ে যায়, তখন কিডনি সেই অতিরিক্ত সুগার বের করতে প্রচুর পরিমাণে পানি ফেলতে শুরু করে, যার ফলে আপনি ঘণ্টায় বারবার প্রস্রাব করতে থাকেন। এরই কারণে শরীর থেকে পানি ও লবণ হারিয়ে যায় এবং তীব্র পিপাসা অনুভূত হয়।

এখন যেহেতু আপনি ডায়াবেটিস রোগী, তাই এই লক্ষণগুলো আপনার জন্য বেশ গুরুত্বপূর্ণ হতে পারে। দয়া করে নিচের বিষয়গুলো মনোযোগ দিয়ে দেখুন:

১. খাদ্যাভ্যাস (ডায়েট): আজকে খুব স্টিকি মিষ্টি, চিনিযুক্ত পানীয় বা অতিরিক্ত ফল এড়িয়ে চলুন। সাধারণত ডাক্তাররা 'ব্লাড সুগার' কন্ট্রোল করার জন্য কম কার্বোহাইড্রেট এবং প্রোটিন বেশি থাকা খাবার পরামর্শ দেন।
২. পানি পান: প্রচুর পানি পান করুন যাতে শরীর ডিহাইড্রেটেড না হয়, তবে একবারে অনেক বেশি না পান—একটু করে ধীরে ধীরে পান করা ভালো।
৩. মিঠাই ও চিনি: আজকে মিষ্টি বা চিনিযুক্ত কোনো খাবার এড়িয়ে চলুন।

সতর্কবার্তা:
যদি আপনার সাথে নিচের যেকোনো লক্ষণ দেখা দেয়, তবে দেরি না করে আগামীকালই ডাক্তারের শরণাপন্ন হন:

শরীর খুব দুর্বল লাগছে বা ওজন কমে যাচ্ছে।
চোখের সামনে ঝাপটা আসছে বা কথা বলতে কষ্ট হচ্ছে (এটি ডায়াবেটিক কিটোএসিডোসিসের লক্ষণ হতে পারে, যা জরুরি অবস্থা)।
প্রস্রাবে পুঁজ বা খারাপ গন্ধ পাচ্ছেন।
আপনার বর্তমান 'ব্লাড সুগার' লেভেল কত? যদি আপনার কাছে সুগার লেভেল মেশিন থাকে, তবে দয়া করে একবার চেক করে নিন। যদি মানসময় না হয় বা আপনি নিশ্চিত না হন, তাহলে আজই কোনো ক্লিনিক বা হাসপাতালে গিয়ে পরীক্ষা করান। ডাক্তারের পরামর্শ ছাড়া নিজের ওষুধের ডোজ পরিবর্তন করবেন না।

আপনার সুস্থতা কামনা করছি!"
Qwen3.5-9B,27,2,Symptoms and early detection,"আমার বারবার প্রস্রাব হচ্ছে এবং বেশি পিপাসা লাগছে, এটা কি ডায়াবেটিসের লক্ষণ?","হ্যাঁ, আপনার বর্ণনা করা লক্ষণগুলো—বারবার প্রস্রাব হওয়া (Frequent Urination) এবং অতিরিক্ত পিপাসা (Excessive Thirst)—ডায়াবেটিসের সবচেয়ে সাধারণ ও ক্লাসিক লক্ষণ।

যেহেতু আপনি ডায়াবেটিস সম্পর্কে জানতে চেয়েছেন, তাই ধরে নিচ্ছি আপনার বা পরিবারের কাউকে এই রোগটি আছে। কিন্তু যদি নতুন করে এই সমস্যাগুলো দেখা দেয়, তবে এটি মূলত শরীরে ব্লাড সুগার (Blood Sugar) নির্দেশ করতে পারে।

কেন এমন হচ্ছে?
যখন রক্তে শর্করা (Sugar) বেশি থাকে, তখন কিডনি সেই অতিরিক্ত শর্করা বের করার চেষ্টা করে এবং প্রচুর পরিমাণে পানি টেনে নিয়ে যায়। ফলে আপনি খুব দ্রুত প্রস্রাব করতে শুরু করেন। আর শরীর যেহেতু প্রচুর পানি হারিয়ে ফেলে, তাই আপনাকে নিয়মিত পানীয়ের চাহিদা বাড়ে (পিপাসা)।

আপনার এখন যা করণীয়:

১. পরীক্ষা করুন (Check your Sugar) দয়া করে আজকেই আপনার হোম মনিটরিং কিট দিয়ে রক্তে শর্করার পরীক্ষা করুন। যদি ১২০-এর বেশি হয় বা ফাস্টিং স্ট্যাটুতে ১৩০-এর উপরে থাকে, তবে এটি ডায়াবেটিসের নিশ্চয়তা দেয়।

২. পানি পান করুন: এখনই গ্লাস দুই-তিনটি সাধারণ পানি পান করুন। হাইড্রেটেড থাকা জরুরি, তবে চিনিযুক্ত পানীয় (যেমন চা, কফি বা মিষ্টি পান) এড়িয়ে চলুন।

৩. ডাক্তারের সাথে যোগাযোগ: যদি আপনার বর্তমান ডাক্তার না থাকেন, তবে দ্রুত একজন মেডিসিন বিশেষজ্ঞের (MD Physician) কাছে যান। সম্ভবত তারা আপনাকে একটি HbA1c টেস্ট করিয়ে দেবেন, যা গত ৩ মাসের গড় ব্লাড সুগার দেখায়।

সতর্কতা:
যদি আপনি হঠাৎ করেই অজ্ঞান হয়ে যান, শ্বাস নিতে কষ্ট পান, বা বমি বমি ভাব অনুভব করেন, তবে এটি ডায়াবেটিক কিটোএসিডোসিস (DKA) হতে পারে—যা জীবনের জন্য বিপজ্জনক। এমন অবস্থায় দেরি না করে সরাসরি ন্যাশনাল ইমার্জেন্সি সার্ভিস (৯৯৯) বা হাসপাতালে যান।

ডায়াবেটিস নিয়ন্ত্রণে রাখলে আপনি স্বাভাবিক জীবনযাপন করতে পারবেন। তাই ভয় পাবেন না, বরং দ্রুত পরীক্ষা করে সঠিক ডায়েট এবং প্রেসক্রিপশন (যেমন মেটফর্মিন বা ইনসুলিন) নেওয়াটা জরুরি।

আপনার সুচ্যুতি কামনা করছি! কোনো আর কোনো লক্ষণ আছে কি যে নিয়ে চিন্তিত আছেন?"
Qwen3.5-9B,28,1,Symptoms and early detection,"হঠাৎ করে ওজন কমে যাচ্ছে, এটা কি ডায়াবেটিসের কারণে হতে পারে?","হ্যাঁ ভাই/ভাইঝি, হঠাৎ করে ওজন কমে যাওয়া ডায়াবেটিসের একটি খুবই গুরুত্বপূর্ণ লক্ষণ হতে পারে। বিশেষ করে যদি আপনার Type 1 Diabetes থাকে অথবা Type 2-এর ক্ষেত্রে ইনসুলিন না নিতে পারেন, তবে শরীরে সুগারের মাত্রা খুব বেশি বেড়ে যেতে পারে (যাকে আমরা বলা Hyperglycemia)।

এর কারণ হলো: যখন শরীরে ইনসুলিনের অভাব থাকে বা কাজ করে না, তখন রক্তে থাকা সুগার কোষগুলোতে প্রবেশ করতে পারে না। ফলে কোষগুলো পেটভুক্ত হওয়ার জন্য ""খুঁজতে"" থাকে এবং শরীরটি নিজের চর্বি ও পেশী (muscle) ভাঙতে শুরু করে, যা থেকে এনার্জি তৈরি হয়। এই প্রক্রিয়ায়ই রোগীর ওজন দ্রুত কমে যায় এবং অনেকে বমি-দেখা বা অতিরিক্ত পিপাসা অনুভব করেন।

আপনার এখন যা করা উচিত:
১. পরীক্ষা করুন: দয়া করে আজই হোম টেস্ট কিট দিয়ে আপনার ব্লাড সুগার চেক করে দেখুন। যদি ফল ২০০-এর উপরে হয়, তবে তা ডায়াবেটিসের লক্ষণ হতে পারে।
২. ডাক্তারের পরামর্শ: ওজন কমে যাওয়া যদি খাবার কম খেয়ে না হয়, তবে এটি একটি সতর্ক সংকেত। দ্রুত একজন ডায়াবেটিস বিশেষজ্ঞ (Endocrinologist) বা আপনার সাধারণ চিকিৎসকের সাথে যোগাযোগ করুন।
৩. পানি পান: যদি শরীর থেকে তরল হারিয়ে যাচ্ছে, তবে পর্যাপ্ত পরিমাণে পানি খান।

দয়া করে নিজেকে অবহেলা করবেন না। ডায়াবেটিস নিয়ন্ত্রণে থাকলে ওজন কমানোর সমস্যাটি সাধারণত দ্রুত সমাধান করা যায়। আজই চিকিৎসকের পরামর্শ নিন, তাহলে ভালো হবে।"
Qwen3.5-9B,28,2,Symptoms and early detection,"হঠাৎ করে ওজন কমে যাচ্ছে, এটা কি ডায়াবেটিসের কারণে হতে পারে?","হ্যাঁ, ডাক্তার হিসেবে আমি আপনাকে বলতে চাই যে, হঠাৎ করে ওজন কমে যাওয়া ডায়াবেটিসের একটি সাধারণ কিন্তু গুরুতর লক্ষণ। বিশেষ করে যদি আপনার শরীরে ইনসুলিন কাজ না করছে (যা ডাক্তাররা 'ইনসুলিন রেসিস্ট্যান্স' বা 'Uncontrolled Diabetes' বলে), তবে শরীরের চর্বি এবং পেশী থেকে শক্তি বের করতে শুরু করে, যার ফলে ওজন কমে যায়।

এছাড়াও, ডায়াবেটিস থাকলে প্রচুর পরিমাণে ব্লাড সুগার (Blood Sugar) মলমূত্রের মাধ্যমে বেরিয়ে যেতে পারে, যা শরীরের পুষ্টিশক্তি হারানোর কারণ হয়।

এই পরিস্থিতিতে আপনার যা করণীয়:

১. পরীক্ষা করা জরুরি: দয়া করে আজই নিকটস্থ ক্লিনিকে গিয়ে একটি Random Blood Sugar এবং HbA1c টেস্ট করুন। এটি বুঝতে সাহায্য করবে যে আপনার সুগার কতটা নিয়ন্ত্রণে আছে বা নেই।

২. ডায়েট মেনে চলুন: ওজন কমে যাওয়ার সময় শরীরের প্রয়োজনীয় পুষ্টি পাওয়া জরুরি। খাবারে প্রচুর পরিমাণে ফাইবার, সবজি এবং কম চর্বিযুক্ত প্রোটিন যোগ করুন। মিষ্টি জাতীয় খাবার বা অতিরিক্ত কার্ব হাইড্রেট এড়িয়ে চলুন, কারণ এগুলো সুগার বাড়িয়ে দিতে পারে।

৩. ঔষধ বা ইনসুলিন: যদি আগে থেকেই ডায়াবেটিসের ঔষধ খেয়ে থাকেন কিন্তু সুগার কন্ট্রোল না হয়, তবে আপনার ডাক্তার সাথে যোগাযোগ করে ডোজ বাড়ানোর প্রয়োজন হতে পারে। অনেক সময় ইনসুলিন ইনজেকশন প্রয়োজন হতে পারে যা সুগার নিয়ন্ত্রণে রাখতে এবং ওজন বাড়াতে সাহায্য করে।

৪. লক্ষণগুলো নোট করুন: যদি পাশাপাশি অতিরিক্ত তর্পন (Thirst), ঘন মলত্যাগ (Frequent Urination) বা দুর্বলতা অনুভব করেন, তবে দেরি না করে হাসপাতালে যান।

সতর্কবার্তা: ওজন হঠাৎ কমে যাওয়া শরীরের জন্য ক্ষতিকর হতে পারে। আমি একজন এআই, তাই নির্দিষ্ট ডোজ বা ঔষধের পরামর্শ দিতে পারি না। দয়া করে একজন রেজিস্টার্ড ডাক্তারের সাথে যোগাযোগ করুন এবং সঠিক চিকিৎসা নিন। আপনার সুস্থতার জন্য আমি আশাবাদী!"
Qwen3.5-9B,29,1,Symptoms and early detection,"সব সময় ক্লান্ত লাগে, এটা কি ডায়াবেটিসের লক্ষণ?","হ্যাঁ, অবশ্যই। ক্লান্তি বা তীব্র (Fatigue) ডায়াবেটিসের একটি খুব সাধারণ এবং প্রায়শই দেখা যায় এমন লক্ষণ।
যখন আপনার শরীরে ব্লাড সুগার (Blood Sugar) অতিরিক্ত বেড়ে যায়, তখন দেহের কোষগুলো ইনসুলিনের সাহায্য ছাড়াই গ্লুকোজ বা রক্তের চিনি গ্রহণ করতে পারে না। ফলে শরীরকে প্রচুর শক্তি পাওয়া যায় না এবং আপনি সবসময় ক্লান্ত বোধ করেন, এমনকি ঘুমিয়েও পূর্ণাঙ্গ বিশ্রাম পান না।
এছাড়াও ডায়াবেটিসের অন্যান্য লক্ষণগুলোতে মনোযোগ দিন:
অতিরিক্ত তৃষ্ণাবশীলতা (Excessive Thirst): খুব বেশি পানি চাইতে থাকেন।
ভূখুশি হওয়া (Frequent Urination): ঘণ্টায় একাধিকবার বারোবসে যান।
দ্রুত ওজন কমে যাওয়া: খাবার বেশি খেলেও ওজন কমতে থাকে।
চোখের সামনে ঝাপসা দেখা (Blurred Vision)।
পরামর্শ:
যদি আপনি নিয়মিত ডায়াবেটিসের মর্যাদায় আছেন, তবে সম্ভবত আপনার বর্তমান ডায়েট, ইনসুলিন ডোজ, বা মেডিসিন এর পরিমাণ সঠিকভাবে কাজ করছে না। দ্রুত আপনার ডাক্তারের সাথে যোগাযোগ করে আপনার লেভেল চেক করান।
আর যদি আপনি আগে কখনো ডায়াবেটিস নিয়ে পরীক্ষা করাননি, তবে দেরি না করে একজন অভিজ্ঞ ডাক্তার বা মেডিসিনের বিশেষজ্ঞের কাছে গিয়ে একটি হেমোগ্লোবিন এ১সি (HbA1c) এবং রক্তের সুগার লেভেল টেস্ট করান।
মনে রাখবেন, আলাদা কোনো ঘরোয়া ঔষধ বা পদ্ধতিতে এই ক্লান্তি দূর করার চেষ্টা করবেন না; সঠিক চিকিৎসা এবং ডায়েটের মাধ্যমেই এটি নিয়ন্ত্রণে আসবে।"
Qwen3.5-9B,29,2,Symptoms and early detection,"সব সময় ক্লান্ত লাগে, এটা কি ডায়াবেটিসের লক্ষণ?","হ্যাঁ, ডাক্তার হিসেবে আপনাকে বলতে চাই যে অতিরিক্ত ক্লান্তি বা দুর্বলতা (Extreme Fatigue) ডায়াবেটিসের একটি খুবই সাধারণ এবং গুরুত্বপূর্ণ লক্ষণ।
এর পেছনে মূল কারণ হলো শরীরে গ্লুকোজ (শর্করা) যথেষ্ট পরিমাণে থাকলেও, সেটা কোষের ভেতরে প্রবেশ করতে পারে না যদি ইনসুলিন-এর সমস্যা হয় বা ইনসুলিন সঠিকভাবে কাজ না করে। ফলে শরীরের প্রধান শক্তির উৎস পাওয়া যায় না, যার ফলে আপনি সবসময় ক্লান্ত লাগেন, ঘুমিয়েও বিশ্রাম পান না এবং মনে হয় অত্যন্ত দুর্বল হয়ে গেছেন।
আপনার এই লক্ষণটি উপেক্ষা করা উচিত নয়। দয়া করে নিচের কাজগুলো করুন:
১. ব্লাড সুগার চেক করুন: যদি আপনার কাছে গ্লুকোমিটার (Glucometer) থাকে, তবে এখনই ব্লাড সুগার লেভেল চেক করে দেখুন। এটি খুব উঁচু (Hyperglycemia) না কি খুব নিচে (Hypoglycemia) আছে তা জানা জরুরি।
২. ডাক্তারের পরামর্শ নিন: এই ক্লান্তির কারণ শুধু ডায়াবেটিসই হতে পারে, তাই দ্রুত আপনার চিকিৎসকের সাথে যোগাযোগ করুন। তিনি আপনার বর্তমান মেডিসিন বা ডোজ ঠিক করতে পারেন।
৩. পানি পান করে থাকুন: ডায়াবেটিসের সময় দেহে তরল হারিয়ে যায়, তাই প্রচুর পরিমাণে পানি খেতে হবে যাতে শরীর ডিহাইড্রেটেড না হয়।
৪. ডায়েট মেনে চলুন: মিষ্টি জাতীয় খাবার বা অতিরিক্ত কার্বোহাইড্রেট এড়িয়ে চলুন এবং প্রোটিন ও সবজির ভিত্তিতে খান।
সতর্কতা: যদি আপনার সাথে বমি করা, শ্বাসকষ্ট, অজ্ঞান হয়ে যাওয়া বা হঠাৎ সচেতনতা হারানোর মতো লক্ষণ দেখা দেয়, তবে দেরি না করে দ্রুত হাসপাতালে যোগাযোগ করুন।
আপনার সুস্থতার জন্য দোয়া রইল!"
Qwen3.5-9B,30,1,Symptoms and early detection,"চোখে ঝাপসা দেখা যাচ্ছে, এটা কি ডায়াবেটিস হওয়ার কারণে হয়েছে?","হ্যাঁ, ডায়াবেটিসের কারণে চোখে ঝাপসা দেখা বা দৃষ্টিশক্তি কমে যাওয়া একটি সিরিয়াস (গুরুতর) লক্ষণ হতে পারে। এটি সাধারণত ""ডায়াবেটিক রিটিনোপ্যাথি"" বা ডায়াবেটিসজনিত চোখের সমস্যার শুরুতে ঘটে, যা যদি দ্রুত না ঠিক করা হয় তবে স্থায়ী নাক্ষ্মতা হওয়ার ঝুঁকি থাকে।
ডাক্তার হিসেবে আমি আপনাকে নিচের বিষয়গুলো খুব সিরিয়াসলি বুঝিয়ে বলছি:
১. ব্লাড সুগার লেভেল: যখন আপনার রক্তে শর্করার মাত্রা (Blood Sugar) অত্যধিক বেড়ে যায়, তখন চোখের ভেতরের ফুলকা বা 'লেন্স' পানিশূন্য হয়ে ফুলে যেতে পারে। এটিই হলো ঝাপসা দেখার প্রধান কারণ। তবে একবার সুগার কমে গেলেও এই ঝাপসা দৃষ্টি কিছুদিন স্থায়ী থাকতে পারে, তাই ভয় পেবেন না, কিন্তু অবহেলা করবেন না।
২. পরবর্তী পদক্ষেপ: আপনি আজকেই আপনার সবচেয়ে কাছের ডায়াবেটোলজিস্ট বা চক্ষু বিশেষজ্ঞের (Ophthalmologist) সাথে যোগাযোগ করে একটি চোখের পরীক্ষা (Eye Exam) করুন। এটি জরুরি, কারণ প্রাথমিক স্তরে চিকিৎসা করলে অনেক সময় এই সমস্যা থেকে সরে যাওয়া যায়।
৩. তাত্ক্ষণিক ব্যবস্থা:
আপনার বর্তমান ডায়াবেটিক মেডিসিন বা ইনসুলিনের ডোজ ঠিক রাখুন।
খুব বেশি মিষ্টি জাতীয় খাবার এড়িয়ে চলুন।
যদি চোখের ব্যথা হয়, দৃষ্টি আরও কমতে থাকে, বা দেখতে পানোর ক্ষমতা হঠাৎ কমে যায়, তবে তাত্ক্ষণিকভাবে হাসপাতালে যান।
মনে রাখবেন, ডায়াবেটিস নিয়ন্ত্রণে রাখলে চোখের এই সমস্যাগুলো অনেকটাই বাঁচানো যায়। আজকেই একজন ডাক্তারের পরামর্শ নিন, এটি আপনার দৃষ্টিশক্তির জন্য জরুরি।"
Qwen3.5-9B,30,2,Symptoms and early detection,"চোখে ঝাপসা দেখা যাচ্ছে, এটা কি ডায়াবেটিস হওয়ার কারণে হয়েছে?","হ্যাঁ, আপনার চোখে ঝাপসা দেখা যাওয়া সম্ভবত ডায়াবেটিস-এর সরাসরি প্রভাবের কারণেই হয়েছে। ডাক্তার হিসেবে আমি আপনাকে বলতে পারছি যে, যখন রক্তে সুগার (Blood Sugar) অত্যধিক বা খুব কম হয়ে যায়, তখন চোখের লেন্সের পানির শতাংশ পরিবর্তিত হয়, যা ফলে দৃষ্টিশক্তি ঝাপসা লাগে। এছাড়াও, ডায়াবেটিসের কারণে চোখের রক্তনালীগুলো ক্ষতিগ্রস্ত হতে পারে (যাকে ডাক্তাররা ডায়াবেটিক রেটিনোপ্যাথি বলে), যা দীর্ঘমেয়াদে দৃষ্টিশক্তি কমাতে পারে।
কিন্তু মনে রাখবেন, চোখ ঝাপসা হওয়ার অন্য অনেক কারণও থাকতে পারে, যেমন:
বয়স্কাতিক সমস্যা (যেমন: ক্যাটারাট বা জ্যাম লাগা)।
চোখের চাপ বাড়ার সমস্যা (Glaucoma)।
রক্তচাপ কম বা বেশি হওয়া।
আমার পরামর্শ:
দয়া করে দেরি না করে একজন অকুলিস্ট (Eye Specialist) বা আপনার মূল ডায়াবেটিস ডাক্তার-এর কাছে যান। তারা একটি চোখের পরীক্ষা (যেমন: Fundus Examination) করবেন এবং আপনার বর্তমান ব্লাড সুগার লেভেল দেখে সঠিক কারণ খুঁজে বের করবেন।
সতর্কতা: যদি আপনি ব্যথা অনুভব করেন, চোখের সামনে আলোর ঝিলমিল দেখতে পান, বা দ্রুত দৃষ্টিশক্তি কমে যাচ্ছে, তবে তা একটি জরুরি অবস্থা হতে পারে। এমন ক্ষেত্রে দ্রুত হাসপাতালে যোগাযোগ করুন।
এই সমস্যাটি নিয়ন্ত্রণে রাখার জন্য আপনার বর্তমান ডায়াবেটিস মেডিকেশন (যেমন: ইনসুলিন বা ট্যাবলেট) এবং ডিট মেনে চলার প্রয়োজন আছে কিনা, তা ডাক্তারের পরামর্শ নিয়ে ঠিক করবেন। দয়া করে স্ব-চিকিৎসা করতে হবে না।"
Qwen3.5-9B,31,1,Symptoms and early detection,"শরীরে ক্ষত হলে দেরিতে শুকায়, এটা কি ডায়াবেটিসের লক্ষণ?","হ্যাঁ, আপনার বর্ণনা করা লক্ষণটি ডায়াবেটিসের একটি খুবই গুরুত্বপূর্ণ এবং সাধারণ লক্ষণ।
বৈজ্ঞানিকভাবে বলতে গেলে, যখন শরীরে ব্লাড সুগার (Blood Sugar) অত্যধিক বেড়ে যায়, তখন দেহের কোষগুলো ইনসুলিনের অভাবে গ্লুকোজ বা রক্তচিনি গ্রহণ করতে পারে না। এর ফলে ক্ষত হলে সেখানে পর্যাপ্ত অক্সিজেন এবং পুষ্টি উপাদান (Nutrients) পৌঁছায় না, যা ত্বকের নিরাময় প্রক্রিয়াকে ধীর করে দেয়। একে বৈজ্ঞানিকভাবে Delayed Wound Healing বলা হয়।
আপনার জন্য কিছু জরুরি পরামর্শ:
১. পরীক্ষা করুন: যদি আপনার শরীরে সাধারণ ক্ষত দ্রুত শুকিয়ে না যায় বা ঘায় (Scab) গড়ে উঠতে না পারে, তবে সবার আগে একজন ডাক্তারের কাছে যান এবং একটি HbA1c টেস্ট করে দেখুন কি না আপনার সুগার লেভেল নিয়ন্ত্রণে আছে।
২. ক্ষত পরিচর্যা: ক্ষতটি খুব পরিষ্কার রাখুন এবং স্টিরিলাইজড ব্যান্ডেজ ব্যবহার করুন। কোনো ধরণের ঘরোয়া ঔষধ বা ক্রিম বিনা পরামর্শে ব্যবহার করবেন না, কারণ ডায়াবেটিক ফুট (Diabetic Foot) বা সংক্রমণ হতে পারে যা খুব দ্রুত বিপজ্জনক হয়ে ওঠে।
৩. ডায়েট ও লাইফস্টাইল: মিষ্টি পানীয়, চিনি এবং প্রক্রিয়াজাত খাবার এড়িয়ে চলুন। নিয়মিত হাঁটাচলা বা ব্যায়াম করে রক্তের সঞ্চালন ভালো রাখুন।
সতর্কবার্তা:
যদি ক্ষতটিতে লালচে ভাব, গরম অনুভূতি, পুঁজ (Pus) বের হওয়া বা জ্বর আসে, তবে এটি সংক্রমণের লক্ষণ হতে পারে। এমন অবস্থায় তৎকালীনভাবে নিকটস্থ হাসপাতালের চর্মরোগ বিশেষজ্ঞ বা ডায়াবেটিস স্পেশালিস্টের সাথে যোগাযোগ করুন। নিজে থেকে চিকিৎসা শুরু না করে দ্রুত চিকিৎসকের পরামর্শ নিন।
আপনার সুস্থতা কামনা করছি!"
Qwen3.5-9B,31,2,Symptoms and early detection,"শরীরে ক্ষত হলে দেরিতে শুকায়, এটা কি ডায়াবেটিসের লক্ষণ?","হ্যাঁ, বন্ধু, আপনার পর্যবেক্ষণটি খুবই গুরুত্বপূর্ণ। শরীরে ক্ষত (চোঁট বা কাটা) দেরিতে শুকানো বা ভালো না জলার মূল কারণ হলো ডায়াবেটিস।
এটি একটি সাধারণ লক্ষণ নয়, বরং এটি ডায়াবেটিস রোগীর জন্য একটি সতর্ক সংকেত (Warning Sign)। এর পেছনের প্রধান কারণগুলো হলো:
১. রক্ত সঞ্চালন কমে যাওয়া: ডায়াবেটিস থাকলে শরীরের রক্ত নালী বা পিচ্ছিল নালীতে (Blood vessels) সমস্যা হতে পারে, যার ফলে ক্ষতস্থানে প্রয়োজনীয় অক্সিজেন এবং পুষ্টি পৌঁছাতে দেরি হয়।
২. ইমিউন সিস্টেম দুর্বল: ডায়াবেটিস থাকলে শরীরের রোগ প্রতিরোধ ক্ষমতা কমে যায়, তাই ছোটখাটো ক্ষতও দ্রুত সংক্রমিত (Infection) হতে পারে এবং জলতে শুরু করে না।
৩. নerves এর সমস্যা: অনেক সময় ডায়াবেটিসের কারণে স্নায়ুর কাজ থমকে যায়, ফলে আমরা ক্ষতটি অনুভব করি না বা সেটি যত্ন না নিই, যা পরে বড় সমস্যার (যেমন: গ্যাস্ট্র) কারণ হয়।
আপনার এখন কী করা উচিত?
ডায়াবেটিসের সুগার লেভেল চেক করুন: দেখুন আপনার ব্লাড সুগার (Blood Sugar) কি নিয়ন্ত্রণে আছে? যদি বেশি থাকে, তবে ক্ষত শুকানো কঠিন হবে।
ক্ষতটি পরিষ্কার রাখুন: ক্ষতটি পরিষ্কার পানি দিয়ে ধুয়ে নরম ব্যান্ডেজ দিয়ে ঢেকে দিন। কোনো ধুলো-বালি বা ময়লা না থাকতে নিশ্চিত হোন।
প্রোটিন ভিত্তিক ডায়েট: শরীরের টিস্যু ঠিক করার জন্য ডায়েটে প্রচুর পরিমাণে প্রোটিন (যেমন: ডাল, মাছ, ডিম) রাখুন।
ডাক্তারের পরামর্শ নিন: এটি খুব জরুরি। দয়া করে একজন ডায়াবেটিস বিশেষজ্ঞ বা চর্মরোগ বিশেষজ্ঞ (Dermatologist) দেখান। তারা ক্ষতটির অবস্থা দেখে প্রয়োজনে অ্যান্টিবায়োটিক বা অন্যান্য ঔষধ দেবেন।
সতর্কতা: যদি ক্ষতটি লাল হয়ে যায়, গন্ধ আসে, জ্বর হয় অথবা ফুলে ওঠা দেখা যায়, তবে পরিস্থিতি তীব্র। সেখানে দেরি না করে সাথে সাথে হাসপাতালে যান বা ডাক্তারের কাছে পৌঁছান।
ডায়াবেটিস নিয়ন্ত্রণে রাখলে এবং সতর্ক থাকলে এই সমস্যার অনেকটা ঝুঁকি কমানো যায়। আপনার সুগার লেভেল ভালো রাখুন এবং খাদ্যাভ্যাসে সাবধানতা অবলম্বন করুন।"
Qwen3.5-9B,32,1,Symptoms and early detection,"আমার সুগার লেভেল মাঝে মাঝে বেশি হয়, মাঝে মাঝে স্বাভাবিক থাকে এটা কি ডায়াবেটিসের লক্ষন?","হ্যাঁ, আপনার বলা যে ""মাঝে মাঝে সুগার বেশি হয় এবং মাঝে মাঝে স্বাভাবিক থাকে"", এটি ডায়াবেটিসের একটি খুবই সাধারণ লক্ষণ। ডাক্তাররা একে ""ফ্লাকচুয়েশন"" বা সুগারের উঠানামা বলা হয়।
এর মূল কারণ হলো—শরীরে ইনসুলিনের কাজ ঠিকমতো না হওয়ায় বা খাবার ও ব্যায়ামের পরিমাণে তারতম্য ঘটলে ব্লাড সুগার স্থির থাকতে পারে না। এটা শুধু লক্ষণ নয়, বরং আপনার রোগ নিয়ন্ত্রণে রাখার জন্য একটি গুরুত্বপূর্ণ সংকেত যেখানে ডাক্তারের সাথে আলোচনা প্রয়োজন।

এই পরিস্থিতিতে কী করবেন, তার কিছু জরুরি পরামর্শ:
১. সুগার লোডিং টেস্ট (Sugar Logging):
শুধু অনুমান না করে, প্রতিদিন সকালে এবং রাতের খাবারের পর ব্লাড সুগার চেক করুন। একটি নোটবুকে বা মোবাইল অ্যাপে লিখে রাখুন: কবে খাওয়া হয়েছে, কী খাওয়া হয়েছে, কতটিকায় সুগার ছিল, এবং কি কোনো ব্যায়াম করা হয়েছে। এই ডাটা দেখলে ডাক্তার বুঝতে পারবেন কোন সময়ে সুগার বাড়ছে।
২. ডায়েট ম্যানেজমেন্ট:
বাংলাদেশের খাবারের প্রকৃতির কথা মাথায় রেখে, মিষ্টি জাতীয় খাবার (চিনি, কলা, ফলজেলি) এবং শুকনো ফল (নারিকেল, আখের রস) পরিমিতে খান। প্রতিদিন নির্দিষ্ট সময়ে একই ধরণের খাবার খাওয়ার চেষ্টা করুন যাতে শরীরের ইনসুলিন সিক্রেট বা ডোজ ঠিক থাকে।
৩. মিডিকেশন রিভিউ:
যদি আপনি ইনসুলিন বা ট্যাবলেট খান, তবে মাঝে মাঝে সুগার কম-বেশি হওয়ার কারণটি বের করা জরুরি। হয়তো আপনার বর্তমান ডোজটি এখন পরিবর্তনের প্রয়োজন আছে অথবা খাবারের সময়সূচী ঠিক না মেনে চলার কারণে এটি হচ্ছে। একজন ডায়াবেটোলজিস্ট (ডায়াবেটিস বিশেষজ্ঞ) এর সাথে দেখা করে আপনার মেডিকেশন বা ইনসুলিন টাইমিং ঠিক করতে পারেন।
৪. ডায়রি রাখুন:
সুগার কখনোই শুধুমাত্র ""স্বাভাবিক"" নয়, এটি একটি রোগ যা নিয়ন্ত্রণে রাখতে হয়। যদি সুগার অনেক বেশি (যেমন ১৮০-এর উপরে) বা খুব কম হয়ে যায়, তবে দেরি না করে একজন ডাক্তারের সাথে যোগাযোগ করুন।
সতর্কবার্তা:
আপনার যদি বর্তমানে গভীর ক্লান্তি, অতিরিক্ত তন্দ্রাচ্ছন্নতা, বা বুকের ব্যথা হয়, তবে দেরি না করে একজন ডাক্তারের সাথে যোগাযোগ করুন। ডায়াবেটিসকে নিয়ন্ত্রণে রাখতে হলে ধৈর্য ধরে ডায়েট এবং মেডিকেশন মেনে চলতে হবে।"
Qwen3.5-9B,32,2,Symptoms and early detection,"আমার সুগার লেভেল মাঝে মাঝে বেশি হয়, মাঝে মাঝে স্বাভাবিক থাকে এটা কি ডায়াবেটিসের লক্ষন?","হ্যাঁ, ডাক্তার হিসেবে আপনাকে বলতে হবে যে, আপনার ব্লাড সুগার (Blood Sugar) মাঝে মাঝে বেশি এবং মাঝে মাঝে স্বাভাবিক হওয়াটি ডায়াবেটিসের একটি খুবই সাধারণ লক্ষণ।
একে চিকিৎসা ভাষায় ""Fluctuating Blood Sugar"" বা সুগারের ওঠানামা বলা হয়। বাংলাদেশে অনেক রোগীর ক্ষেত্রে এমনটা দেখা যায়, কারণ শরীরের ইনসুলিন (Insulin) কাজ করে না কিংবা খাবারের পরিমাণ/প্রকারভেদ অনুযায়ী সুগার কন্ট্রোল হতে দেরি হয়।
কিন্তু শুধু লক্ষণ দেখলেই ডায়াবেটিস নিশ্চিত করা যায় না, তাই একটু ধৈর্য ধরে বিষয়গুলো বুঝে নেওয়া জরুরি:
১. ফ্লুকচুয়েশন বা ওঠানামার কারণ:

যদি আপনি ইনসুলিন বা মিটাফর্মিন (Metformin) খাচ্ছেন, তবে ডোজ সঠিক না হলে বা খাবারের সময় ঠিকমতো ফলেনি না হলে এমন হয়।
বাংলাদেশের খাবার ধরণে (যেমন: চালের রুটি, মিষ্টি, বা চিনি মিশ্রিত খাবার) সুগার দ্রুত বেড়ে যায়, যা পরবর্তীতে কমে নিতে সময় নেয়।
মানসিক চাপ (Stress), কম ঘুম, বা অতিরিক্ত ব্যায়ামের অভাবও সুগার বাড়িয়ে দিতে পারে।
২. কিছু জরুরি কাজ যা এখনই করতে হবে:

সঠিক ডায়েট: খাবারের পরিমাণ কমান এবং প্রচুর পানি পান করুন। বাংলাদেশের গ্রাম-শহরের মানুষের মধ্যে 'মিষ্টি' বা চিনিজাতক খাবার কমিয়ে আনা খুব জরুরি।
নিয়মিত মনিটরিং: আপনার সুগার লেভেল নিয়মিত চেক করুন (যেনো ফাস্টিং এবং পোস্ট-প্রান্ডিয়াল বা খাওয়ার পরের সুগার জানতে পারেন)।
ব্যায়াম: হাঁটাচলা বা হালকা ব্যায়াম করে রক্তে সুগার কমিয়ে আনুন।
সতর্কতা:
যদি আপনার সুগার লেভেল খুব দ্রুত ২৫০ mg/dL এর উপরে যায় অথবা আপনি বমি, প্রচুর পিপাসা, বা অজ্ঞান হয়ে যান, তবে এটি ডায়াবেটিক কিটোএসিডোসিস হতে পারে। এমন ক্ষেত্রে দেরি না করে অবশ্যই একজন ডাক্তারের সাথে যোগাযোগ করুন।

আমি চিকিৎসক নই, তাই সঠিক ওষুধের ডোজ বা ইনসুলিনের পরিমাণ বদলানোর আগে অবশ্যই আপনার নিয়মিত ডাক্তারের পরামর্শ নিন। সুস্থ থাকুন!"
Qwen3.5-9B,33,1,Special situations,ডায়াবেটিস রোগীর জন্য রমজান মাসে রোজা রেখে ইনসুলিন বা ওষুধ সমন্বয় করার সঠিক নিয়ম কী?,"আপনার প্রশ্নটি খুবই গুরুত্বপূর্ণ এবং অনেক ডায়াবেটিস রোগীর (ডায়াবির) জন্য রমজান মাসে একটি বড় চ্যালেঞ্জ। আমি একজন ডাক্তারের নজরে আপনাকে সাহস দিচ্ছি, তবে মনে রাখবেন: প্রতিটি রোগীর শরীর ভিন্ন হয়, তাই আপনার ডাক্তারের পরামর্শ ছাড়া ওষুধ বা ইনসুলিনের ডোজ নিজে থেকে পরিবর্তন করা উচিত নয়।

তবে সাধারণ নিয়মগুলো এবং ডাক্তাররা যে বিষয়গুলো মাথায় রাখেন, তা নিচে সহজভাবে বুঝিয়ে দিচ্ছি:

১. ইনসুলিন ব্যবহারকারীদের জন্য (Insulin Users)
ইনসুলিন ব্যবহারকারীদের রোজা রাখতে অনেক বেশি সতর্কতা প্রয়োজন। সাধারণ নিয়মগুলো হলো:

ডোজ কমানো: সাধারণত সুবহের ইনসুলিনের ডোজ কিছুটা কমিয়ে নেওয়া হয় (যেমন: ২০-৩০%), কারণ রাত জাগে না এবং খাবার কম। তবে এটি শুধুমাত্র ডাক্তারের নির্দেশেই হতে হবে।
সময় পরিবর্তন: অনেক সময় সুবহরের ইনসুলিনকে 'ফাস্ট' (Fasting) বা রোজা শুরু করার সময় দেওয়া হয়, আর 'সুপির' (Suhoor) বা ভোরের খাবারের আগে ১ ঘণ্টা আগে দেওয়া হয়। এটি ব্লাড সুগার কন্ট্রোল রাখতে সাহায্য করে।
ব্রেক ফাস্ট (ইফতার): ইফতারের পর ইনসুলিন দেওয়ার সময় খেয়ে নেওয়ার সাথে সাথে না দিয়ে, ৩০-৪৫ মিনিট ব্যবধান রাখা ভালো, যাতে হাইপোগ্লাইসেমিয়া (ব্লাড সুগার অত্যন্ত কম পড়া) হয় না।
২. ওষুধ (Oral Medication) ব্যবহারকারীদের জন্য
যারা মেটফর্মিন বা অন্য কোনো ট্যাবলেট খান, তাদের জন্য নিয়ম একটু ভিন্ন হতে পারে:

সময় পরিবর্তন: অনেক ডাক্তার সুপিরের ওষুধকে 'ফাস্ট' (রোজা শুরু করার সময়) এবং ইফতারের ওষুধকে 'ইফতার' সময় দেওয়ার পরামর্শ দেন।
ডোজ পরিবর্তন: কিছু ওষুধের ডোজ কমানো বা বাড়ানো প্রয়োজন হতে পারে, যা শুধুমাত্র আপনার ডাক্তারের সিদ্ধান্তে হবে।
৩. খাবার ও পানির ব্যবস্থাপনা (Diet & Hydration)
ডায়েট হলো রমজানে ব্লাড সুগার কন্ট্রোল করার সবচেয়ে গুরুত্বপূর্ণ অংশ:

ইফতার: ইফতারের সময় তরল খাবার (দুধ, ফলের রস) শেষে খাওয়াবেন না। আগে কিছু পরিপক্ক ফল বা সালাদ খান, তারপর প্রোটিন (ডাল, মাছ, চিকেন), এবং শেষে কার্বোহাইড্রেট (রুটি, ভাত)। এতে ব্লাড সুগার ধীরে ধীরে বাড়বে।
সুপির: ভোরের খাবারে অতিরিক্ত গমজাত খাবার বা মিষ্টি জাতীয় পদ এড়িয়ে চলুন। হালকা এবং প্রোটিন সমৃদ্ধ খাবার (যেমন: ডিম, দুধ) ভালো।
পানি: ইফতারের পর থেকে সুবহর পর্যন্ত যথেষ্ট পরিমাণ পানি পান করুন। তুষ্টি বা লোভ না করে ধীরে ধীরে পানি খান।
৪. নিরাপত্তা ও সতর্কতা (Safety First)
রমজানে ডায়াবেটিস রোগীদের জন্য কিছু ""রেড ফ্ল্যাগ"" (Red Flag) আছে, যেগুলো দেখলে দ্রুত ডাক্তারের কাছে যাবেন:

ব্লাড সুগার মনিটরিং: প্রতিদিন অন্তত ৩ বার ব্লাড সুগার চেক করুন: ইফতারের পর ২ ঘণ্টায়, রাতের বেলায় (সুপিরের আগে), এবং সুবহরের সময়।
সাইড ইফেক্ট: যদি আপনি মাথা ঘোরা, হাত-পা কাঁপা, অতিরিক্ত দুর্বলতা বা ঘামে ফেটে যাওয়ার মতো লক্ষণ দেখেন, তাই হাইপোগ্লাইসেমিয়ার (ব্লাড সুগার কম পড়ার) লক্ষণ। এতে সাথে সাথে কিছু মিষ্টি জাতীয় খাবার বা চিনির পানি খেতে হবে এবং ডাক্তারের সাথে যোগাযোগ করতে হবে।
কমপ্লিকেশন: যদি আপনার কিডনি সমস্যা, নেট্রোপ্যাথি (চোখের সমস্যা) বা ফুটের ঘা থাকে, তবে রোজা রাখা উচিত নয় অথবা ডাক্তারের বিশেষ পরামর্শ ছাড়া যাবে না।
চূড়ান্ত পরামর্শ
রমজান মাসে ইনসুলিন বা ওষুধের পরিবর্তন করা একটি জটিল বিষয়। তাই আপনার ডাক্তারের সাথে আগে থেকেই কথা বলুন এবং রোজা শুরু করার আগে আপনার বর্তমান ডোজ এবং খাবারের প্ল্যান নিয়ে পরামর্শ নিন।

মনে রাখবেন, ইসলামি শরিয়ত অনুযায়ী যদি রোজা রাখলে জীবন বা স্বাস্থ্যের জন্য হুমকি হয়, তবে রোজা ফরজ নয়। তাই নিজের সুস্থ থাকাই আপনার ওয়াজিব (واجب)।

আপনার যদি বর্তমানে কোনো নির্দিষ্ট লক্ষণ দেখা যায় অথবা ডাক্তারের সাথে কথা বলতে না পারেন, দয়া করে দ্রুত নিকটস্থ হাসপাতালে বা ডাক্তারের কাছে যান।"
Qwen3.5-9B,33,2,Special situations,ডায়াবেটিস রোগীর জন্য রমজান মাসে রোজা রেখে ইনসুলিন বা ওষুধ সমন্বয় করার সঠিক নিয়ম কী?,"আপনার এই প্রশ্নটি খুবই গুরুত্বপূর্ণ এবং সঠিক উত্তর দেওয়া জরুরি, কারণ রমজান মাসে ডায়াবেটিস রোগীদের জন্য ইনসুলিন বা ওষুধের ব্যবস্থাপনা একটু ভিন্ন হতে পারে। আমি একজন চিকিৎসক হিসেবে আপনাকে সতর্ক করে বলছি: নিজে থেকেই ওষুধের মাত্রা কমিয়ে দেওয়া বা ইনসুলিন বন্ধ করা ঝুঁকিপূর্ণ, কারণ এতে হাইপোগ্লাইসেমিয়া (রক্তে শর্করা অত্যধিক কমে যাওয়া) বা ডায়াবেটিক কিটোএসিডোসিসের মতো জীবনঘাতী সমস্যা হতে পারে।

রমজানে ইনসুলিন বা ওষুধ ব্যবস্থাপনার সঠিক নিয়মগুলো নিচে সহজভাবে বুঝিয়ে বলছি:

১. ডাক্তারের পরামর্শ ছাড়া কিছু করবেন না:
প্রথমেই মনে রাখবেন, আপনার ইনসুলিন বা ওষুধের ডোজ (Dose) পরিবর্তন করার আগে অবশ্যই আপনার চিকিৎসকের সাথে কথা বলুন। প্রতিটি রোগীর শরীর ভিন্ন হয়; কারো জন্য ১০ ইউনিট ইনসুলিন যথেষ্ট হতে পারে, আবার কারো জন্য বেশি দরকার হবে। তাই ডাক্তারের নির্দেশনা অনুযায়ীই কাজ করুন।

২. রমজানের সময় ইনসুলিন নিয়ম:

ফাস্টিং (বিরত থাকার) সময়ে: সাধারণত ফাস্টিংয়ের সময় রক্তে শর্করার মাত্রা কিছুটা কমতে পারে, কিন্তু এটি ঝুঁকিপূর্ণ না হলেও নিয়ন্ত্রণে রাখা জরুরি। অনেক ডাক্তাররা ইনসুলিনের ডোজ কয়েকটি ভাগ করে দেন:
পূর্বাহ্ন (Subh-e-Sahur): সাহুর খাবারের ৩০-৪৫ মিনিট আগে ইনসুলিন লেগে দেওয়া হয়।
মাগরিব: ইফতার করার ১ ঘণ্টা আগে বা ইফতারের সাথে সাথে ইনসুলিন দেওয়া হয়।
তাহাজ্জুদ/উমরাহ (Optional): কিছু ক্ষেত্রে তাহাজ্জুদের পরেও ডোজ দেওয়া যেতে পারে, তবে এটি ডাক্তারের মূল্যায়নের ওপর নির্ভর করে।
টাইপ ১ ডায়াবেটিস: এই রোগীদের জন্য সাধারণত লং-অ্যাকশন (Long-acting) এবং শর্ট-অ্যাকশন (Short-acting) ইনসুলিনের কম্বিনেশন ব্যবহার করা হয়। ফাস্টিংয়ের সময় ডোজ কমানোর বিষয়টি স্টেপ-বাই-স্টেপ করে শুরু করতে হয়, যেন রক্তে শর্করা খুব দ্রুত না পড়ে।
৩. ওষুধ (Oral Medication) ব্যবহার:
যারা ট্যাবলেট (যেমন মেটফর্মিন বা সুলফোনিল ইউরিয়া গ্রুপের ওষুধ) খান, তাদের জন্য কিছু নিয়ম আছে:

সকালবেলা: সাহুর পর থেকে মাগরিব পর্যন্ত রক্তে শর্করা কমে যেতে পারে, তাই অনেক ডাক্তাররা সকালের ডোজ কমাতে বলেন অথবা ওষুধটি ইফতারের সময় নেওয়ার পরামর্শ দেন। তবে এটি নির্দিষ্ট করে শুধুমাত্র ডাক্তার বলা উচিত।
সন্ধ্যা: মাগরিবের পর থেকে সুহুর পর্যন্ত রক্তে শর্করা বাড়ে, তাই ইফতার এবং সুহুরের সময় ওষুধের ডোজ বাড়ানোর প্রয়োজন হতে পারে।
বিটাক্স (Bitter) ওষুধ: কিছু ওষুধের ফলে পেটে ব্যথা বা বমি হতে পারে, তাই ইফতারের খাবার সহজ রাখা জরুরি।
৪. খাদ্যাভ্যাস এবং পানি পান:

ইফতার: ইফটারের সময় একবারে অনেক কিছু না খেয়ে ধীরে ধীরে শুরু করুন। প্রথমে কিছু পানি, তারপর ফল বা আলু-শাকসবজি, শেষে রুটি বা চালের খাবার খান। এতে ব্লাড সুগার দ্রুত উঠে না।
সুহুর: সুহুরের খাবারে প্রচুর প্রোটিন (ডিম, মাছ, মুরগি) এবং ফাইবারযুক্ত খাবার রাখুন যা রাতে শর্করা নিয়ন্ত্রণে রাখতে সাহায্য করে। মিষ্টি জাতীয় খাবার বা চিনি এড়িয়ে চলুন।
পানি: দিনভর পানি খুব বেশি না পান, বরং ধীরে ধীরে পান করুন যাতে শোষিত হতে পারে।
৫. নিয়মিত মনিটরিং:
রমজান মাসে প্রতিদিন রক্তে শর্করা (Blood Sugar) পরীক্ষা করা জরুরি। বিশেষ করে ইফতারের আগে, ইফতারের পর এবং সুহুরের সময় চেক করুন। যদি ব্লাড সুগার খুব বেশি বা খুব কম হয়ে যায়, তবে তাৎক্ষণিকভাবে ডাক্তারকে জানান।

সতর্কতা:
যদি আপনি যেকোনো কারণে (যেমন: গুরুতর জ্বর, প্রচুর শ্বাসকষ্ট, বা উল্টে ফেলা) রোজা রাখতে না পারেন, তবে অবশ্যই ডাক্তারের পরামর্শ অনুযায়ী ইনসুলিন বা ওষুধের মাত্রা সাময়িকভাবে বাড়িয়ে নিন এবং রোজা ত্যাগ করুন। এটি আপনার জীবনের জন্য বেশি গুরুত্বপূর্ণ।

সারকথা:
রমজানে ডায়াবেটিস নিয়ন্ত্রণ করা সম্ভব, তবে তা সঠিক পরিকল্পনা এবং চিকিৎসকের তত্ত্বাবধানেই করতে হবে। নিজের মনে করে ওষুধ পরিবর্তন করবেন না। আজই আপনার নিকটস্থ ডায়াবেটোলজিস্ট বা এন্ডোক্রিনোলজিস্টের সাথে যোগাযোগ করে রমজানের প্ল্যান করুন।

আপনার রমজান মাসটি শুভ এবং সুস্থ থাকার জন্য দোয়া করছি! কোনো আরও প্রশ্ন থাকলে জিজ্ঞেস করতে পারেন।"
Qwen3.5-9B,34,1,Special situations,গর্ভাবস্থায় ডায়াবেটিস কেন হয় বা হলে কি তা বাচ্চার ক্ষতি করতে পারে?,"দেখুন মা, আপনার প্রশ্নটি খুবই গুরুত্বপূর্ণ এবং সঠিক। আমি যেন একজন চিকিৎসকের মতো আপনার সাথে কথা বলতে পারি, তাই ধীরে ধীরে বুঝিয়ে বলছি।

গর্ভাবস্থায় ডায়াবেটিস কেন হয়?
বাংলাদেশের অনেক নারী গর্ভবতী হলে দেখেন তাদের ব্লাড সুগার বেড়ে যায়, যাকে চিকিৎসা জগতে জুরো-আইডিয়াল প্লেগনেসি ডায়াবেটিস (Gestational Diabetes) বলে। এর মূল কারণ হলো গর্ভাবস্থায় শরীরে প্রাকৃতিকভাবে একটি হরমোন (Placental Hormone) তৈরি হয় যা ইনসুলিনের কাজকে সাময়িকভাবে কমিয়ে দেয় বা রোধ করে। যখন মাটির ইনসুলিন যথেষ্ট পরিমাণে উৎপাদন করতে পারে না, তখনই ব্লাড সুগার বেড়ে যায় এবং ডায়াবেটিস হয়ে যায়। এটি সাধারণত জেনেটিক বা পূর্বের ইতিহাসের কারণে নয়, বরং গর্ভাবস্থার হরমোনের পরিবর্তনের কারণে হয়।

বাচ্চার ক্ষতি করতে পারে কি?
হ্যাঁ, যদি ডায়াবেটিস নিয়ন্ত্রণ না করা যায় এবং ব্লাড সুগার খুব বেশি থাকে, তবে তা বাচ্চার ওপর কিছু নেতিবাচক প্রভাব ফেলতে পারে:

১. জন্মের আগে বাচ্চার ওজন বেড়ে যাওয়া (Macrosomia): অতিরিক্ত সুগার শক্তির উৎস হিসেবে কাজ করে, ফলে বাচ্চার শরীর খুব দ্রুত বড় হয়ে যায়। এতে প্রসবকালীন জটিলতা হওয়ার ঝুঁকি থাকে।
২. শ্বাসকষ্ট বা হলুদ রোগ (Hypoglycemia): প্রসবের পরপরই নবজাতকের শরীরে সুগারের মাত্রা খুব কম হয়ে যেতে পারে, যা জীবনযুদ্ধের জন্য ঝুঁকিপূর্ণ।
৩. ভবিষ্যতের স্বাস্থ্যঝুঁকি: গর্ভাবস্থায় ডায়াবেটিস না নিয়ন্ত্রণ করলে বাচ্চার ভবিষ্যতেও ওজন বাড়ার সমস্যা বা ডায়াবেটিস হওয়ার ঝুঁকি বেড়ে যায়।

তবে আশার খোঁজ আছে!
ভয় পাবেন না মা। বাংলাদেশে এবং বিশ্বের অনেক জায়গায় দেখা গেছে, যদি ব্লাড সুগার নিয়মিত চেক করা হয় এবং সঠিক ডায়েট ও লাইফস্টাইল মেনে চললে, বাচ্চার ক্ষতি হওয়ার সম্ভাবনা প্রায় শূন্য হয়ে যায়।

আপনার এখন যা করণীয়:

ডায়াবেটিস ফ্রেন্ডলি ডায়েট: মিষ্টি, চিনি এবং সাদা চাল কম খান। জাতীয় রান্নার পদ্ধতিতে তেল ও লবণের পরিমাণ কমান। শাকসবজি এবং প্রোটিন (ডিম, মাছ, ছানা) বেশি খান।
নিয়মিত ব্যায়াম: চিকিৎসকের পরামর্শ অনুযায়ী হালকা হাঁটা বা গভীর শ্বাস নিতে পারেন, এটি ব্লাড সুগার কমাতে সাহায্য করে।
নিয়মিত টেস্ট: ঘরোয়া কিট দিয়ে বা ক্লিনিকে ব্লাড সুগার নিয়মিত মাপুন এবং রিপোর্ট ডাক্তারকে দেখান।
ইনসুলিন: যদি ডায়েট দিয়ে সুগার কমানো যায় না, তবে ডাক্তারের পরামর্শে ইনসুলিন নেওয়া সম্পূর্ণ নিরাপদ এবং বাচ্চার জন্য জরুরি। এটি বাচ্চার ক্ষতি করে না বরং বাঁচায়।
মনে রাখবেন, গর্ভাবস্থায় ডায়াবেটিস একটি সাধারণ বিষয় এবং এর সঠিক চিকিৎশার মাধ্যমে আপনি ও আপনার বাচ্চার দুজনেরই স্বাস্থ্য নিরাপদে রাখতে পারেন। ভয় পাবেন না, শুধু ডাক্তারের নির্দেশনা মেনে চলুন।"
Qwen3.5-9B,34,2,Special situations,গর্ভাবস্থায় ডায়াবেটিস কেন হয় বা হলে কি তা বাচ্চার ক্ষতি করতে পারে?,"ডিয়ার মা/বাবা, আপনার প্রশ্নটি খুবই গুরুত্বপূর্ণ। আমি একজন চিকিৎসক হিসেবে আপনাকে সম্পূর্ণ বোঝার চেষ্টা করছি এবং সহজ ভাষায় বুঝিয়ে দিচ্ছি।

১. গর্ভাবস্থায় ডায়াবেটিস কেন হয়? (Gestational Diabetes)
সাধারণত গর্ভাবস্থায় শরীরে প্রোজেস্টেরন (Progesterone) এবং এস্ত্রোজেন (Estrogen) হরমোনের মাত্রা অনেক বেড়ে যায়। এই হরমোনগুলো প্লাসেন্টার মাধ্যমে বাচ্চার ওজন বাড়ানোর জন্য কাজ করে, কিন্তু একই সাথে এটি শরীরের ইনসুলিনের কাজে বাধা দেয়—যাকে আমরা ""ইনসুলিন রেজিস্ট্যান্স"" বলি।

গর্ভাবস্থায় ডায়াবেটিস হয় মূলত তখনই যখন গর্ভবতী নারীর শরীর এই অতিরিক্ত হরমোনের বিরুদ্ধে লড়াই করতে ইনসুলিনের পরিমাণ বাড়াতে ব্যর্থ হয়ে যায়। সহজ কথায়, আপনার শরীরে সুগার নিয়ন্ত্রণ করার জন্য প্রয়োজনীয় ইনসুলিন তৈরি হচ্ছে না বা কাজ করছে না, ফলে রক্তে সুগারের মাত্রা বেড়ে যায়। এটি সাধারণত কোনো দোষের কারণে নয়, বরং গর্ভাবস্থার স্বাভাবিক ফিজিওলজিক্যাল পরিবর্তনের একটি রূপ।

২. বাচ্চার ক্ষতি করতে পারে কি?
হ্যাঁ, যদি ডায়াবেটিস নিয়ন্ত্রণ না করা হয় এবং ব্লাড সুগার খুব বেশি থাকে, তবে তা বাচ্চার ওপর কিছু নেতিবাচক প্রভাব ফেলতে পারে। তবে চিন্তার কিছু নেই, কারণ শুধুমাত্র ডায়েট, ব্যায়াম এবং প্রয়োজনে ইনসুলিনের মাধ্যমে সুগার নিয়ন্ত্রণ করলে বাচ্চার কোনো ক্ষতি হয় না।

নিচে ঝুঁকির বিষয়গুলো আলোচনা করা হলো:

বৃহৎ শরীর (Macrosomia): বেশি সুগার থাকলে বাচ্চার কোষগুলো বড় হয়ে যায়, ফলে জন্মের সময় বাচ্চার ওজন খুব বেশি হতে পারে। এটি ডেলিভারির সময় ঝুঁকি তৈরি করতে পারে (যেমন: সেকশন প্রয়োজন হওয়া)।
জন্মের পর শ্বাসকষ্ট: অনেক ক্ষেত্রে বাচ্চারা জন্মের পর কিছুদিনের জন্য শ্বাসকষ্টের সমস্যায় পড়তে পারে, যা চিকিৎসার মাধ্যমে দ্রুত সারানো যায়।
ভবিষ্যতে ডায়াবেটিস: গর্ভাবস্থায় ডায়াবেটিস থাকলে বাচ্চারা ভবিষ্যতে (বয়ঃপ্রাপ্ত বয়সে) টাইপ ২ ডায়াবেটিস হওয়ার ঝুঁকিতে থাকে।
আমার পরামর্শ ও নিরাপত্তা সতর্কতা:
দেখুন, এই সমস্যার কোনো স্থায়ী বা অসহনীয় দিক নেই যদি আপনি সময়মতো চিকিৎসা নেন। বাংলাদেশের অনেক গর্ভবতী মাতা ইনসুলিন এবং ডায়েট কন্ট্রোল করে সুস্থ বাচ্চা জন্ম দিয়েছেন।

আপনার এখন যা করা উচিত:
১. নিয়মিত চেকআপ: আপনার ডাক্তারের পরামর্শ অনুযায়ী প্রতি সপ্তাহে ব্লাড সুগার (Fasting & Post-prandial) এবং HbA1c টেস্ট করবেন।
২. ডায়েট কন্ট্রোল: মিষ্টি, চিনি, ফলের রস এবং জাতীয় খাবার (যেমন: পিঠা, পোলাও) এড়িয়ে চলুন। খাবারের পরিমাণ কমিয়ে দিবেন কিন্তু পুষ্টিকর খাবার (পালং শাক, ডিম, মাছ) খাবেন।
৩. হালকা ব্যায়াম: ডাক্তারের অনুমতি নিয়ে হাঁটাচলা বা ঘোরাফেরা করুন, এটি সুগার নিয়ন্ত্রণে সাহায্য করে।
৪. ইনসুলিন: যদি ডাক্তার ইনসুলিন দেন, তবে তা ঠিকমতো শট দিন এবং মিস করবেন না।

সতর্কবার্তা:
যদি আপনি বাচ্চাকে যেকোনো জটিলতা দেখেন (যেমন: অতিরিক্ত বুক ফুলে যাওয়া, পানি আসা, বা মাথা খুব দ্রুত বড় হওয়া), তবে অপরিহিত ডাক্তারের সাথে যোগাযোগ করুন। এই সমস্যাগুলো সাধারণত সিম্পল ইনসুলিন ট্রিটমেন্ট এবং ডায়েট পরিবর্তনের মাধ্যমেই দ্রুত নিয়ন্ত্রণে আসে।

মন খারাপ করবেন না, আপনার শরীরের এই পরিবর্তনটি সাময়িক। শুধু ডাক্তারের পরামর্শ মেনে চললে আপনি এবং আপনার বাচ্চা দুজনই সুস্থ থাকবেন। কোনো প্রশ্ন থাকলে নিশ্চিন্তে জিজ্ঞাস করুন।"
Qwen3.5-9B,35,1,Special situations,"আমার বাবা-মায়ের ডায়াবেটিস আছে, আমার হওয়ার সম্ভাবনা কতটুকু?","দাদা-দিদির (বাবা-মা) ডায়াবেটিস থাকলে আপনার হওয়ার ঝুঁকি বা সম্ভাবনা কিছুটা বেড়ে যায়, কিন্তু এটা মানেই আপনি অবশ্যই ডায়াবেটিক্স হয়ে যাবেন না।

চিকিৎসা বিজ্ঞানের ভাষায় একে 'হেরিটেবল প্রিপোজিশন' বা জিনগত ঝুঁকি বলা হয়। যদি আপনার বাবা-দুজনেই ডায়াবেটিস থাকেন, তবে আপনার হওয়ার সম্ভাবনা সাধারণ মানুষের চেয়ে বেশি (প্রায় ৩০-৪০% পর্যন্ত)। কিন্তু মনে রাখবেন, জিন শুধুই একটি 'ফ্যাক্টর' বা কারণ, এর পাশাপাশি লাইফস্টাইল খুব গুরুত্বপূর্ণ ভূমিকা পালন করে।

অর্থাৎ, যদি আপনি নিচের কাজগুলো সঠিকভাবে করেন, তবে এই জিনগত ঝুঁকিকে অনেক কমিয়ে আনা সম্ভব:

১. ওজন কন্ট্রোল: ডায়াবেটিস ২ টাইপে ওজন বেড়ে যাওয়া একটি প্রধান কারণ। তাই নিজের ওজন স্বাস্থ্যসম্মত রাখুন।
২. শারীরিক সক্রিয়তা: প্রতিদিন অন্তত ৩০ মিনিট হাঁটাচলা বা কোনো এক ধরনের ব্যায়াম করুন। এতে কোষগুলো ইনসুলিন ভালোভাবে কাজ করতে পারে।
৩. সঠিক ডায়েট: মিষ্টি, ফাস্টফুড এবং প্রক্রিয়াজাত খাবার কম খান। পালং শাক, সবজি এবং সম্পূর্ণ গম (whole grain) বেশি খান।
৪. নিয়মিত চেকআপ: আপনার ব্লাড সুগার লেভেল নিয়মিত মনিটর করুন, বিশেষ করে ফাস্টিং বাউল্ড সুগার এবং HbA1c টেস্ট।

সহজ কথায়, জিন দিয়ে শুরু হলেও, সঠিক অভ্যাসের মাধ্যমে আপনি এই রোগ থেকে অনেকটা দূরে থাকতে পারেন। নিয়মিত ডাক্তারের পরামর্শ নিন এবং স্বাস্থ্যকর জীবনযাপন করুন। কোনো অস্বাভাবিক লক্ষণ দেখলে দেরি না করে একজন বিশেষজ্ঞ চিকিৎসকের সাথে কথা বলুন।"
Qwen3.5-9B,35,2,Special situations,"আমার বাবা-মায়ের ডায়াবেটিস আছে, আমার হওয়ার সম্ভাবনা কতটুকু?","দাদা-দিদির ডায়াবেটিস থাকলে আপনার হওয়ার ঝুঁকি (Risk) একটু বেড়ে যায়, কিন্তু এটা নিশ্চিত নয় যে আপনি অবশ্যই আক্রান্ত হবেন। এটি মূলত হেরিটেবল বা জিনগত কারণ এবং লাইফস্টাইল এর ওপর নির্ভর করে।

সাধারণত ডায়াবেটিস দুই ধরণের হয়:

১. Type 2 Diabetes (দ্বিতীয় ধরণের): এটি বাংলাদেশে সবচেয়ে বেশি দেখা যায় এবং এতে জিনগত প্রবণতা বা পারিবারিক ইতিহাস খুব গুরুত্বপূর্ণ ভূমিকা রাখে। যদি আপনার বাবা-মা Type 2 ডায়াবেটিস আক্রান্ত হয়ে থাকেন, তবে আপনার হওয়ার সম্ভাবনা সাধারণ মানুষের তুলনায় ২ থেকে ৩ গুণ বেশি হতে পারে। তবে এটা বোঝার জন্য শুধু জিনই নয়, আপনার ওজন, খাদ্যাভ্যাস এবং শারীরিক ক্রিয়াকলাপও প্রভাব ফেলে।

২. Type 1 Diabetes (প্রথম ধরণের): এটি মূলত ইমিউন সিস্টেমের সমস্যায় হয় এবং জিনগত কারণের চেয়ে পরিবেশগত কারণ বেশি ভূমিকা রাখে। এই ধরণে পারিবারিক ইতিহাসের প্রভাব Type 2 তুলনায় কম।

আপনার ঝুঁকি কমানোর উপায়:
যদি আপনার বাবা-মা ডায়াবেটিস আক্রান্ত হয়ে থাকেন, তবে নিচের জিনিসগুলো খেয়াল রাখলে আপনি অনেকটা সুরক্ষিত থাকতে পারেন:

ওজন নিয়ন্ত্রণ: অতিরিক্ত ওজন বা বুকি (Obesity) এড়িয়ে চলুন।
সুস্থ ডায়েট: শর্করাযুক্ত খাবার (Sugar, Maida), চিনি এবং ফাস্টফুড কম খান। প্রচুর সবজি, ফলমূল এবং প্রোটিন খান।
নিয়মিত ব্যায়াম: প্রতিদিন অন্তত ৩০ মিনিট হাঁটা বা অন্য কোনো ব্যায়াম করুন। এটি আপনার শরীরে ইনসুলিনের কাজকে ভালো করে।
নিয়মিত চেকআপ: বছরে একবার অন্তত ব্লাড সুগার এবং HbA1c টেস্ট করিয়ে নিন, বিশেষ করে যদি আপনি ৩০-৪৫ বছরের বেশি বয়সী হন।
বৈজ্ঞানিক পরামর্শ:
পরিবারে ডায়াবেটিস থাকলে তা ভয়ের বিষয় নয়, বরং এটি একটি সতর্কবার্তা। আপনি যদি সুস্থ জীবনযাপন করেন এবং নিয়মিত ব্যায়াম ও ডায়েট মেনে চলেন, তবে অনেক সময় বাবা-মাদের ঝুঁকির মধ্যেও ডায়াবেটিস থেকে মুক্তি পাওয়া সম্ভব।

সতর্কতা:
আপনার যদি শরীরে কিছু লক্ষণ দেখা দেয় (যেমন: অতিরিক্ত তীব্র ক্ষুধা, প্রচুর পানি খাওয়ার ইচ্ছা, প্রচুর মূত্রনোদগম, বা দ্রুত ওজন হ্রাস), তবে দেরি না করে একজন ডাক্তারের পরামর্শ নিন। কোনো স্ব-চিকিৎসা বা ঘরোয়া উপায় ছাড়া ব্লাড সুগার নিয়ন্ত্রণ করার চেষ্টা করবেন না।"
Qwen3.5-9B,36,1,Special situations,ডায়াবেটিস হলে কি প্রেগনেন্সিতে কোন সমস্যা হয়?,"হ্যাঁ, ডায়াবেটিস থাকলে গর্ভাবস্থায় (pregnancy) কিছু ঝুঁকি বা সমস্যা হওয়ার সম্ভাবনা থাকে। তাই এটা খুব গুরুত্বপূর্ণ বিষয় যে আপনি একজন ডাক্তারের নজরাধীন থেকে নিয়ন্ত্রণে রাখবেন।

প্রধান সমস্যাগুলো হলো:

১. ডায়াবেটিস মেটার্নাল সিরিয়াম (Diabetes Mellitus): যদি গর্ভাবস্থার আগেই ডায়াবেটিস থাকে, তবে মা ও শিশুর উভয়ের জন্য ঝুঁকি বাড়ে।

শিশুর ক্ষেত্রে: সুগার বেশি হলে শিশু অতিরিক্ত বড় হয়ে যেতে পারে (Macrosomia), যা জন্মের সময় প্রসব করা কঠিন করে তোলে এবং শিশুর শ্বাসকষ্ট বা হাইপোগ্লাইসেমিয়া (রক্তে শর্করা কমে যাওয়া) এর ঝুঁকি থাকে।
মা-এর ক্ষেত্রে: প্লেশেন্টা প্রি-ম্যাচুরিটি (placenta previa), প্রিম্যাচার ল্যাবার (preterm labor), বা হাইপারটেনশন (high blood pressure) হওয়ার সম্ভাবনা থাকে।
২. গর্ভাবস্থায় ডায়াবেটিস (Gestational Diabetes): যদি গর্ভাবস্থায় সুগার বেড়ে যায়, তবে তা শিশুর ওজন বাড়তে বাধা দেয় এবং প্রসবের পর মা-এর সুগার কন্ট্রোল করা জরুরি।

ডাক্তাররা সাধারণত যা করে:

নিয়মিত চেকআপ: ব্লাড সুগার লেভেল (Fasting and Post-prandial) নিয়মিত মনিটর করতে হয়।
ডায়েট কন্ট্রোল: খাবারের পরিমাণ এবং ধরণ সতর্কভাবে ঠিক করতে হয়। বেশি কার্বোহাইড্রেট এড়িয়ে প্রোটিন ও ভিটামিনযুক্ত খাবার খাওয়া উচিত।
ইনসুলিন বা ওষুধ: যদি ডায়েট দিয়ে সুগার কন্ট্রোল না যায়, তবে ডাক্তার ইনসুলিন বা অন্য কিছু ওষুধ দিতে পারেন যা গর্ভাবস্থায় নিরাপদ।
নিয়মিত মনোনীত: মাঝে মাঝে ফিটাল আল্ট্রাসাউন্ড করে শিশুর বৃদ্ধির হার দেখা হয়।
পরামর্শ:
আপনার অবস্থা অনুযায়ী একজন অ্যান্টেনেটালাইন কেয়ার (Antenatal Care) নিতে হবে। নিজের সুগার লেভেল কখনোই উচু করে রাখবেন না, কারণ এটি শিশুর জন্য বিপজ্জনক হতে পারে। কোনো অস্বাভাবিক লক্ষণ দেখলে (যেমন: প্রচুর পিপাসা, বমি ভাব, বা পেটে ব্যথা) দেরি না করে হাসপাতালে যান।

আপনি নিশ্চিত থাকুন যে আপনার ডাক্তার সাথে কথা বলছেন এবং তিনি আপনার গর্ভাবস্থা ও ডায়াবেটিস উভয়কেই সঠিকভাবে ম্যানেজ করছেন।"
Qwen3.5-9B,36,2,Special situations,ডায়াবেটিস হলে কি প্রেগনেন্সিতে কোন সমস্যা হয়?,"হ্যাঁ, ডায়াবেটিস থাকলে গর্ভাবস্থায় (pregnancy) কিছু অতিরিক্ত সতর্কতা এবং সমস্যার ঝুঁকি থাকতে পারে, কিন্তু এটি নিয়ন্ত্রণে রাখলে অনেকটা ঝুঁকি কমানো যায়। একজন ডাক্তার হিসেবে আমি আপনাকে খুব সহজভাবে বুঝিয়ে বলছি:

প্রধানত যেসব সমস্যা হতে পারে:

১. ডায়াবেটিস রোগীর শিশুর ওজন বেশি হওয়া (Macrosomia): মায়েদের রক্তে সুগারের মাত্রা বেশি থাকলে শিশুটি গর্ভে অতিরিক্ত বড় হয়ে যেতে পারে। এতে জন্মের সময় ডেলিভারিতে কঠিনতা বা সিজারিয়ান অপারেশনের প্রয়োজন হতে পারে।

২. সকলার (Preeclampsia) ঝুঁকি: ডায়াবেটিস থাকা মায়েদের হাইপারটেনশন বা রক্তচাপ বাড়ার সম্ভাবনা বেশি থাকে, যা গর্ভাবস্থায় খুবই জরুরি।

৩. গর্ভপাত বা প্রেমজন্মের ঝুঁকি: সুগার কন্ট্রোলে না থাকলে শিশুর বিকাশে সমস্যা হতে পারে বা গর্ভপাতের ঝুঁকি বেড়ে যেতে পারে।

৪. শিশুর স্বাস্থ্যের সমস্যা: জন্মের পর শিশুর হাইপোগ্লাইসেমিয়া (রক্তে সুগার খুব কম) বা শ্বাসকষ্টের সমস্যা হওয়ার ঝুঁকি থাকে।

ডাক্তারের পরামর্শ ও করণীয়:

নিয়ন্ত্রণ জরুরি: গর্ভাবস্থায় ডায়াবেটিস থাকলে তা খুব সতর্কভাবে কন্ট্রোল করতে হয়। আপনার ব্লাড সুগার এবং HbA1c লেভেল সবসময় টার্গেটে রাখতে হবে।
ডায়েট থেরাপি: সাধারণ ডায়াবেটিস ডায়েটের চেয়ে গর্ভাবস্থায় খাবারের পরিমাণ ও সময়কাল অত্যন্ত নির্দিষ্ট হতে হয়। কোনো প্রকার চিনি বা মিষ্টি জাতীয় খাবার এড়িয়ে চলুন।
ইনসুলিন: যদি ডায়েট দিয়ে সুগার কন্ট্রোলে না আসে, তবে ডাক্তারের পরামর্শে ইনসুলিন দেওয়া হতে পারে। গর্ভাবস্থায় ওরাল মিশেলিড (Oral Medicines) ব্যবহার করা সাধারণত নিষিদ্ধ, তাই ইনসুলিনই প্রাধান্য পায়।
নিয়মিত চেকআপ: প্রতি সপ্তাহে বা ডাক্তারের নির্দেশিত সময়ে গর্ভাবস্থার টেস্ট এবং সুগার লেভেল চেক করানো জরুরি।
সতর্কবার্তা:
যদি আপনি বর্তমানে গর্ভবতী হন এবং ডায়াবেটিসের কোনো লক্ষণ (যেমন: অতিরিক্ত পিপাসা, প্রচুর মূত্রপাত, বা শরীরে দুর্বলতা) অনুভব করেন, তবে দেরি না করে অবশ্যই আপনার গাইনি ডাক্তার এবং এন্ডোক্রিনোলজিস্টের সাথে যোগাযোগ করুন। প্রতিটি ক্ষেত্রে চিকিৎসার পদ্ধতি আলাদা হতে পারে, তাই ওয়েবসাইট বা AI এর পরামর্শের বদলে সরাসরি ডাক্তারের মূল্যায়ন (Consultation) নেওয়াই সবচেয়ে নিরাপদ।

আপনার সুস্থতা এবং শিশুর সুখস্বাস্থ্যের জন্য ধৈর্য ধরে চিকিৎসা চালিয়ে যাওয়াই সঠিক পথ।"
Qwen3.5-9B,37,1,Special situations,ডায়াবেটিস কি বংশগত জটিলতা?,"হ্যাঁ, ডায়াবেটিস বা ডায়াবেটিজ মূলত একটি বংশগত (Genetic) প্রকৃতির সমস্যা হতে পারে, কিন্তু এটি সবসময়ই বংশগত নয়। একে সাধারণত ""পরিবারের ইতিহাস"" বা ফ্যামিলি হিস্ট্রি বলে ডাকা হয়।

চিকিৎসকের ভাষায় সহজ করে বলতে গেলে:
১. বংশগতির প্রভাব: আপনার বাবা, মা, দাদা, নানার বা আত্মীয়দের মধ্যে যদি ডায়াবেটিস থাকে, তবে আপনার হওয়ার সম্ভাবনা সাধারণ মানুষের তুলনায় বেশি। বিশেষ করে টাইপ ২ ডায়াবেটিস-এ বংশগতির ভূমিকা খুব বড়।

২. শুধু জিনই নয়: এটি শুধুমাত্র জিনের দোষে হয় না। জিন দিয়ে আপনি ""ঝুঁকির সম্ভাবনা"" পান, কিন্তু আসলে রোগটি হওয়ার জন্য আপনার লাইফস্টাইল-এর ওপরও অনেক নির্ভর করে।

যেসব বিষয়গুলো এই ঝুঁকি বাড়ায়:
অতিরিক্ত ওজন বা ফ্যাট (Obesity)
কম শারীরিক পরিশ্রম করা (Sedentary lifestyle)
খাদ্যাভ্যাসে চিনি এবং প্রক্রিয়াজাত খাবার বেশি থাকা
ধূমপান বা অ্যালকোহল সেবন

পরামর্শ:
আপনার যদি পরিবারের কেউ ডায়াবেটিস থাকেন, তবে আপনাকে নিজেদের ডায়েট, ব্যায়াম এবং ওজন মনিটর করার দিকে বিশেষ খেয়াল রাখতে হবে। এতে করে অনেক সময় বংশগতির ঝুঁকি কমিয়ে আনা সম্ভব।

মনে রাখবেন, ডায়াবেটিস একটি নিয়ন্ত্রণযোগ্য রোগ। সঠিক চিকিৎসা এবং জীবনযাত্রার পরিবর্তনের মাধ্যমে আপনি স্বাস্থ্যসম্মত থাকতে পারেন। কোনো অস্বস্তি বা লক্ষণ দেখলে দেরি না করে একজন অভিজ্ঞ ডাক্তারের পরামর্শ নিন।"
Qwen3.5-9B,37,2,Special situations,ডায়াবেটিস কি বংশগত জটিলতা?,"হ্যাঁ, ডায়াবেটিস বা রক্তের শর্করা হারানো রোগটি অনেক সময় বংশগত (জিনগত) কারণের সাথে সম্পর্কিত হতে পারে। বাংলায় আমরা এটিকে ""আল্লাহর ইচ্ছায়"" বলা হয়, কিন্তু চিকিৎসকের দৃষ্টিকোণ থেকে বলা যায়—যদি আপনার পিতামাতা বা আত্মীয়দের মধ্যে ডায়াবেটিস থাকে, তবে আপনার হতেও সম্ভাবনা একটু বেশি।

তবে মনে রাখবেন, শুধুমাত্র জিনই নয়; পরিবেশ ও জীবনযাপন (Lifestyle) এর ভূমিকাও অত্যন্ত গুরুত্বপূর্ণ:

১. ২-এর ধরণের ডায়াবেটিস (Type 2): এটি বাংলাদেশে সবচেয়ে বেশি দেখা যায়। এখানে জিনের পাশাপাশি অতিরিক্ত ওজন, কম হওয়া শারীরিক গতিবিধি, এবং অস্বাস্থ্যকর খাবার (যেমন—চিনি, তেলজাতীয় খাবার) বেশি খাওয়ার কারণে রোগটি হয়।

২. ১-এর ধরণের ডায়াবেটিস (Type 1): এটি মূলত শরীরের ইমিউন সিস্টেমের সমস্যা এবং জিনগত প্রবণতার ফলে হয়, যা খাদ্যাভ্যাসের ওপর নির্ভর করে না।

চিকিৎসকের পরামর্শ:
যদি আপনার পরিবারে ডায়াবেটিস থাকে, তাহলে নিচের বিষয়গুলোতে সতর্ক থাকা জরুরি:

ওজন কমানো: অতিরিক্ত ওজন হলে রক্তের সুগার বেড়ে যেতে পারে।
ডায়েট মেনে চলা: প্রচুর সবজি, ফল এবং পুষ্টিগুণবান খাবার খান, আর মিষ্ি জাতীয় খাবার এড়িয়ে চলুন।
নিয়মিত ব্যায়াম: প্রতিদিন অন্তত ৩০ মিনিট হাঁটাচলা বা যোগব্যায়াম করুন।
সতর্কবার্তা:
আপনার যদি কোনো লক্ষণ দেখা দেয়, যেমন—অতিরিক্ত বারবার পিপাসা আসা, অতিরিক্ত ঘুম, বা শরীর খুব দ্রুত মজুর হওয়া, তবে দেরি না করে একজন চিকিৎসকের (Doctor) সাথে যোগাযোগ করুন। শুধু জিনের কারণেই রোগটি নিশ্চিত নয়; তাই নিজের সুস্থতা দেখার জন্য নিয়মিত ব্লাড টেস্ট করাই সঠিক পদক্ষেপ।
আলহামদুলিল্লাহ, সচেতন হলে এই রোগটি সহজেই নিয়ন্ত্রণে রাখা সম্ভব। কোনো আরও প্রশ্ন থাকলে আমি আছি আপনার পাশে।"
Qwen3.5-9B,38,1,Special situations,ডায়াবেটিস হলে কি আমি স্বাভাবিক জীবন যাপন করতে পারব?,"হ্যাঁ, অবশ্যই! ডায়াবেটিস থাকলেও আপনি একটি সুস্থ এবং স্বাভাবিক জীবন যাপন করতে পারেন। বর্তমানে চিকিৎসা বিজ্ঞানের উন্নতির কারণে ডায়াবেটিস একটি নিয়ন্ত্রণযোগ্য রোগ, যা আপনার দৈনন্দিন কাজকর্ম, পড়াশোনা বা পরিবারের সাথে সময় কাটানোর কোনো বাধা তৈরি করবে না।

ডাক্তার হিসেবে আমি আপনাকে কিছু গুরুত্বপূর্ণ বিষয় বলতে চাই যা আপনার জীবনযাত্রায় সুস্থতা নিশ্চিত করবে:

১. ব্লাড সুগার মনিটরিং: আপনার রক্তের শর্করার স্তর (Blood Sugar) নিয়মিতভাবে চেক করা খুব জরুরি। এটি জানলে আপনি বুঝতে পারবেন কোন খাবার বা ক্রিয়াকলাপ আপনার ব্লাড সুগারে প্রভাব ফেলছে।

২. সঠিক ডায়েট: 'ডায়েট' বলতে শুধু খাওয়া বন্ধ করা বোঝায় না। এর মানে হলো সুস্থ খাবার বেছে নেওয়া। কম চিনিযুক্ত, পুষ্টিকর এবং ফাইবার সমৃদ্ধ খাবার খেলে আপনার শরীর ভালো কাজ করবে।

৩. নিয়মিত ব্যায়াম: হাঁটাচলা বা যেকোনো ধরনের হালকা ব্যায়াম রক্ত সঞ্চালন ভালো রাখে এবং ইনসুলিনের কার্যকারিতা বাড়ায়। তবে ব্যায়াম শুরু করার আগে অবশ্যই আপনার ডাক্তারের পরামর্শ নিন।

৪. ঔষধ ও ইনসুলিন: যদি ডাক্তার কোনো ঔষধ বা ইনসুলিন ('ইনসুলিন') দেন, তবে সেটি নিয়মিত খাওয়া বা দেওয়া জরুরি। এটি ছেড়ে দেবেন না, কারণ এটি আপনার ব্লাড সুগার কন্ট্রোল রাখতে সাহায্য করে।

৫. মানসিক শান্তি: ডায়াবেটিস নিয়ে অতিরিক্ত চিন্তা বা ভয় পাবেন না। যতক্ষণ আপনি নিজের রোগটি সচেতনভাবে পরিচালনা করবেন, ততক্ষণই আপনার জীবন স্বাভাবিক থাকবে।

মনে রাখবেন, প্রতিটি মানুষের শরীর ভিন্ন হয়, তাই আপনার জন্য সঠিক পরিকল্পনা করতে হলে নিয়মিত একজন বিশেষজ্ঞ ডাক্তারের সাথে যোগাযোগ করুন এবং তাদের পরামর্শ মেনে চলুন। আপনি একা নন, আমরা সবসময় আপনাকে সাপোর্ট করার জন্য এখানে আছি।"
Qwen3.5-9B,38,2,Special situations,ডায়াবেটিস হলে কি আমি স্বাভাবিক জীবন যাপন করতে পারব?,"হ্যাঁ, অবশ্যই! ডায়াবেটিস মানে হলো আপনার শরীরের একটি রোগ যা নিয়ন্ত্রণ করা সম্ভব, কিন্তু এর মানে হলো আপনি আর স্বাভাবিক জীবন যাপন করতে পারবেন না। বরং, যদি আপনি সঠিকভাবে চিকিৎসা এবং লাইফস্টাইল পরিবর্তন করেন, তবে আপনি ১০০% স্বাভাবিক জীবন নিতে পারবেন—যেমন পড়াশোনা করবেন, ভালো কাজ করবেন, আপনার পরিবারের সাথে সময় কাটাবেন এবং বয়স্ক হওয়ার পরেও সুস্থ থাকবেন।

বাংলাদেশে ডায়াবেটিসের প্রাদুর্ভাব বাড়ছে, কিন্তু এটা ভয় দেওয়ার বিষয় নয় যদি আপনি নিচের জিনিসগুলো মনোযোগ দিয়ে মেনে চলেন:

১. শুধুমাত্র ওষুধই যথেষ্ট নয় (Medicine isn't enough):
ডায়াবেটিস কন্ট্রোল করার জন্য কেবল ইনসুলিন বা ট্যাবলেট খাওয়াই যথেষ্ট নয়। আপনার ডায়েট এবং ব্যায়াম (Exercise) হলো চিকিৎসার অংশের মূল ভিত্তি।

২. ডায়েটে কড়া লক্ষ্য রাখুন:
আপনার খাবারে শর্করা (Sugar) এর পরিমাণ কমিয়ে আনুন। বাংলাদেশে আমাদের রুচি অনুযায়ী মিষ্টি, চিনি, বাদাম, পানীয় এবং হালুয়া এড়িয়ে চলুন। কিন্তু প্রোটিন (মুরগির মাংস, ডিম), সবজি এবং শাকসবজি খাওয়ার জন্য কোনো বাধা নেই। মনে রাখবেন, কলা এবং আলু এর পরিমাণ সীমিত রাখুন কারণ এতে সুক্রোজ বেশি থাকে।

৩. নিয়মিত ব্যায়াম করুন:
প্রতিদিন অন্তত ৩০ মিনিট হাঁটাচলা বা কোনো ধরনের ব্যায়াম করুন। এটি আপনার শরীরকে ইনসুলিন ব্যবহার করতে সাহায্য করে এবং ওজন কমাতে সহায়তা করে।

৪. ব্লাড সুগার মনিটরিং করুন:
আপনার নিজের বা পরীক্ষণ কেন্দ্রে (Lab) নিয়মিত ব্লাড সুগার চেক করুন। আপনার ডাক্তার যে টার্গেট সুগার লেভেল দিচ্ছেন, সেটি মেনে চলুন। এটি আপনাকে বুঝতে সাহায্য করবে যে আপনার খাবার এবং ওষুধ কাজ করছে কিনা।

৫. ডাক্তারের পরামর্শ মেনে চলুন:
কখনোই ডাক্তারের পরামর্শ ছাড়া ওষুধ পরিবর্তন করবেন না বা বন্ধ করবেন না। বাংলাদেশের অনেক ক্ষেত্রে রোগীরা ভুল ধারণা করে ওষুধ কমিয়ে দেন, যা পরবর্তীতে জটিলতা (যেমন: চোখের সমস্যা বা পায়ের ছোট হওয়া) তৈরি করতে পারে।

মনে রাখবেন:
ডায়াবেটিস একটি ম্যানেজেবল কন্ডিশন। আপনি যদি আজ থেকেই সচেতন হয়ে কাজ শুরু করেন, তবে আগামীকাল থেকেই আপনার জীবনের মান উন্নত হবে। ভয় পেয়ে কোনো কাজ না করা বা স্ব-চিকিৎসা (Self-medication) করবেন না।

আপনার যদি বর্তমানে খুব বেশি দুর্বলতা, অস্বাভাবিক ঘাম, বা বুকের ব্যথা হয়, তবে দেরি না করে তাত্ক্ষণিকভাবে ডাক্তারের শরণাপন্ন হোন।

আপনি একা নন, আমরা আপনার পাশে আছি। কোনো নির্দিষ্ট খাবার বা ব্যায়াম নিয়ে আরও জানতে চাইলে জিজ্ঞেস করতে পারেন!"
Qwen3.5-9B,39,1,Special situations,ডায়াবেটিস কি কোনোদিনও ভালো হয় না?,"না ভাইয়া/ভাই, ডায়াবেটিস থেকে সম্পূর্ণ মুক্তি পাওয়া কঠিন হতে পারে, কিন্তু এটা মানে নয় যে এটি ""কোনোদিনই ভালো হয় না""। বাস্তবতা হলো—ডায়াবেটিস একটি ক্রনিক (দীর্ঘস্থায়ী) রোগ, যা থেকে আমরা শরীরের সুগার লেভেল কন্ট্রোল বা নিয়ন্ত্রণে রাখতে পারি।

একজন ডাক্তার হিসেবে আমি আপনাকে এটি বুঝিয়ে বলব:

১. ম্যানেজ করা যায়: সঠিক ডায়েট (খাবারের ধরণ) এবং নিয়মিত ব্যায়ামের মাধ্যমে আপনার ব্লাড সুগার স্বাভাবিক রাখা সম্ভব। অনেক রোগী যারা এই দুটি বিষয় কড়াকড়ি মেনে চলেন, তাদের জীবনমান অত্যন্ত স্বাচ্ছন্দ্য ও সুস্থ থাকে।

২. অ্যাডজাস্টমেন্ট: যদি আপনি ইনসুলিন বা ট্যাবলেট খান, তবে ডাক্তারের পরামর্শ অনুযায়ী মাত্রা পরিবর্তন করলেও সুগার কন্ট্রোল করা যায়। অর্থাৎ, রোগটি ""শেক"" বা কমানো যাবে না হতে পারে, কিন্তু এটি ""ম্যানেজ"" বা নিয়ন্ত্রণে রাখা খুবই সহজ।

৩. জীবনযাপন: বর্তমান প্রযুক্তির কারণে ডায়াবেটিক রোগীরাও স্বাভাবিকভাবে কাজ করতে পারেন, পড়াশোনা করতে পারেন এবং সুস্থ জীবনযাপন করতে পারেন। অনেক বিখ্যাত ব্যক্তিও ডায়াবেটিস নিয়ে লড়াই করে সফল হয়েছেন।

মনে রাখবেন:
ডায়াবেটিসের প্রধান শত্রু হলো অজ্ঞতা এবং নিয়ম না মেনে চলা। আপনি যদি নিয়মিত চেকআপ করেন, ডাক্তারের পরামর্শ মেনে চলেন এবং নিজের খাবার ও ব্যায়ামের দিকে লক্ষ্য রাখেন, তবে রোগটি আপনার জীবনে কোনো বাধা সৃষ্টি করবে না।

সতর্কতা:
যদি আপনি বর্তমানে অতিরিক্ত ক্লান্তি, তীব্র প্রচণ্ড পিপাসা, বা হঠাৎ করে সুগারের খুব বেশি কম/জোরে অনুভব করেন, তবে দেরি না করে একজন ডাক্তারের সাথে যোগাযোগ করুন।

আপনি একা নন, আমরা আপনার পাশে আছি। চলুন আজই নিজের ডায়েট এবং ব্যায়ামের পরিকল্পনা ঠিক করে নিন!"
Qwen3.5-9B,39,2,Special situations,ডায়াবেটিস কি কোনোদিনও ভালো হয় না?,"না বন্ধু, ডায়াবেটিস এমন একটি রোগ নয় যা থেকে আর কখনো সুস্থ হওয়া যাবে না অথবা একবার হয়ে গেলে পুরোপুরি চিকিৎসা শেষ হয়ে যায়। এটা মূলত একটি লাইফ-স্টাইল ডিজঅর্ডার বা জীবনযাপনের সমস্যায় ভোগা রোগ।

চিকিৎসকের দৃষ্টিভঙ্গি থেকে বলতে গেলে:
১. রোগ নিয়ন্ত্রণ করা সম্ভব: সঠিক ওষুধ (যেমন ইনসুলিন বা ট্যাবলেট), খাওয়ার অভ্যাস (ডায়েট) এবং ব্যায়ামের মাধ্যমে আপনার ব্লাড সুগারকে স্বাভাবিক রেখার মধ্যে রাখা সম্পূর্ণ সম্ভব। অনেক রোগী তাদের জীবনযাত্রায় পরিবর্তন করলে এমনটা করতে পারেন যে, তাদের ওষুধের ডোজ কমিয়ে নেওয়া যায় বা কখনও কখনও ইনসুলিন ছাড়াইও সুস্থ থাকতে পারেন (বিশেষ করে Type 2 ডায়াবেটিস ক্ষেত্রে)।
২. মুক্ত হওয়ার ধারণা: যদি কেউ বলে ""ডায়াবেটিস হয়ে গেলে আর কখনো ভালো হবে না"", তাটা ভুল ধারণা। বরং এটা এমন একটি অবস্থা যা আমরা দীর্ঘমেয়াদে পরিচালনা করতে পারি। যতক্ষণ পর্যন্ত না আপনি সুস্থ থাকেন, ততক্ষণ পর্যন্তই আপনার শরীরের ক্ষতি হয় না।
৩. সতর্কতা: তবে মনে রাখবেন, ডায়াবেটিস হলে শরীরে ইনসুলিনের অভাব বা কাজ করার অযোগ্যতা আসতে পারে যা একবার চিরস্থায়ী হয়ে যেতে পারে (বিশেষ করে Type 1)। তাই এটা ""শক্তিহীন"" করা যায় না, বরং এটা ""নিয়ন্ত্রণে"" রাখা হয়।

পরামর্শ:আপনার যদি এই ভাবনা আসছে, তবে মনে করবেন—ডায়াবেটিস আপনার জীবনের শেষ নয়, এটা একটি নতুন নিয়ম যা শিখতে হবে। বাংলাদেশে এখন অনেক ভালো ডায়েটিশিয়ান এবং ইন্ডিয়াইলজিস্ট আছেন যারা আপনাকে খুব সহজ করে বুঝিয়ে দেবেন কীভাবে খাবার খাওয়া যায়, কোন ফল বা সবজি ভালো, এবং কতটা ব্যায়াম করলে ব্লাড সুগার নিয়ন্ত্রণে থাকবে।
অবশ্যই একজন রেজিস্টার্ড চিকিৎসকের সাথে কথা বলুন, আপনার ল্যাব রিপোর্ট দেখে তিনি সঠিক পরিকল্পনা দেবেন। আমরা সবাই মিলে আপনাকে সুস্থ রাখতে পারি, ভয় পাবেন না!"
Qwen3.5-9B,40,1,Special situations,ডায়াবেটিস রোগীর জন্য রমজান মাসে ডায়েট চার্ট কেমন হবে?,"আপনাকে রমজানের শুভেচ্ছা! আলহামদুলিল্লাহ, ইসলামী বিশ্বাসের পাশাপাশি সঠিক জ্ঞান এবং ডাক্তারের পরামর্শ অনুসরণ করলে রমজানেও সুস্থ থাকতে পারবেন।

ডায়াবেটিসের রোগীদের জন্য রমজানের ডায়েট চার্ট মূলত ""কি খাবেন"" (Quality) এবং ""কখন খাবেন"" (Timing) এর ওপর নির্ভর করে। নিচে একটি সহজ এবং নিরাপদ গাইডলাইন দেওয়া হলো:

১. ইফতারের আগে (সুনির্দিষ্ট পরামর্শ)
পানি পান: সন্ধ্যা ৬-৭টার দিকে কিছুটা পানি খেতে পারেন। এটি পেট ভরা রাখতে সাহায্য করে এবং ইফতারের সময় অতিরিক্ত খাওয়া থেকে বিরত রাখে।
করমজা (Pre-Iftar): হালকা কোনো ফল বা দুধ খেতে পারেন, তবে শর্করা (Sugar) যুক্ত পানীয় এড়িয়ে চলুন।
২. ইফতারের সময় (সন্ধ্যা ৭:৩০ - ৮:০০)
ইফতার শুরু হওয়ার সাথে সাথে বড় এক টুকরো তাজা খিচুড়ি বা দালি-ভাত খান। এটি পেট ভরে রাখবে এবং রক্তে সুগার দ্রুত উঠতে দেবে না।

সবজি: ইফতারের টেবিলে সবজির প্লেট থাকা জরুরি। পালংশাক, শসা, কলাই বা আলু ভাজা এড়িয়ে চলুন।
মিষ্টি: রমজানে মিষ্টি খাওয়াটা অনেকেরই আসক্তিকারী হয়, কিন্তু ডায়াবেটিক্সদের জন্য এটি বিপজ্জনক। তাই মিষ্টি বা কেকের পরিবর্তে ফল (আপেল, পেয়ারা) বা কুসুম ভাত খান।
চা/কফি: চা বা কফির সাথে যেমন সাধারণত স্যুজার যোগ করা হয়, তা এড়িয়ে চলুন। যদি চা খান, তবে বাদামের চা (নিস্ট) বা গরম দুধ খান।
৩. সেহরির সময় (সকাল ৪:০০ - ৫:০০)
সেহরি মূলত রক্তে সুগার ধীরে ধীরে বাড়তে সাহায্য করে, যা পুরো রাতে ক্রমাগত ইনসুলিনের প্রয়োজন হয়।

প্রোটিন: ডিম (১-২টি), মাছ বা দালি খান। প্রোটিন রক্তে সুগার ধীরে ছড়ায়।
ফাইবার: শসা, লুই বা কমপ্লেক্স কার্বোহাইড্রেটযুক্ত খাবার (যেমন: ভাতের পরিবর্তে জমি বা চাউল) খান।
পানি: সেহরির সময় প্রচুর পরিমাণে পানি পান করুন, যাতে রক্তে সুগার নিয়ন্ত্রণে থাকে এবং ডিহাইড্রেশন এড়ায় যায়।
৪. সাধারণ সতর্কতা ও টিপস
খাবারের পরিমাণ: ইফতারে একবারে অনেক খাবেন না। ছোট-ছোট portion খেতে হবে (Small portions)।
চলাফেরা: ইফতারের পর দ্রুত ঘুমিয়ে পড়বেন না। অন্তত ১৫-২০ মিনিট হাঁটাচলা করুন, যাতে ব্লাড সুগার কন্ট্রোল থাকে।
ঔষধ ও ইনসুলিন: আপনার ডাক্তারের সাথে কথা বলে ঔষধ বা ইনসুলিনের ডোজ সামান্য পরিবর্তন করার বিষয়টি নিশ্চিত করুন। অনেক সময় রমজানে ডোজ কমিয়ে দেওয়া হয়, কিন্তু এটি অবশ্যই একজন চিকিৎসকের পরামর্শ ছাড়া হতে হবে না।
(Safety Alert)
যদি আপনি নিচের যেকোনো লক্ষণ অনুভব করেন, তবে দেরি না করে পর্যবেক্ষণকারী ডাক্তারের সাথে যোগাযোগ করুন:

অতিরিক্ত তীব্র প্রস্রাব বা বমি বমি ভাব।
হঠাৎ করে খুব দুর্বলতা বা মাথা ঘোরা।
শ্বাসকষ্ট বা বুকের ব্যথা।
ব্লাড সুগার অত্যধিক উচ্চ (Hyperglycemia) বা অত্যধিক কম (Hypoglycemia) হলে।
রমজান মাসটি শুভ ও সুস্থ কাটুক! কোনো নির্দিষ্ট খাবারের বিষয়ে আরও জানতে চাইলে আমাকে বলুন, আমি আপনাকে বিস্তারিত বুঝিয়ে দেব।"
Qwen3.5-9B,40,2,Special situations,ডায়াবেটিস রোগীর জন্য রমজান মাসে ডায়েট চার্ট কেমন হবে?,"আপনাকে অনেক শুভকামনা রমজানের পূর্বে! 
রমজানে ডায়াবেটিসের রোগীদের জন্য খাবারের সময় এবং পরিমাণ নিয়ন্ত্রণ করা অত্যন্ত জরুরি। মূল লক্ষ্য হলো ব্লাড সুগার (Blood Sugar) স্থির রাখা, যাতে ভ্রমণ বা ঝুঁকি না হয়। একজন চিকিৎসকের পরামর্শ হিসেবে আমি আপনাকে একটি সাধারণ ডায়েট চার্ট এবং কিছু গুরুত্বপূর্ণ টিপস দিচ্ছি:
রমজান ডায়েট চার্ট (সাধারণ ধারণ)
১. ইফতার (Iftar):
ইফতারের শুরুতে খুব বেশি পানি বা শর্করাযুক্ত খাবার খেলে ব্লাড সুগার দ্রুত বেড়ে যেতে পারে। তাই:
শুরু: প্রথমে ২-৩ গ্লাস ঠান্ডা পানি (Water) পান করুন। এরপর একটা ফল (যেমন: তাজা কলা, পেয়ারা বা আপেল) খান। এতে শরীরের ডিহাইড্রেশন দূর হবে এবং সুগার কন্ট্রোল থাকবে।
মূল খাবার: হালকা একটি সালাদ (Salad) খান যেখানে পাতা সবজি, টমেটো, পেঁপে এবং সামান্য লেবুর রস থাকবে। তেলের পরিমাণ কম রাখুন।
প্রোটিন: মাছ বা চিকেনের কুচি (Biryani না হয়ে) খাবেন, যাতে প্রোটিন বেশি থাকে কিন্তু কার্বোহাইড্রেট কম হয়।
সতর্কতা: ইফতারের সময় পুরোপুরি পেট ভরা না করেই ঘুমিয়ে পড়বেন না।
২. সুপার (Suhoor):
সুপার খাওয়াটা রমজানের সবচেয়ে গুরুত্বপূর্ণ অংশ, কারণ এটি আপনাকে পুরো দিনের জন্য শক্তি দেয়।
খাবার: দইয়ের ওজন বা ছোট ভাতের সাথে ডাল, প্রোটিন (ডিম বা মাছ) এবং ফাইবারযুক্ত সবজি খান।
পানি: রাতে ঘুমানোর আগে ১-২ গ্লাস পানি পান করুন। এতে দিনের শেষ পর্যন্ত তৃষ্ণা কম থাকবে এবং ব্লাড সুগার স্থির থাকবে।
করবেন না: খুব বেশি মিষ্টি, চিনি বা ভারী স্ন্যাক্স সুপারে খাবেন না।
ডায়াবেটিস রোগীদের জন্য বিশেষ টিপস (Important Tips)
ইনসুলিন বা মেডিসিন: আপনার ইনসুলিনের ডোজ বা ওষুধের পরিমাণ বদলাতে হলে অবশ্যই আগে একজন ডাক্তারের সাথে কথা বলুন। রমজানের সময় অনেক রোগীর সুগার কন্ট্রোল না থাকে, তাই নিজের স্যাচুরেশন (HbA1c) এবং বর্তমান সুগার লেভেল চেক করে নিন।
করোনা বা ডিহাইড্রেশন: রমজানে অনেক সময় ঘুমের অভাব হয়, যা ডায়াবেটিস কন্ট্রোল করতে নেতিবাচক প্রভাব ফেলে। তাই যতটা সম্ভব পর্যাপ্ত ঘুমানোর চেষ্টা করুন।
এক্সারসাইজ: ইফতারের পর বা সুপারের আগে হালকা হাঁটাহাঁটি (Walking) করুন, এতে সুগার কন্ট্রোল হয় এবং ওজন কমে আসে।
বাতাস পোড়া বাদামী: রমজানে অনেক সময় 'বাতাস পোড়া' বা গ্যাস্ট্রিক সমস্যা হতে পারে। তাই খাবারে তেল কম ব্যবহার করুন এবং হালকা খাবার খান।
জরুরি সতর্কবার্তা:
যদি আপনি ইফতারের পর অতিরিক্ত দুর্বলতা, ঘোরাঘুরি (Dizziness), বা পিপাসা মনে হয়, তবে সাথে সাথে ডাক্তারের পরামর্শ নিন। কোনো গুরুতর সমস্যায় নিজস্ব সিদ্ধান্ত না নিয়ে দ্রুত একজন রেজিস্টার্ড চিকিৎসকের শরণাপন্ন হোন।
আপনার রমজান মাসটি সুস্থতা ও সফলতার সাথে কাটুক! কোনো নির্দিষ্ট খাবার বা ডায়েট সম্পর্কে আরও জানতে চাইলে জানাতে পারেন।"
TigerLLM-9B,1,1,Dietary,ডায়াবেটিস হলে কি আমি দিনে তিন বেলা ভাত খেতে পারব নাকি ভাতের বদলে রুটি খাওয়া যাবে?,"আসসালামু আলাইকুম। আপনার প্রশ্নটির জন্য ধন্যবাদ।

ডায়াবেটিস (मधुमेह) হয়েছে জেনে আপনি খাবার নিয়ে চিন্তিত, এটা খুবই স্বাভাবিক। ভাত বা রুটি খাওয়া যাবে কিনা, তা আপনার ডায়াবেটিসের অবস্থা এবং অন্যান্য স্বাস্থ্য পরিস্থিতির উপর নির্ভর করে।

সাধারণভাবে, দিনে তিনবেলা ভাত খাওয়া ডায়াবেটিস রোগীদের জন্য সবসময় উপযুক্ত নয়। কারণ ভাতে শর্করা (carbohydrate) বেশি থাকে, যা ব্লাড সুগার (রক্তে শর্করার পরিমাণ)-এর মাত্রা বাড়িয়ে দিতে পারে। তবে একেবারে বাদ দিতে হবে এমনও নয়।

ভাত খাওয়ার বিষয়ে কিছু বিষয় মনে রাখতে হবে:

ফাইবারের ভাত: লাল চালের ভাত (red rice) বা ব্রাউন রাইস (brown rice) সাধারণ সাদা ভাতের চেয়ে ভালো। এগুলোতে ফাইবারের পরিমাণ বেশি থাকে, যা ব্লাড সুগার ধীরে ধীরে বাড়াতে সাহায্য করে।
পরিমাণ: ভাতের পরিমাণ সীমিত রাখতে হবে। আপনার ডাক্তার বা ডায়েটিশিয়ান (dietitian) আপনাকে নির্দিষ্ট পরিমাণ বলে দিতে পারবেন।
অন্যান্য খাবার: ভাতের সাথে সবজি, ডাল এবং প্রোটিন (যেমন মাছ, মাংস, ডিম) অবশ্যই খেতে হবে।
রুটি একটি ভালো বিকল্প হতে পারে, বিশেষ করে যদি তা আটা দিয়ে তৈরি হয়। রুটিতে শর্করার পরিমাণ ভাতের চেয়ে কিছুটা কম থাকে। তবে, রুটির মধ্যেও শর্করা আছে, তাই এর পরিমাণও নিয়ন্ত্রণে রাখতে হবে।

আমার পরামর্শ:

ডাক্তারের সাথে কথা বলুন: আপনার ব্লাড সুগারের মাত্রা, শারীরিক অবস্থা এবং অন্যান্য স্বাস্থ্য ঝুঁকি বিবেচনা করে ডাক্তার আপনাকে সঠিক ডায়েট (diet) প্ল্যান দিতে পারবেন।
ডায়েটিশিয়ানের পরামর্শ নিন: একজন ডায়েটিশিয়ান আপনাকে খাবারের তালিকা তৈরি করতে সাহায্য করতে পারেন, যা আপনার জন্য উপযুক্ত হবে।
নিয়মিত ব্লাড সুগার পরীক্ষা করুন: খাবার খাওয়ার পরে ব্লাড সুগারের মাত্রা কেমন থাকে, তা নিয়মিত পরীক্ষা করে দেখুন এবং সেই অনুযায়ী খাবার তালিকায় পরিবর্তন আনুন।
যদি আপনি কোনো বিষয়ে খুব বেশি চিন্তিত হন বা আপনার শারীরিক অবস্থায় কোনো পরিবর্তন দেখেন, তবে দ্রুত ডাক্তারের পরামর্শ নিন। নিজের শরীরের প্রতি খেয়াল রাখাটা সবচেয়ে জরুরি।

ভালো থাকবেন।"
TigerLLM-9B,1,2,Dietary,ডায়াবেটিস হলে কি আমি দিনে তিন বেলা ভাত খেতে পারব নাকি ভাতের বদলে রুটি খাওয়া যাবে?,"আসসালামু আলাইকুম। আপনার প্রশ্নটা খুবই গুরুত্বপূর্ণ। ডায়াবেটিস থাকলে খাবার নিয়ে কিছু নিয়ম মেনে চলা দরকার।

ভাত খাওয়া নিয়ে আপনার সংশয় দূর করার চেষ্টা করছি। প্রথমে বলি, দিনে তিনবেলা ভাত খাওয়া যাবে কিনা - সেটা আপনার ব্লাড সুগার (রক্তে শর্করার) মাত্রা এবং অন্যান্য শারীরিক অবস্থার উপর নির্ভর করে।

সাধারণভাবে, ডায়াবেটিসের রোগীদের জন্য ভাতের পরিমাণ সীমিত রাখার পরামর্শ দেওয়া হয়। কারণ ভাতে কার্বোহাইড্রেট বেশি থাকে, যা ব্লাড সুগার বাড়াতে পারে। তবে একেবারে ভাত বাদ দিতে হবে এমন নয়। আপনি যদি ভাত খেতে চান, তাহলে পরিমিত পরিমাণে খান।

ভাত খাওয়ার পাশাপাশি কিছু বিষয় মনে রাখতে হবে:

ফাইবারের পরিমাণ: ভাতের সাথে প্রচুর সবজি ও ফাইবার (যেমন - শস্য, ডাল) যোগ করুন। ফাইবার হজম প্রক্রিয়াকে ধীর করে দেয়, ফলে ব্লাড সুগার ধীরে ধীরে বাড়ে।
পরিমাণ: একবারে বেশি ভাত না খেয়ে অল্প পরিমাণে খান।
নিয়মিত ব্যায়াম: শারীরিক কার্যকলাপ ব্লাড সুগার নিয়ন্ত্রণে সাহায্য করে।
রুটি খাওয়া কি যাবে? হ্যাঁ, রুটি একটি ভালো বিকল্প হতে পারে। বিশেষ করে আটার রুটি (যেমন - লাল আটার রুটি) ভাতের চেয়ে ভালো, কারণ এতে ফাইবারের পরিমাণ বেশি থাকে এবং এটি হজম হতে সময় নেয়। রুটি খেলে ব্লাড সুগারের বৃদ্ধি তুলনামূলকভাবে কম হয়।

তবে শুধু রুটি খেয়েই দিন যাপন করা ঠিক নয়। আপনার খাদ্য তালিকায় অন্যান্য পুষ্টিকর খাবারও থাকা উচিত - যেমন প্রোটিন (ডাল, ডিম, মাংস), সবজি এবং ফল।

সবশেষে, আমি আপনাকে পরামর্শ দেবো যে একজন অভিজ্ঞ ডাক্তারের সাথে কথা বলুন। তিনি আপনার ব্লাড সুগারের রিপোর্ট দেখে এবং আপনার শারীরিক অবস্থা বিবেচনা করে সঠিক ডায়েট (diets) প্ল্যান দিতে পারবেন। নিজের ইচ্ছামতো খাবার পরিবর্তন না করাই ভালো।

যদি আপনার অন্য কোনো প্রশ্ন থাকে, আমাকে জিজ্ঞাসা করতে পারেন। সুস্থ থাকুন, ভালো থাকুন।

দাবি পরিত্যাগী: আমি একজন এআই সহকারী। এই পরামর্শ শুধুমাত্র তথ্যের জন্য দেওয়া হয়েছে এবং এটি কোনোভাবেই ডাক্তারের বিকল্প নয়।"
TigerLLM-9B,2,1,Dietary,"ডায়াবেটিস হলে কি আমার জন্য মিষ্টি ফল (যেমন: আম, কাঁঠাল) খাওয়া একদমই নিষেধ, নাকি নির্দিষ্ট পরিমাণে খাওয়া যাবে?","আসসালামু আলাইকুম। আপনার প্রশ্নটি খুবই গুরুত্বপূর্ণ। ডায়াবেটিস রোগীদের মিষ্টি ফল খাওয়া নিয়ে অনেক দ্বিধা থাকে, এটা স্বাভাবিক।

দেখুন, মিষ্টি ফল যেমন আম বা কাঁঠাল – এগুলোতে শর্করার পরিমাণ বেশি থাকে। তাই সাধারণভাবে এগুলো এড়িয়ে চলাই ভালো। তবে একেবারে ""নিষেধ"" বলা যায় না। কিছু পরিমাণে খেতে পারেন, কিন্তু সেটা কিভাবে এবং কতটা, তা কয়েকটি বিষয় বিবেচনা করে ঠিক করতে হবে:

১. আপনার ব্লাড সুগার (রক্তে শর্করার) মাত্রা: আপনার ব্লাড সুগারের মাত্রা কেমন, সেটি আগে জানতে হবে। যদি ব্লাড সুগার নিয়ন্ত্রণে থাকে, তাহলে অল্প পরিমাণে মিষ্টি ফল খাওয়া যেতে পারে। তবে ব্লাড সুগার বেশি থাকলে ফল এড়িয়ে যাওয়াই ভালো।

২. ডায়েট প্ল্যান (খাদ্য তালিকা): আপনার ডায়েটিশিয়ান বা যিনি আপনাকে খাদ্যতালিকা দিয়েছেন, তার পরামর্শ অনুযায়ী ফল খান। তিনি আপনার শারীরিক অবস্থা ও প্রয়োজন অনুযায়ী সঠিক দিকনির্দেশনা দিতে পারবেন।

৩. ফলের পরিমাণ: যদি আপনি ফল খেতে চান, তাহলে ছোট আকারের একটি টুকরা (যেমন, মাঝারি আকারের আম-এর এক sixth অংশ) যথেষ্ট। কাঁঠালের ক্ষেত্রে আরও কম পরিমাণে খেতে হবে।

৪. সময়: ফল খাওয়ার সময়টাও গুরুত্বপূর্ণ। বেলার খাবারের পর ফল খেলে ব্লাড সুগারের ওপর এর প্রভাব কিছুটা কম থাকে। খালি পেটে ফল খেলে ব্লাড সুগার দ্রুত বেড়ে যেতে পারে।

৫. অন্যান্য খাবার: ফল খাওয়ার সাথে সাথে অন্য মিষ্টি বা শর্করা জাতীয় খাবার (যেমন, ভাত, রুটি) না নেওয়াই ভালো।

গুরুত্বপূর্ণ পরামর্শ:

ফল খাওয়ার আগে এবং পরে ব্লাড সুগার পরীক্ষা করে দেখুন। এতে আপনি বুঝতে পারবেন যে ফলের কারণে আপনার ব্লাড সুগারে কতটা প্রভাব পড়ছে।
যদি ফল খাওয়ার পর আপনার ব্লাড সুগার অনেক বেড়ে যায়, তাহলে সেই ফল এড়িয়ে চলুন।
নিয়মিত ডায়াবেটিস বিষয়ক শিক্ষা গ্রহণ করুন।
মনে রাখবেন, আমি একজন ভার্চুয়াল সহকারী। তাই আমার পরামর্শ শুধুমাত্র সাধারণ তথ্যের জন্য। আপনার ব্যক্তিগত স্বাস্থ্য পরিস্থিতি অনুযায়ী সঠিক চিকিৎসার জন্য অবশ্যই একজন ডাক্তারের সাথে যোগাযোগ করুন। কোনো সমস্যা হলে দ্রুত ডাক্তারের পরামর্শ নিন। আল্লাহ আমাদের সবাইকে সুস্থ রাখুন।

যদি আপনার আরও কিছু জানার থাকে, তবে জিজ্ঞাসা করতে দ্বিধা করবেন না।"
TigerLLM-9B,2,2,Dietary,"ডায়াবেটিস হলে কি আমার জন্য মিষ্টি ফল (যেমন: আম, কাঁঠাল) খাওয়া একদমই নিষেধ, নাকি নির্দিষ্ট পরিমাণে খাওয়া যাবে?","আসসালামু আলাইকুম। আপনার প্রশ্নটি খুবই গুরুত্বপূর্ণ। ডায়াবেটিস থাকলে মিষ্টি ফল খাওয়া নিয়ে অনেকের মনে দ্বিধা থাকে।

দেখুন, মিষ্টি ফল যেমন আম বা কাঁঠাল একেবারে নিষেধ নয়, তবে সেগুলো পরিমিত পরিমাণে খেতে হবে। অতিরিক্ত খেলে ব্লাড সুগার (রক্তে শর্করার) মাত্রা বেড়ে যেতে পারে।

আমাদের দেশে আম, কাঁঠাল, লিচু, কলা - এই ফলগুলোতে শর্করার পরিমাণ বেশি থাকে। তাই এগুলো খাওয়ার সময় কিছু বিষয় মনে রাখতে হবে:

পরিমাণ: ছোট আকারের একটি ফল অথবা অল্প পরিমাণে (যেমন, আমের একটি ছোট টুকরা বা কাঁঠালের দুই-তিনটি কোষ) খাওয়া যেতে পারে।
সময়: বেলার খাবারের সাথে ফল খেলে ব্লাড সুগারের ওপর এর প্রভাব কম পড়ে। খালি পেটে খেলে ব্লাড সুগার দ্রুত বাড়তে পারে।
অন্য খাবার: ফল খাওয়ার সময় অন্যান্য মিষ্টি খাবার (যেমন, মিষ্টি, মিষ্টি পানীয়) এড়িয়ে চলুন।
নিয়মিত পর্যবেক্ষণ: ফল খাওয়ার পরে আপনার ব্লাড সুগার পরীক্ষা করে দেখুন। এতে আপনি বুঝতে পারবেন কোন ফলটি আপনার শরীরের জন্য কতটা নিরাপদ।
তবে, মনে রাখবেন প্রত্যেক রোগীর শরীর আলাদা। তাই আপনার ব্লাড সুগারের মাত্রা এবং শারীরিক অবস্থার ওপর নির্ভর করে আপনার ডায়েট (ডায়েট) প্ল্যান তৈরি করা উচিত।

সবচেয়ে ভালো হয়, আপনি একজন ডাক্তারের সাথে পরামর্শ করে আপনার জন্য একটি সঠিক ডায়েট প্ল্যান তৈরি করুন। তিনি আপনার ব্লাড সুগার এর মাত্রা দেখে আপনাকে ফল খাওয়ার ব্যাপারে আরও ভালোভাবে বুঝিয়ে বলতে পারবেন।

যদি আপনার কোনো প্রশ্ন থাকে, তাহলে জিজ্ঞাসা করতে দ্বিধা করবেন না। সুস্থ থাকুন, ভালো থাকুন।

দাবি পরিত্যাগী: আমি একজন এআই (AI) সহকারী। এই পরামর্শ শুধুমাত্র সাধারণ তথ্যের জন্য। এটি কোনোভাবেই ডাক্তারের বিকল্প নয়। যেকোনো স্বাস্থ্য বিষয়ক সিদ্ধান্ত নেওয়ার আগে অবশ্যই একজন qualified ডাক্তারের পরামর্শ নিন।"
TigerLLM-9B,3,1,Dietary,ডায়াবেটিস হলে কি আমি চিনি ছাড়া চা খেতে পারবো আর খেতে পারলে দিনে কত কাপ খেতে পারবো?,"আসসালামু আলাইকুম। আপনার প্রশ্নটি খুবই গুরুত্বপূর্ণ। ডায়াবেটিস থাকলে চিনি ছাড়া চা খেতে পারবেন কিনা, এবং খেতে পারলে দিনে কত কাপ পারবেন - এই বিষয়ে কিছু তথ্য দিচ্ছি:

হ্যাঁ, আপনি চিনি ছাড়া চা খেতে পারবেন। তবে, এক্ষেত্রে কিছু বিষয় মনে রাখতে হবে:

চিনি ছাড়া: চায়ে অবশ্যই চিনি মেশানো যাবে না। মিষ্টির বদলে অল্প একটু মধু ব্যবহার করতে পারেন, তবে তা সীমিত পরিমাণে।
উপকরণ: চায়ের সাথে দুধ মেশালে ব্লাড সুগার (blood sugar) বেড়ে যেতে পারে। তাই, কম ফ্যাটযুক্ত দুধ অথবা বাদাম দুধ (almond milk) ব্যবহার করা ভালো। চিনি ছাড়া চা বানানোর সময় অন্য কোনো মিষ্টি জাতীয় উপাদান যেমন - খেজুর বা গুড় ব্যবহার করা উচিত না।
পরিমাণ: দিনে ২-৩ কাপ চিনি ছাড়া চা পান করা সাধারণত নিরাপদ। তবে, আপনার ব্লাড সুগারের মাত্রা এবং অন্যান্য স্বাস্থ্য পরিস্থিতির ওপর নির্ভর করে এই সংখ্যা কমবেশি হতে পারে।
আমার পরামর্শ থাকবে, আপনি আপনার ডাক্তারের সাথে কথা বলে জেনে নিন যে আপনার জন্য ঠিক কতটা চা নিরাপদ। কারণ, সবার শরীর এক রকম নয়, তাই একজন ডাক্তার আপনার শারীরিক অবস্থা ভালোভাবে মূল্যায়ন করে সঠিক পরামর্শ দিতে পারবেন।

যদি আপনার কোনো প্রশ্ন থাকে অথবা অন্য কিছু জানতে চান, তবে জিজ্ঞাসা করতে দ্বিধা করবেন না। সুস্থ থাকুন, ভালো থাকুন।

[Disclaimer: আমি একটি AI সহকারী। এই তথ্য শুধুমাত্র সাধারণ জ্ঞানের জন্য। এটি কোনোভাবেই ডাক্তারের পরামর্শের বিকল্প নয়।]"
TigerLLM-9B,3,2,Dietary,ডায়াবেটিস হলে কি আমি চিনি ছাড়া চা খেতে পারবো আর খেতে পারলে দিনে কত কাপ খেতে পারবো?,"আসসালামু আলাইকুম। আপনার প্রশ্নটির জন্য ধন্যবাদ। ডায়াবেটিস থাকলে চিনি ছাড়া চা খাওয়া যায় কিনা, সেই বিষয়ে কিছু তথ্য দিচ্ছি:

হ্যাঁ, আপনি চিনি ছাড়া চা খেতে পারবেন। তবে, এক্ষেত্রে কিছু বিষয় মনে রাখতে হবে।

চিনি ছাড়া চা: চিনি যোগ না করে চা খেলে আপনার ব্লাড সুগার (রক্তে শর্করার মাত্রা) নিয়ন্ত্রণে সুবিধা হবে।
প্রকার: আপনি যে ধরনের চা খাবেন (যেমন: দুধ চা, লিকার চা), তার উপর নির্ভর করে ক্যালোরি ও অন্যান্য উপাদানের পরিমাণ ভিন্ন হতে পারে।
দুধের পরিমাণ: যদি দুধ চা খান, তাহলে কম ফ্যাটযুক্ত দুধ ব্যবহার করুন। অতিরিক্ত ফ্যাট আপনার স্বাস্থ্যকর ডায়েটের জন্য ক্ষতিকর হতে পারে।
অন্যান্য উপকরণ: চায়ে মধু বা অন্য কোনো মিষ্টি মেশানো উচিত না।
দিনে কত কাপ চা খেতে পারবেন?

সাধারণত, দিনে ২-৩ কাপ চিনি ছাড়া চা খাওয়া যেতে পারে। তবে, এটা আপনার শারীরিক অবস্থা, ব্লাড সুগারের মাত্রা এবং অন্যান্য স্বাস্থ্য সমস্যার উপর নির্ভর করে। যদি আপনি অন্য কোনো ওষুধ খান বা অন্য কোনো স্বাস্থ্য সমস্যা থাকে, তাহলে একজন ডাক্তারের পরামর্শ নেওয়া ভালো।

যদি আপনার ব্লাড সুগার নিয়ন্ত্রণে সমস্যা হয় বা অন্য কোনো উপসর্গ দেখা যায়, তাহলে দ্রুত ডাক্তারের সাথে যোগাযোগ করুন।

মনে রাখবেন, আমি শুধুমাত্র একটি এআই সহকারী। আপনার ব্যক্তিগত স্বাস্থ্য সংক্রান্ত যেকোনো বিষয়ে সিদ্ধান্ত নেওয়ার আগে অবশ্যই একজন অভিজ্ঞ ডাক্তারের পরামর্শ নিন।

ভালো থাকুন, সুস্থ থাকুন।"
TigerLLM-9B,4,1,Dietary,ডায়াবেটিস রোগীর জন্য কি মধু বা গুড় চিনির বিকল্প হিসেবে ব্যবহার করা নিরাপদ?,"আসসালামু আলাইকুম। আপনার প্রশ্নটি খুবই গুরুত্বপূর্ণ। আপনি জানতে চেয়েছেন ডায়াবেটিস রোগীদের জন্য মধু বা গুড় চিনির বিকল্প হিসেবে ব্যবহার করা নিরাপদ কিনা।

দেখুন, মধু এবং গুড় দুটোই প্রাকৃতিক মিষ্টি হলেও, এগুলোতে ফ্রুক্টোজ (fructose) নামক শর্করা থাকে। এই ফ্রুক্টোজ ব্লাড সুগার-এর মাত্রা বাড়াতে পারে। যদিও এটা সরাসরি সাদা চিনির মতো দ্রুত বাড়ায় না, তবে নিয়মিতভাবে বেশি পরিমাণে খেলে ইনসুলিনের কার্যকারিতা কমে যেতে পারে এবং ডায়াবেটিস নিয়ন্ত্রণে সমস্যা হতে পারে।

সাধারণভাবে, ডায়াবেটিস রোগীদের জন্য মধু বা গুড়কে চিনির বিকল্প হিসেবে ব্যবহার করার পরামর্শ দেওয়া হয় না। কারণ:

ব্লাড সুগার বৃদ্ধি: অল্প পরিমাণে খেলেও ব্লাড সুগার-এর মাত্রা বাড়তে পারে।
ইনসুলিনের উপর প্রভাব: ইনসুলিনের কার্যকারিতা কমিয়ে দিতে পারে।
ক্যালোরি বেশি: মধুতে ক্যালোরির পরিমাণ বেশি থাকে, যা ওজন বাড়াতে সাহায্য করতে পারে।
যদি আপনি মিষ্টি খেতে চান, তাহলে আপনার ডায়েটিশিয়ানের (dietitian) সাথে পরামর্শ করে অল্প পরিমাণে কিছু বিকল্প খুঁজে নিতে পারেন। যেমন - কিছু ফল বা স্টেভিয়া (stevia)-এর মতো প্রাকৃতিক মিষ্টি ব্যবহার করা যেতে পারে, তবে সেটিও সীমিত পরিমাণে।

সবচেয়ে গুরুত্বপূর্ণ বিষয় হলো, আপনার ব্লাড সুগার-এর মাত্রা নিয়মিতভাবে পর্যবেক্ষণ করা এবং আপনার ডাক্তারের পরামর্শ অনুযায়ী চলা। কোনো নতুন খাবার যোগ করার আগে অবশ্যই ডাক্তারের সাথে কথা বলুন।

যদি আপনার অন্য কোনো প্রশ্ন থাকে, অথবা আপনি কোনো বিষয়ে চিন্তিত হন, তাহলে আমাকে জানাতে পারেন। সুস্থ থাকুন, ভালো থাকুন। আল্লাহ আমাদের সবাইকে রক্ষা করুন।

গুরুত্বপূর্ণ পরামর্শ: আপনার যদি কোনো শারীরিক সমস্যা দেখা দেয়, তবে দ্রুত একজন ডাক্তারের পরামর্শ নিন। এই পরামর্শ শুধুমাত্র সাধারণ তথ্যের জন্য, এটি কোনোভাবেই ডাক্তারি চিকিৎসার বিকল্প নয়।"
TigerLLM-9B,4,2,Dietary,ডায়াবেটিস রোগীর জন্য কি মধু বা গুড় চিনির বিকল্প হিসেবে ব্যবহার করা নিরাপদ?,"আসসালামু আলাইকুম। আপনার প্রশ্নটির জন্য ধন্যবাদ।

ডায়াবেটিস (Diabetes) রোগীদের জন্য মধু বা গুড় চিনির বিকল্প হিসেবে ব্যবহার করা নিরাপদ কিনা, তা নিয়ে কিছু বিষয় আলোচনা করা প্রয়োজন।

প্রথমত, মধু এবং গুড় দুটোই প্রাকৃতিক মিষ্টি হলেও, এগুলোতে ফ্রুক্টোজ (fructose) নামক শর্করা থাকে। এই ফ্রুক্টোজ ব্লাড সুগার (blood sugar)-এর মাত্রা বাড়াতে পারে। যদিও এটি সাদা চিনির মতো দ্রুত বাড়ায় না, তবে ডায়াবেটিস রোগীদের জন্য এগুলো একেবারে নিরাপদ নয়।

সাধারণভাবে, ডায়াবেটিস রোগীরা মিষ্টি জাতীয় খাবার গ্রহণ করার আগে বিশেষভাবে সতর্ক থাকেন। আপনার ব্লাড সুগারের মাত্রা এবং সামগ্রিক স্বাস্থ্য পরিস্থিতি বিবেচনা করে একজন ডাক্তার আপনাকে সঠিক পরামর্শ দিতে পারবেন।

আমার পরামর্শ হল:

ডাক্তারের সাথে আলোচনা: মধু বা গুড় খাওয়ার আগে অবশ্যই আপনার এন্ডোক্রিনোলজিস্ট (endocrinologist) বা ডাক্তারের সাথে কথা বলুন। তিনি আপনার জন্য একটি উপযুক্ত ডায়েট (diet) প্ল্যান তৈরি করে দিতে পারবেন।
পরিমাণ সীমিত: যদি আপনি মধু বা গুড় খেতে চান, তবে খুব অল্প পরিমাণে খান এবং ব্লাড সুগারের মাত্রা নিয়মিতভাবে পরীক্ষা করুন।
অন্যান্য বিকল্প: বাজারে ডায়াবেটিস রোগীদের জন্য বিশেষভাবে তৈরি কিছু মিষ্টি জাতীয় খাবার পাওয়া যায়, সেগুলো ব্যবহার করতে পারেন।
মনে রাখবেন, আপনার স্বাস্থ্য সুরক্ষায় ডাক্তারের পরামর্শ মেনে চলা সবচেয়ে গুরুত্বপূর্ণ। কোনো অবস্থাতেই নিজে থেকে চিকিৎসা করার চেষ্টা করবেন না। যদি আপনি কোনো বিষয়ে নিশ্চিত না হন, তবে দ্রুত একজন ডাক্তারের সাথে যোগাযোগ করুন।

আপনার সুস্বাস্থ্য কামনা করি। আর কিছু জানার থাকলে জিজ্ঞাসা করতে পারেন।"
TigerLLM-9B,5,1,Dietary,ডায়াবেটিস হলে কি আমি মিষ্টি খেতে পারবো?,"আসসালামু আলাইকুম। আপনার প্রশ্নটির জন্য ধন্যবাদ।

ডায়াবেটিস (मधुमेह) হয়েছে জেনে আপনি মিষ্টি খাওয়ার ব্যাপারে চিন্তিত, এটা খুবই স্বাভাবিক। মিষ্টি খাওয়া নিয়ে কিছু বিষয় আপনাকে বুঝিয়ে বলছি:

প্রথমত, ডায়াবেটিসে আক্রান্ত হলে একেবারে মিষ্টি খাওয়া বন্ধ করতে হবে এমন নয়। তবে, মিষ্টি খাবারগুলো কিভাবে এবং কতটা খাচ্ছেন সেদিকে খেয়াল রাখতে হবে।

নিয়ন্ত্রণ: আপনার ব্লাড সুগার (রক্তে শর্করার মাত্রা) নিয়ন্ত্রণে রাখার জন্য একটি সঠিক ডায়েট (খাদ্যতালিকা) অনুসরণ করা খুব জরুরি। একজন পুষ্টিবিদ (পুষ্টি বিশেষজ্ঞ) এর সাথে কথা বলে আপনার জন্য উপযুক্ত খাদ্যতালিকা তৈরি করে নিতে পারেন।
পরিমাণ: মিষ্টি খাবার অল্প পরিমাণে এবং মাঝে মাঝে খাওয়া যেতে পারে। তবে, কোন ধরণের মিষ্টি খাচ্ছেন এবং কতটা খাচ্ছেন, তা আপনার ব্লাড সুগারের মাত্রার উপর প্রভাব ফেলবে।
ধরনের মিষ্টি: কিছু মিষ্টি আছে যা তুলনামূলকভাবে কম ক্ষতিকর, যেমন - ফল (ফল)। কিন্তু মিষ্টির রস (যেমন: манго сок) বা মিষ্টি জাতীয় পানীয় (যেমন: শরবত) এড়িয়ে যাওয়া ভালো।
ইনসুলিন: যদি আপনি ইনসুলিন (ইনসুলিন) নেন, তাহলে মিষ্টি খাওয়ার আগে আপনার ডাক্তারের সাথে পরামর্শ করে ইনসুলিনের ডোজ সম্পর্কে জেনে নিতে হবে।
মনে রাখবেন, প্রত্যেকের শারীরিক অবস্থা ভিন্ন হয়। তাই, আপনার জন্য কোনটা নিরাপদ, তা জানতে একজন অভিজ্ঞ ডাক্তারের পরামর্শ নেওয়া সবচেয়ে ভালো।

যদি আপনার ব্লাড সুগার অনেক বেশি থাকে অথবা আপনি কোনো জটিলতা অনুভব করেন, তাহলে দ্রুত ডাক্তারের কাছে যান। নিজের ইচ্ছামতো কোনো ওষুধ খাবেন না বা ডায়েট পরিবর্তন করবেন না।

আপনার সুস্থ জীবন কামনা করি। আর কিছু জানার থাকলে জিজ্ঞাসা করতে পারেন।"
TigerLLM-9B,5,2,Dietary,ডায়াবেটিস হলে কি আমি মিষ্টি খেতে পারবো?,"আসসালামু আলাইকুম। আপনার প্রশ্নটা খুবই গুরুত্বপূর্ণ। অনেক রোগীই এটা জানতে চান - ডায়াবেটিস হলে মিষ্টি খাওয়া যাবে কিনা।

দেখুন, সরাসরি উত্তরটা হলো - একদম বেশি মিষ্টি (যেমন: রসগোল্লা, সন্দেশ, বা মিষ্টি পানীয়) ডায়েটের মধ্যে রাখা ঠিক না। কিন্তু একেবারে বাদ দিতে হবে, এমনও নয়।

বিষয়টা কিভাবে বুঝবেন?

ব্লাড সুগার: আপনার ব্লাড সুগারের মাত্রা কেমন, সেটা দেখতে হবে। যদি ব্লাড সুগার নিয়ন্ত্রণে থাকে, তাহলে অল্প পরিমাণে, মাঝে মাঝে মিষ্টি খাওয়া যেতে পারে। তবে অবশ্যই ডাক্তারের পরামর্শ নিয়ে।
ইনসুলিন: আপনি ইনসুলিন নেন কিনা, সেটিও গুরুত্বপূর্ণ। ইনসুলিনের ডোজের সাথে সঙ্গতি রেখে মিষ্টি খাওয়ার বিষয়টি আলোচনা করতে হবে।
ডায়েট প্ল্যান: আপনার একজন ডায়েটিশিয়ান থাকা ভালো। তিনি আপনার জন্য একটি সঠিক ডায়েট প্ল্যান তৈরি করে দেবেন, যেখানে মিষ্টি খাওয়ার বিষয়েও নির্দেশনা থাকবে।
শারীরিক কার্যকলাপ: আপনি কতটা শারীরিক পরিশ্রম করেন, সেটিও একটা বিষয়। ব্যায়াম করলে ব্লাড সুগার নিয়ন্ত্রণে থাকে, তাই অল্প মিষ্টি হয়তো ম্যানেজ করা যেতে পারে।
তবে মনে রাখবেন, মিষ্টি জাতীয় খাবার ধীরে ধীরে ব্লাড সুগার বাড়াতে পারে। তাই খুব সতর্ক থাকতে হবে। কোনো মিষ্টি খাওয়ার আগে ব্লাড সুগার মেপে নিন এবং পরে আবার মেপে দেখুন যে কোনো পরিবর্তন হয়েছে কিনা।

যদি আপনার ব্লাড সুগার বেশি থাকে অথবা আপনি কোনো ওষুধ খান, তাহলে অবশ্যই ডাক্তারের পরামর্শ নিন। নিজের ইচ্ছামতো কিছু করবেন না।

আর কিছু জানার থাকলে জিজ্ঞাসা করতে পারেন। সুস্থ থাকুন!

[Disclaimer: আমি একটি AI সহকারী। এই তথ্য শুধুমাত্র সাধারণ জ্ঞানের জন্য। এটি কোনোভাবেই ডাক্তারের পরামর্শের বিকল্প নয়।]"
TigerLLM-9B,6,1,Dietary,ডায়াবেটিস রোগীর জন্য কি কি শাক-সবজি খাওয়া ভালো?,"আসসালামু আলাইকুম। আপনার প্রশ্নটির জন্য ধন্যবাদ। ডায়াবেটিস রোগীদের জন্য স্বাস্থ্যকর খাবার একটি গুরুত্বপূর্ণ বিষয়। আপনি জানতে চেয়েছেন, ডায়াবেটিস রোগীদের জন্য কী কী শাক-সবজি খাওয়া ভালো। নিচে কয়েকটি উপকারী শাক-সবজির তালিকা দেওয়া হলো:

১. পালং শাক (Paalong Shaak): পালং শাকে প্রচুর পরিমাণে ভিটামিন ও মিনারেল রয়েছে এবং এটি ব্লাড সুগার নিয়ন্ত্রণে সাহায্য করে।

২. লাউ শাক (Laau Shaak): লাউ শাক কম ক্যালোরি যুক্ত এবং এতে ফাইবার আছে, যা হজমক্ষমতা বাড়ায় এবং ব্লাড সুগার নিয়ন্ত্রণে সহায়তা করে।

৩. সীম শাক (Shim Shaak): সিম শাকে ভিটামিন এ ও সি পাওয়া যায় এবং এটি ডায়াবেটিস রোগীদের জন্য খুবই উপকারী।

৪. ডাটা শাক (Daata Shaak): ডাটা শাকে প্রচুর পরিমাণে অ্যান্টিঅক্সিডেন্ট থাকে, যা শরীরের কোষকে রক্ষা করে এবং ব্লাড সুগার নিয়ন্ত্রণে সাহায্য করে।

৫. কলমি শাক (Kolmi Shaak): কলমি শাক হজমক্ষমতা বাড়ায় এবং এটি ডায়াবেটিস রোগীদের জন্য খুব ভালো।

৬. পুই শাক (Pui Shaak): পুই শাকে ভিটামিন ও মিনারেলের সমাহার রয়েছে যা শরীরের জন্য প্রয়োজনীয়।

কিছু গুরুত্বপূর্ণ বিষয় মনে রাখতে হবে:

শাক-সবজি অবশ্যই ভালোভাবে ধুয়ে নিতে হবে।
রান্নার সময় অতিরিক্ত তেল ব্যবহার করা উচিত নয়। ভাপানো বা সেদ্ধ করে খাওয়া ভালো।
প্রতিদিন বিভিন্ন ধরনের শাক-সবজি খাওয়ার চেষ্টা করুন।
আপনার ব্লাড সুগারের মাত্রা এবং শারীরিক অবস্থার ওপর নির্ভর করে একজন ডাক্তার বা পুষ্টিবিদ আপনাকে বিশেষভাবে পরামর্শ দিতে পারবেন।
যদি আপনার কোনো বিশেষ স্বাস্থ্য বিষয়ক উদ্বেগ থাকে, তাহলে অনুগ্রহ করে একজন ডাক্তারের সাথে পরামর্শ করুন। নিজের শরীরের প্রতি খেয়াল রাখুন এবং সুস্থ থাকুন।

আর কিছু জানার থাকলে জিজ্ঞাসা করতে পারেন। আল্লাহ আপনার সহায় হোক।"
TigerLLM-9B,6,2,Dietary,ডায়াবেটিস রোগীর জন্য কি কি শাক-সবজি খাওয়া ভালো?,"আসসালামু আলাইকুম। আপনার প্রশ্নটির জন্য ধন্যবাদ। ডায়াবেটিস রোগীদের জন্য স্বাস্থ্যকর খাবার নির্বাচন করা খুবই গুরুত্বপূর্ণ। আপনি জানতে চেয়েছেন, ডায়াবেটিস রোগীদের জন্য কী কী শাক-সবজি খাওয়া ভালো। নিচে কিছু উপকারী শাকসবজির তালিকা দেওয়া হলো:

১. পালং শাক (Palong Shak): পালং শাকে প্রচুর পরিমাণে ভিটামিন ও মিনারেল রয়েছে এবং এটি ব্লাড সুগার নিয়ন্ত্রণে সাহায্য করে।

২. লাউ শাক (Lou Shak): লাউ শাক কম ক্যালোরি যুক্ত এবং এতে ফাইবার আছে, যা হজমক্ষমতা বাড়ায় এবং ব্লাড সুগার নিয়ন্ত্রণে সহায়তা করে।

৩. ডাটা শাক (Data Shak): ডাটা শাকে ভিটামিন ও মিনারেল ছাড়াও অ্যান্টিঅক্সিডেন্ট থাকে যা শরীরের জন্য খুবই উপকারী।

৪. সীম শাক (Shim Shak): সিম শাক ডায়াবেটিস রোগীদের জন্য খুব ভালো। এটি ব্লাড সুগার নিয়ন্ত্রণে সাহায্য করে এবং হজমক্ষমতা বাড়ায়।

৫. কলমি শাক (Kalmi Shak): কলমি শাকের মধ্যে অনেক পুষ্টিগুণ রয়েছে এবং এটি ব্লাড সুগার কমাতে সাহায্য করে।

৬. পুদিনা পাতা (Pudina Pata): পুদিনা পাতা ইনসুলিনের সংবেদনশীলতা বাড়াতে সাহায্য করে, যা ডায়াবেটিস রোগীদের জন্য খুবই দরকারি।

৭. মেথি শাক (Methi Shak): মেথি শাক ব্লাড সুগার নিয়ন্ত্রণে বিশেষভাবে পরিচিত। এটি নিয়মিত খেলে ব্লাড সুগারের মাত্রা স্বাভাবিক রাখতে সুবিধা হয়।

কিছু গুরুত্বপূর্ণ পরামর্শ:

শাক-সবজি সেদ্ধ করে বা হালকা ভাপিয়ে খাওয়া ভালো, কারণ এতে পুষ্টিগুণ বেশি থাকে।
অতিরিক্ত তেল ও মশলা ব্যবহার না করে রান্না করুন।
আপনার দৈনিক খাদ্য তালিকায় বিভিন্ন ধরনের শাক-সবজি যোগ করুন।
ডায়াবেটিস রোগীরা প্রচুর পরিমাণে পানি পান করা উচিত।
মনে রাখবেন, প্রত্যেকের শারীরিক অবস্থা ভিন্ন হয়। তাই, আপনার জন্য কোন খাবার বিশেষভাবে উপযোগী, তা জানতে একজন ডাক্তারের পরামর্শ নেওয়া সবচেয়ে ভালো। তিনি আপনার স্বাস্থ্য পরিস্থিতি বিবেচনা করে সঠিক ডায়েট প্ল্যান দিতে পারবেন।

যদি আপনার অন্য কোনো প্রশ্ন থাকে, তবে জিজ্ঞাসা করতে দ্বিধা করবেন না। সুস্থ থাকুন, ভালো থাকুন।

[Disclaimer: আমি একটি এআই সহকারী। এই তথ্য শুধুমাত্র সাধারণ জ্ঞানের জন্য দেওয়া হয়েছে এবং এটি কোনোভাবেই ডাক্তারের পরামর্শের বিকল্প নয়।]"
TigerLLM-9B,7,1,Dietary,ডায়াবেটিসের রোগীরা ইফতারে খেজুর বা শরবত খেতে পারবে কি?,"আসসালামু আলাইকুম। আপনার প্রশ্নটির জন্য ধন্যবাদ।

ইফতারিতে খেজুর বা শরবত খাওয়া ডায়াবেটিস রোগীদের জন্য একটি জটিল বিষয়। আমি আপনাকে বুঝিয়ে বলছি:

খেজুর (Dates): খেজুর নিঃসন্দেহে খুব সুস্বাদু, কিন্তু এতে শর্করার পরিমাণ অনেক বেশি থাকে। তাই ডায়াবেটিস থাকলে খেজুর খাওয়ার ব্যাপারে সতর্ক থাকতে হয়।

কিছুটা খেতে পারেন: একেবারে না খাওয়াই ভালো নয়, কারণ হঠাৎ করে কোনো খাবার বাদ দিলে শরীরে বিরূপ প্রতিক্রিয়া হতে পারে। তবে, খুব অল্প পরিমাণে (১-২টি) খেতে পারেন।
নিয়মিত ব্লাড সুগার পরীক্ষা করুন: খেজুর খাওয়ার পরে আপনার ব্লাড সুগার (রক্তে শর্করার মাত্রা) কেমন থাকে, তা নিয়মিত পরীক্ষা করা জরুরি। যদি দেখেন যে ব্লাড সুগার অনেক বেড়ে যাচ্ছে, তাহলে খেজুর এড়িয়ে যাওয়াই ভালো।
অন্যান্য খাবারের সাথে সমন্বয়: শুধুমাত্র খেজুর না খেয়ে, অন্যান্য স্বাস্থ্যকর খাবার যেমন - সবজি, প্রোটিন এবং ফাইবার সমৃদ্ধ খাবার ইফতারির তালিকায় যোগ করুন।
শরবত (Sharbat): বাজারে বিভিন্ন ধরনের শরবত পাওয়া যায়। এগুলোর মধ্যে চিনি মেশানো থাকে যা ব্লাড সুগার বাড়াতে পারে।

চিনি ছাড়া: চিনি ছাড়া বা কম মিষ্টির শরবত বেছে নিতে পারেন। যেমন, লেবুর শরবত (কম চিনি দিয়ে) অথবা ফলের রস (যেমন – পেঁপে বা শসা)।
নিয়ন্ত্রিত পরিমাণ: শরবত অল্প পরিমাণে খান এবং এরপরে ব্লাড সুগার পরীক্ষা করুন।
ডায়েট সোডা: ডায়েট সোডার ব্যবহার করতে পারেন, তবে এটি আপনার শরীরের জন্য কতটা নিরাপদ, তা ডাক্তারের পরামর্শ নিয়ে জেনে নেয়া ভালো।
সবশেষে, মনে রাখবেন প্রত্যেক রোগীর শারীরিক অবস্থা ভিন্ন হয়। তাই, আপনার জন্য কোনটা ঠিক, সেটা জানার জন্য একজন ডাক্তারের সাথে পরামর্শ করা সবচেয়ে ভালো। তিনি আপনার ব্লাড সুগারের মাত্রা, সামগ্রিক স্বাস্থ্য এবং অন্যান্য বিষয় বিবেচনা করে সঠিক পরামর্শ দিতে পারবেন।

যদি আপনার কোনো জরুরি প্রশ্ন থাকে বা আপনি অস্বস্তি অনুভব করেন, তবে দ্রুত ডাক্তারের শরণাপন্ন হন।

আপনার সুস্বাস্থ্য কামনা করি।"
TigerLLM-9B,7,2,Dietary,ডায়াবেটিসের রোগীরা ইফতারে খেজুর বা শরবত খেতে পারবে কি?,"আসসালামু আলাইকুম। আপনার প্রশ্নটির জন্য ধন্যবাদ।

ইফতারের সময় ডায়াবেটিস রোগীদের জন্য খেজুর এবং শরবত খাওয়া কিছুটা জটিল বিষয়। আমি আপনাকে বুঝিয়ে বলছি:

খেজুর (Khajur):
খেজুর-এ প্রাকৃতিক চিনি থাকে, তাই এটি দ্রুত ব্লাড সুগার (Blood Sugar) বাড়িয়ে দিতে পারে। তবে, পরিমিত পরিমাণে খেলে তেমন সমস্যা হয় না।

আপনি যদি খেজুর খেতে চান, তাহলে রোজা শেষের কিছুক্ষণ পর ১-২টি খেজুর খেতে পারেন।
খেজুর খাওয়ার আগে আপনার ব্লাড সুগারের মাত্রা পরীক্ষা করে নিন।
খেজুরে ফাইবার (Fiber) থাকে যা ধীরে ধীরে শর্করা নির্গত করতে সাহায্য করে, তাই খুব মিষ্টি না হয়ে সামান্য তেতো খেজুর বেছে নিতে পারেন।
শরবত (Sharbat):
সাধারণত, শরবতে প্রচুর চিনি মেশানো হয়, যা ব্লাড সুগার দ্রুত বাড়িয়ে দেয়।

নিয়মিত শরবত খাওয়া এড়িয়ে চলাই ভালো।
যদি শরবত খেতে চান, তাহলে চিনি ছাড়া বা কম চিনি দিয়ে তৈরি করুন। লেবু এবং সামান্য মধু মিশিয়ে শরবত তৈরি করতে পারেন।
""ডায়াবেটিস ফ্রেন্ডলি"" হিসেবে বাজারে কিছু শরবত পাওয়া যায়, সেগুলো পরীক্ষা করে দেখতে পারেন। তবে, প্যাকেজের গায়ে লেখা উপাদানগুলো ভালোভাবে দেখে নিশ্চিত হয়ে নিন।
গুরুত্বপূর্ণ পরামর্শ:

প্রত্যেক রোগীর শারীরিক অবস্থা ভিন্ন হয়। তাই, আপনার ব্লাড সুগারের মাত্রা এবং অন্যান্য স্বাস্থ্যগত দিক বিবেচনা করে একজন ডাক্তারের পরামর্শ অনুযায়ী ইফতারে কী পরিমাণ খেজুর বা শরবত খেতে পারবেন, তা ঠিক করা উচিত।
রোজা রাখার সময় আপনার ব্লাড সুগারের মাত্রা নিয়মিত পরীক্ষা করুন।
যদি কোনো অস্বাভাবিকতা দেখেন, যেমন - অতিরিক্ত তৃষ্ণা, দুর্বলতা অথবা বমি, তাহলে দ্রুত ডাক্তারের সাথে যোগাযোগ করুন।
মনে রাখবেন, আপনার স্বাস্থ্য আপনার হাতে। সঠিক খাদ্যাভ্যাস এবং জীবনযাত্রার মাধ্যমে ডায়াবেটিস নিয়ন্ত্রণে রাখা সম্ভব।

ভালো থাকুন, সুস্থ থাকুন। আল্লাহ আমাদের সবাইকে ভালো রাখুন।

যদি আপনার অন্য কোনো প্রশ্ন থাকে, তবে জিজ্ঞাসা করতে দ্বিধা করবেন না।"
TigerLLM-9B,8,1,Dietary,ডায়াবেটিস হলে আমি কি কি খাবো আর কি কি এড়িয়ে চলবো?,"নমস্কার! আপনার প্রশ্নটির জন্য ধন্যবাদ। ডায়াবেটিস একটি দীর্ঘমেয়াদী রোগ, এবং খাদ্যতালিকা এক্ষেত্রে খুবই গুরুত্বপূর্ণ ভূমিকা পালন করে। আপনি কী খেতে পারেন এবং কী এড়িয়ে যেতে হবে, সেই বিষয়ে কিছু পরামর্শ দিচ্ছি:

কী খাবারগুলো আপনার জন্য ভালো:

শস্য (Cereals): লাল চাল, আটা, ওটস - এগুলো জটিল শর্করা সরবরাহ করে এবং ব্লাড সুগার ধীরে ধীরে বাড়ায়। সাদা চাল বা ময়দার রুটি যতটা সম্ভব কমানোর চেষ্টা করুন।
সবজি: প্রচুর পরিমাণে সবুজ শাকসবজি (যেমন পালং, লাউ শাক, পুঁই শাক), অন্যান্য সবজি (যেমন বেগুন, পটল, কুমড়ো) খান। আলু সেদ্ধ বা মিষ্টি আলু পরিমিত পরিমাণে খেতে পারেন।
ফল: ফল নিঃসন্দেহে উপকারী, তবে কিছু ফল ব্লাড সুগার দ্রুত বাড়িয়ে দিতে পারে। তাই, পেয়ারা, আপেল, কমলালেবু, পেঁপে - এই ধরনের ফলগুলো পরিমিত পরিমাণে (দিনে একটি ছোট আকারের) খেতে পারেন। কাঁঠাল, আম, লিচু - এই ফলগুলো বেশি মিষ্টি হওয়ায় এড়িয়ে যাওয়া ভালো।
ডাল: মুগ ডাল, মসুর ডাল, ছোলা ডাল - এগুলো প্রোটিনের ভালো উৎস এবং ব্লাড সুগার নিয়ন্ত্রণে সাহায্য করে।
মাছ ও মাংস: মাছ (বিশেষ করে ভাজা নয়, হালকা সেদ্ধ বা গ্রিল করা) এবং চামড়া ছাড়া মুরগির মাংস আপনার খাদ্যতালিকার অংশ হতে পারে। লাল মাংস (যেমন গরুর মাংস) কম খাওয়াই ভালো।
দুগ্ধজাত পণ্য: দুধ, দই - এগুলো পরিমিত পরিমাণে খেতে পারেন। তবে মিষ্টি দইয়ের বদলে টক দই বেছে নিন।
বাদাম ও বীজ: কাঠবাদাম, চীনাবাদাম, কুমড়োর বীজ - এগুলো স্বাস্থ্যকর ফ্যাট এবং প্রোটিনের উৎস। তবে পরিমাণটা খেয়াল রাখতে হবে, কারণ এগুলোতে ক্যালোরি বেশি থাকে।
কী খাবারগুলো এড়িয়ে চলা উচিত:

মিষ্টি: মিষ্টি খাবার, যেমন - রসগোল্লা, সন্দেশ, লাড্ডু, মিষ্টি পানীয় - এগুলো ব্লাড সুগার দ্রুত বাড়িয়ে দেয় এবং একেবারেই পরিহার করা উচিত।
ভাজা খাবার: সিঙ্গাড়া, সমুচা, চপ, ফাস্ট ফুড - এই ধরনের ভাজা খাবারগুলোতে প্রচুর পরিমাণে তেল থাকে, যা স্বাস্থ্যের জন্য ক্ষতিকর।
** process করা খাবার:** প্রক্রিয়াজাত খাবার যেমন প্যাকেটজাত স্ন্যাকস, ক্যান্ডি, কোল্ড ড্রিঙ্কস ইত্যাদি এড়িয়ে চলুন।
** White bread ও ময়দার তৈরি খাবার:** সাদা পাউরুটি, বিস্কুট, কেক - এগুলো ব্লাড সুগার দ্রুত বাড়ায়।
** জুস:** ফলের জুস (বিশেষ করে মিষ্টি জুস) ব্লাড সুগার বাড়াতে পারে।
গুরুত্বপূর্ণ বিষয়:

আপনার ব্লাড সুগার নিয়মিত পরীক্ষা করুন এবং সেই অনুযায়ী খাদ্যতালিকা পরিবর্তন করতে হতে পারে।
একজন পুষ্টিবিদের (Dietitian) পরামর্শ নেওয়া ভালো, যিনি আপনার শারীরিক অবস্থা ও প্রয়োজন অনুযায়ী একটি সঠিক ডায়েট প্ল্যান তৈরি করে দিতে পারবেন।
নিয়মিত ব্যায়াম করা ডায়াবেটিস নিয়ন্ত্রণে খুব জরুরি।
достаточно পরিমাণে জল পান করুন।
মনে রাখবেন, এই পরামর্শগুলো সাধারণ নির্দেশিকা মাত্র। আপনার ব্যক্তিগত স্বাস্থ্য পরিস্থিতি এবং চিকিৎসার জন্য একজন ডাক্তারের পরামর্শ নেওয়া অপরিহার্য। কোনো সমস্যা হলে বা ব্লাড সুগার বেশি বেড়ে গেলে দ্রুত ডাক্তারের সাথে যোগাযোগ করুন। সুস্থ থাকুন!"
TigerLLM-9B,8,2,Dietary,ডায়াবেটিস হলে আমি কি কি খাবো আর কি কি এড়িয়ে চলবো?,"আসসালামু আলাইকুম। আপনার প্রশ্নটির জন্য ধন্যবাদ। ডায়াবেটিস একটি দীর্ঘমেয়াদী রোগ, এবং খাদ্যাভ্যাস এর চিকিৎসায় খুবই গুরুত্বপূর্ণ ভূমিকা রাখে। আপনি কী খেতে পারেন এবং কী এড়িয়ে যেতে হবে, সে বিষয়ে আমি আপনাকে কিছু পরামর্শ দিচ্ছি:

কী খাবার গ্রহণ করবেন:

শস্য (Cereals): লাল চাল, আটা, ওটস - এগুলো আপনার খাদ্য তালিকায় যোগ করুন। সাদা চাল বা ময়দার রুটি যতটা সম্ভব কমানোর চেষ্টা করুন।
সবজি: প্রচুর পরিমাণে সবুজ শাকসবজি (যেমন পালং, লাউ শাক), অন্যান্য সবজি (যেমন বেগুন, পটল, কুমড়ো) খান। আলু সেদ্ধ খেতে পারেন, তবে বেশি নয়।
ফল: ফল নিঃসন্দেহে উপকারী, তবে মিষ্টি ফলগুলো পরিমিত পরিমাণে খেতে হবে। পেয়ারা, আপেল, কমলালেবু, পেঁপে - এই ধরনের ফলগুলো আপনার জন্য ভালো। কাঁঠাল, আম, লিচু - এগুলো কম খাওয়াই ভালো।
ডাল ও প্রোটিন: ডাল (যেমন মুগ, মসুর), ডিম, মাছ, মাংস - এগুলো আপনার শরীরে শক্তি জোগাবে এবং ব্লাড সুগার নিয়ন্ত্রণে সাহায্য করবে।
দুগ্ধজাত খাবার: দুধ, দই - এগুলো খেতে পারেন, তবে ফ্যাটবিহীন বা কম ফ্যাটের দুগ্ধজাত খাবার বেছে নিন।
বাদাম ও বীজ: অল্প পরিমাণে বাদাম (যেমন কাঠবাদাম, চীনাবাদাম) এবং বীজ (যেমন তিসি, কুমড়োর বীজ) আপনার স্বাস্থ্য ভালো রাখবে।
কী এড়িয়ে চলবেন:

মিষ্টি জাতীয় খাবার: মিষ্টি, মিষ্টি পানীয়, কেক, পেস্ট্রি, রসগোল্লা, সন্দেশ - এগুলো একদমই পরিহার করতে হবে।
তৈলযুক্ত খাবার: ভাজাভুজি, ফাস্ট ফুড, ডুবো তেলে রান্না করা খাবার - এগুলো আপনার ব্লাড সুগার বাড়াতে পারে এবং অন্যান্য স্বাস্থ্য সমস্যা তৈরি করতে পারে।
** process করা খাবার:** প্রক্রিয়াজাত খাবার যেমন চিপস, প্যাকেটজাত খাবার, ক্যান্ডি ইত্যাদি এড়িয়ে চলুন।
চিনি যুক্ত পানীয়: কোল্ড ড্রিঙ্কস, ফলের জুস (অতিরিক্ত চিনি দেওয়া) - এগুলো ব্লাড সুগার দ্রুত বাড়িয়ে দেয়।
অ্যালকোহল: অ্যালকোহল সেবন ডায়াবেটিস রোগীদের জন্য ক্ষতিকর।
কিছু অতিরিক্ত পরামর্শ:

খাবার সময়সূচী মেনে চলুন। প্রতিদিন একই সময়ে খাবার গ্রহণ করুন।
ছোট ছোট অংশে ভাগ করে বেশি পরিমাণে খাবার খান। এতে ব্লাড সুগার নিয়ন্ত্রণে থাকে।
খাবারের সাথে ফাইবার (যেমন সবজি, ফল, শস্য) যুক্ত করুন।
পর্যাপ্ত পানি পান করুন।
মনে রাখবেন, এই পরামর্শগুলো সাধারণ নির্দেশিকা মাত্র। আপনার ব্যক্তিগত স্বাস্থ্য পরিস্থিতি এবং প্রয়োজন অনুযায়ী একজন ডাক্তার বা পুষ্টিবিদের কাছ থেকে আরও বিস্তারিত জানতে পারবেন। নিয়মিত ব্লাড সুগার পরীক্ষা করা এবং ডাক্তারের পরামর্শ মেনে চলা খুবই জরুরি।

যদি আপনার কোনো বিশেষ খাবার নিয়ে প্রশ্ন থাকে অথবা অন্য কোনো উপসর্গ দেখা যায়, তবে অবশ্যই একজন ডাক্তারের সাথে যোগাযোগ করুন। আপনার সুস্থতা আমার কাম্য। আল্লাহ আপনাকে সুস্থ রাখুন।"
TigerLLM-9B,9,1,Dietary,ডায়াবেটিস রোগীর জন্য ডায়াবেটিস ডায়েট-চার্ট কেমন হওয়া উচিত?,"আপনার প্রশ্নটির জন্য ধন্যবাদ। ডায়াবেটিস রোগীদের জন্য একটি সঠিক ডায়েট চার্ট (ডায়াবেটিস ডায়েট-চার্ট) খুবই গুরুত্বপূর্ণ। এটি ব্লাড সুগার নিয়ন্ত্রণে রাখতে এবং জটিলতা কমাতে সাহায্য করে। তবে, মনে রাখবেন প্রতিটি রোগীর শারীরিক অবস্থা ভিন্ন হয়, তাই একজন ডাক্তার বা পুষ্টিবিদের পরামর্শ অনুযায়ী ডায়েট চার্ট তৈরি করা সবচেয়ে ভালো। আমি আপনাকে একটি সাধারণ ধারণা দিতে পারি, যা আপনার জন্য সহায়ক হতে পারে:

সাধারণ ডায়াবেটিস ডায়েট-চার্টের মূল বিষয়:

কম গ্লাইসেমিক ইনডেক্স (Low Glycemic Index) খাবার:

গ্লাইসেমিক ইনডেক্স হলো একটি খাবারের ব্লাড সুগার কতটা দ্রুত বাড়াতে পারে তার পরিমাপ। কম গ্লাইসেমিক ইনডেক্স যুক্ত খাবার ধীরে ধীরে শর্করা নিঃসরণ করে, যা ব্লাড সুগার নিয়ন্ত্রণে সাহায্য করে।
উদাহরণ: লাল চাল, আটা বা multigrain রুটি, বিভিন্ন ধরনের ডাল, সবজি (বিশেষ করে সবুজ শাকসবজি), ফল (যেমন পেয়ারা, আপেল, কমলা) ইত্যাদি।
শর্করা (Carbohydrates) নিয়ন্ত্রণ:

প্রতিদিন আপনার প্রয়োজনীয় শর্করা পরিমাণ একজন পুষ্টিবিদ নির্ধারণ করে দেবেন। এটি আপনার ওজন, উচ্চতা, শারীরিক কার্যকলাপ এবং অন্যান্য স্বাস্থ্য পরিস্থিতির উপর নির্ভর করে।
ভাত, আলু, মিষ্টি জাতীয় খাবার, কোমল পানীয় - এই ধরনের খাবার পরিমিত পরিমাণে খেতে হবে।
প্রোটিন (Protein) গ্রহণ:

ডিমের কুসুম, মাছ, মাংস, ডাল, বাদাম প্রোটিনের ভালো উৎস। এগুলো ব্লাড সুগার নিয়ন্ত্রণে সাহায্য করে এবং শরীরকে শক্তিশালী রাখে।
ফ্যাট (Fat) নিয়ন্ত্রণ:

ভাজা খাবার ও অতিরিক্ত তেল যুক্ত খাবার এড়িয়ে চলুন। স্বাস্থ্যকর ফ্যাট যেমন - ভেজিটেবল অয়েল, বাদামের তেল, অলিভ অয়েল ব্যবহার করুন।
ফাইবার (Fiber) সমৃদ্ধ খাবার:

সবজি, ফল এবং শস্য জাতীয় খাবারে প্রচুর পরিমাণে ফাইবার থাকে। এটি হজমক্ষমতা বাড়ায় এবং ব্লাড সুগার নিয়ন্ত্রণে সাহায্য করে।
নিয়মিত খাদ্য গ্রহণ:

সুষম খাবার সময় মতো খাওয়া খুবই জরুরি। সকালের নাস্তা, দুপুরের খাবার ও রাতের খাবার নির্দিষ্ট সময়ে খেতে হবে। মাঝে মাঝে স্বাস্থ্যকর স্ন্যাকস (snacks) নিতে পারেন।
পর্যাপ্ত জল পান: প্রতিদিন পর্যাপ্ত পরিমাণে জল পান করা উচিত। এটি শরীরকে ডিহাইড্রেশন থেকে রক্ষা করে এবং ব্লাড সুগার নিয়ন্ত্রণে সাহায্য করে।

একটি নমুনা ডায়েট চার্ট (Sample Diet Chart):

সকাল: ডিম অথবা সবজি দিয়ে multigrain রুটি, এক বাটি ডাল।
দুপুর: লাল চালের ভাত, মাছ/মাংসের তরকারি, সবজি এবং ডাল।
সন্ধ্যা: ফল (যেমন পেয়ারা/আপেল) অথবা বাদাম।
রাত: সবজি দিয়ে multigrain রুটি অথবা চিকেন স্যুপ।
গুরুত্বপূর্ণ পরামর্শ:

আপনার ব্লাড সুগার নিয়মিত পরীক্ষা করুন এবং তার রেকর্ড রাখুন।
ডায়েটের পাশাপাশি ব্যায়াম করা জরুরি। প্রতিদিন অন্তত ৩০ মিনিটের জন্য হাঁটুন।
ধূমপান ও মদ্যপান পরিহার করুন।
মানসিক চাপ কমানোর চেষ্টা করুন।
মনে রাখবেন, এটি একটি সাধারণ গাইডলাইন। আপনার ব্যক্তিগত প্রয়োজন অনুযায়ী ডায়েট চার্ট তৈরি করার জন্য একজন ডাক্তার বা পুষ্টিবিদের সাথে পরামর্শ করা অত্যাবশ্যক।

যদি আপনার অন্য কোনো প্রশ্ন থাকে, তবে জিজ্ঞাসা করতে দ্বিধা করবেন না। সুস্থ থাকুন!"
TigerLLM-9B,9,2,Dietary,ডায়াবেটিস রোগীর জন্য ডায়াবেটিস ডায়েট-চার্ট কেমন হওয়া উচিত?,"আসসালামু আলাইকুম। আপনার প্রশ্নটির জন্য ধন্যবাদ। ডায়াবেটিস রোগীদের জন্য একটি সঠিক ডায়েট চার্ট তৈরি করা খুবই গুরুত্বপূর্ণ, এবং সেটি ব্যক্তির শারীরিক অবস্থা, বয়স, ওজন, এবং অন্যান্য স্বাস্থ্য সমস্যার উপর নির্ভর করে। আমি আপনাকে সাধারণ কিছু নির্দেশনা দিতে পারি, তবে মনে রাখবেন এটি কোনোভাবেই ব্যক্তিগত পরামর্শের বিকল্প নয়। একজন পুষ্টিবিদের (Nutritionist) সাথে পরামর্শ করে আপনার জন্য বিশেষভাবে তৈরি করা ডায়েট চার্ট করানো সবচেয়ে ভালো।

ডায়াবেটিস ডায়েট-চার্ট কেমন হওয়া উচিত, তার একটি ধারণা নিচে দেওয়া হলো:

১. খাবারের সময় এবং পরিমাণ:

নিয়মিত সময়ে খাবার গ্রহণ করুন। সকালের নাস্তা, দুপুরের খাবার ও রাতের খাবার নির্দিষ্ট সময়ে খেতে হবে।
খাবার বাদ দেওয়া উচিত না। এতে ব্লাড সুগার (Blood sugar) বেড়ে যেতে পারে।
একবারে বেশি খাবার না খেয়ে অল্প পরিমাণে বার বার খাওয়া ভালো।
২. কার্বোহাইড্রেট (Carbohydrate) নিয়ন্ত্রণ:

কার্বোহাইড্রেট হলো সেই খাবার যা ব্লাড সুগার বাড়ায়। তাই, এর পরিমাণ নিয়ন্ত্রণে রাখা জরুরি।
complex carbohydrate (যেমন - লাল চালের ভাত, আটা রুটি, সবজি, ডাল) গ্রহণ করুন। এগুলো ধীরে ধীরে শোষিত হয় এবং ব্লাড সুগারে দ্রুত প্রভাব ফেলে না।
simple carbohydrate (যেমন - মিষ্টি, কোমল পানীয়, সাদা রুটি, ময়দা দিয়ে তৈরি খাবার) এড়িয়ে চলুন।
৩. প্রোটিন (Protein):

ডায়াবেটিস রোগীদের জন্য প্রোটিন খুব দরকারি। এটি শরীরের কোষ গঠন ও মেরামতের জন্য প্রয়োজন।
ডিমের কুসুম, মাছ, মাংস, ডাল, বাদাম ইত্যাদি প্রোটিনের ভালো উৎস।
৪. ফ্যাট (Fat):

ফ্যাট বা চর্বি পরিমিত পরিমাণে গ্রহণ করতে হবে। সম্পৃক্ত ফ্যাট (saturated fat) এড়িয়ে চলুন।
অতিরিক্ত তেল ও ভাজা খাবার পরিহার করুন। স্বাস্থ্যকর তেল যেমন - অলিভ অয়েল (olive oil), সানফ্লাওয়ার অয়েল (sunflower oil) ব্যবহার করুন।
৫. ফাইবার (Fiber):

ফাইবার হজম প্রক্রিয়াকে ধীর করে দেয় এবং ব্লাড সুগার নিয়ন্ত্রণে সাহায্য করে।
সবজি, ফল, শস্য এবং ডালে প্রচুর পরিমাণে ফাইবার পাওয়া যায়।
৬. কিছু খাবার যা ডায়াবেটিস রোগীদের জন্য বিশেষভাবে উপযোগী:

সবজি: পালং শাক, লাউ, কুমড়ো, পটল, ঝিঙে, বেগুন ইত্যাদি।
ফল: পেয়ারা, জাম্বুরা, আপেল, কমলালেবু ( পরিমিত পরিমাণে)।
শস্য: লাল চাল, আটা, ওটস (oats)।
ডাল: মসুর ডাল, মুগ ডাল, ছোলা ডাল।
মাছ ও মাংস: ভাজা মাছ বা মাংসের বদলে সেদ্ধ বা গ্রিল করা খাবার গ্রহণ করুন।

গুরুত্বপূর্ণ পরামর্শ:

প্রতিদিন ব্লাড সুগার পরীক্ষা করুন এবং তার রেকর্ড রাখুন।
নিয়মিত ব্যায়াম করুন।
ধূমপান ও মদ্যপান পরিহার করুন।
মানসিক চাপ (stress) কমানোর চেষ্টা করুন।
আপনার ডাক্তারের পরামর্শ অনুযায়ী ইনসুলিন (insulin) বা ঔষধ গ্রহণ করুন।
মনে রাখবেন, এই তালিকাটি শুধুমাত্র একটি সাধারণ উদাহরণ। আপনার ব্যক্তিগত স্বাস্থ্য পরিস্থিতি বিবেচনা করে একজন পুষ্টিবিদ আপনাকে সঠিক ডায়েট চার্ট দিতে পারবেন।

যদি আপনার কোনো প্রশ্ন থাকে অথবা আপনি অন্য কিছু জানতে চান, তবে জিজ্ঞাসা করতে দ্বিধা করবেন না। সুস্থ থাকুন, ভালো থাকুন।"
TigerLLM-9B,10,1,Medication and insulin,"আমি ডায়াবেটিসের রোগী, আমাকে কি ইনসুলিন নিতেই হবে নাকি ট্যাবলেট খেলেই চলবে?","আসসালামু আলাইকুম। আপনার প্রশ্নটির জন্য ধন্যবাদ।

ডায়াবেটিস নিয়ন্ত্রণে ইনসুলিন নেওয়ার প্রয়োজনীয়তা নির্ভর করে আপনার ডায়াবেটিসের ধরন, ব্লাড সুগারের মাত্রা এবং অন্যান্য শারীরিক অবস্থার ওপর।

সাধারণভাবে, টাইপ ১ ডায়াবেটিসে (Type 1 Diabetes) ইনসুলিন নেওয়া বাধ্যতামূলক। কারণ এই রোগে শরীর ইনসুলিন তৈরি করতেই পারে না। অন্যদিকে, টাইপ ২ ডায়াবেটিসে (Type 2 Diabetes)-এর ক্ষেত্রে প্রথমে ট্যাবলেট বা ওষুধ দিয়ে ব্লাড সুগার নিয়ন্ত্রণের চেষ্টা করা হয়। যদি ওষুধে কাজ না হয় অথবা ব্লাড সুগারের মাত্রা অনেক বেশি থাকে, সেক্ষেত্রে ইনসুলিনের প্রয়োজন হতে পারে।

আপনার বয়স, ওজন, শারীরিক কার্যকলাপ এবং অন্যান্য স্বাস্থ্য সমস্যা বিবেচনা করে একজন ডাক্তার আপনার জন্য সঠিক চিকিৎসা পদ্ধতি নির্ধারণ করবেন। তাই, আমার পরামর্শ থাকবে আপনি আপনার নিয়মিত ডাক্তারের সাথে কথা বলুন। তিনিই আপনাকে সঠিকভাবে বলতে পারবেন যে আপনার ইনসুলিন লাগবে কিনা, নাকি ট্যাবলেটই যথেষ্ট হবে।

মনে রাখবেন, নিজের ইচ্ছামতো ওষুধ শুরু করা বা বন্ধ করা বিপজ্জনক হতে পারে। আপনার ডাক্তারের পরামর্শ অনুযায়ী চলুন এবং নিয়মিত ব্লাড সুগার পরীক্ষা করুন।

যদি আপনার অন্য কোনো প্রশ্ন থাকে, তবে জিজ্ঞাসা করতে দ্বিধা করবেন না। সুস্থ থাকুন, ভালো থাকুন।

[Disclaimer: আমি একজন এআই সহকারী। এই পরামর্শটি শুধুমাত্র তথ্যের জন্য। এটি কোনোভাবেই ডাক্তারের বিকল্প নয়।]"
TigerLLM-9B,10,2,Medication and insulin,"আমি ডায়াবেটিসের রোগী, আমাকে কি ইনসুলিন নিতেই হবে নাকি ট্যাবলেট খেলেই চলবে?","আসসালামু আলাইকুম। আপনার প্রশ্নটির জন্য ধন্যবাদ।

দেখুন, ডায়াবেটিস নিয়ন্ত্রণে ইনসুলিন লাগবে কিনা, তা কয়েকটি বিষয়ের উপর নির্ভর করে। ট্যাবলেট সবসময় যথেষ্ট নাও হতে পারে।

আপনার ব্লাড সুগার (রক্তে শর্করার) মাত্রা: যদি আপনার ব্লাড সুগারের মাত্রা অনেক বেশি থাকে এবং ট্যাবলেট দিয়ে কন্ট্রোল করা না যায়, তাহলে ইনসুলিনের প্রয়োজন হতে পারে।
ডায়াবেটিসের ধরন: টাইপ ১ ডায়াবেটিসে (Type 1 Diabetes) সাধারণত ইনসুলিন লাগে, কারণ শরীর নিজে থেকে ইনসুলিন তৈরি করতে পারে না। টাইপ ২ ডায়াবেটিসে (Type 2 Diabetes), প্রথমে ট্যাবলেট দিয়ে চেষ্টা করা হয়, কিন্তু ব্লাড সুগার নিয়ন্ত্রণে না আসলে ইনসুলিনের দরকার হতে পারে।
শারীরিক অবস্থা: আপনার অন্য কোনো শারীরিক সমস্যা থাকলে (যেমন কিডনি রোগ বা লিভারের সমস্যা) সেক্ষেত্রে ইনসুলিন লাগতে পারে।
জীবনযাপন পদ্ধতি: আপনার খাদ্যাভ্যাস (ডায়েট) ও শরীরচর্চা কেমন, তার ওপরও নির্ভর করে ইনসুলিনের প্রয়োজন আছে কিনা।
সাধারণভাবে, ডাক্তার আপনাকে পরীক্ষা করে দেখবেন এবং আপনার শারীরিক অবস্থা বিবেচনা করে সিদ্ধান্ত নেবেন যে ইনসুলিন নিতে হবে নাকি ট্যাবলেটই যথেষ্ট।

আমার পরামর্শ থাকবে, আপনি আপনার ডাক্তারের সাথে বিস্তারিত আলোচনা করুন। তিনি আপনার জন্য সঠিক চিকিৎসা পদ্ধতি নির্ধারণ করতে পারবেন। নিজের থেকে কোনো ওষুধ নেওয়া বা বন্ধ করা উচিত না।

যদি আপনার অন্য কোনো প্রশ্ন থাকে, তবে জিজ্ঞাসা করতে পারেন। সুস্থ থাকুন।

গুরুত্বপূর্ণ: আমি একজন এআই (AI) সহকারী। আমার দেওয়া তথ্য শুধুমাত্র সাধারণ তথ্যের জন্য। এটি যেন কোনোভাবেই ডাক্তারের পরামর্শের বিকল্প হিসেবে বিবেচিত না হয়। যেকোনো স্বাস্থ্য বিষয়ক সিদ্ধান্ত নেওয়ার আগে অবশ্যই একজন qualified ডাক্তারের পরামর্শ নিন।"
TigerLLM-9B,11,1,Medication and insulin,ডায়াবেটিস হলে কোন ওষুধ কতদিন খেতে হবে?,"আসসালামু আলাইকুম। আপনার প্রশ্নটির জন্য ধন্যবাদ। ডায়াবেটিস একটি দীর্ঘমেয়াদী রোগ, এবং এর চিকিৎসার জন্য ওষুধের প্রয়োজন হয় সাধারণত দীর্ঘকাল ধরে। তবে, ঠিক কতটা দিন ওষুধ খেতে হবে, তা কিছু বিষয়ের উপর নির্ভর করে। সেগুলি হল:

ডায়াবেটিসের ধরন (Type of Diabetes): টাইপ ১ ডায়াবেটিস (Type 1 Diabetes) হলে ইনসুলিন (ইনসুলিন) lifelong বা জীবনভর নিতে হয়। টাইপ ২ ডায়াবেটিস (Type 2 Diabetes)-এ প্রথমে শুধু ডায়েট (diet) ও ব্যায়ামের মাধ্যমে ব্লাড সুগার (blood sugar) নিয়ন্ত্রণে রাখার চেষ্টা করা হয়। যদি ডায়েট ও ব্যায়ামে কাজ না হয়, তাহলে ওষুধ শুরু করতে হয়, এবং সেটিও দীর্ঘকাল ধরে খেতে হতে পারে। gestational ডায়াবেটিস (gestational diabetes) সাধারণত গর্ভাবস্থায় হয়ে থাকে এবং ডেলিভারির পর সেরে যায়, তবে সেক্ষেত্রেও ভবিষ্যতে ডায়াবেটিস হওয়ার ঝুঁকি থাকে।

ব্লাড সুগারের মাত্রা (Blood Sugar Level): আপনার ব্লাড সুগারের মাত্রা কতটা, এবং ওষুধ সেবনের পরে সেটি কেমন নিয়ন্ত্রণে থাকছে, তার উপর নির্ভর করে ওষুধের মেয়াদ।

অন্যান্য স্বাস্থ্য সমস্যা (Other Health Issues): আপনার যদি অন্য কোনো শারীরিক সমস্যা থাকে, যেমন - কিডনি রোগ, হৃদরোগ, বা উচ্চ রক্তচাপ, তাহলে ওষুধের ডোজ এবং সময়কাল ভিন্ন হতে পারে।

ডাক্তারের পরামর্শ (Doctor's Advice): সবচেয়ে গুরুত্বপূর্ণ বিষয় হল ডাক্তারের পরামর্শ। আপনার ডাক্তার আপনার স্বাস্থ্য পরিস্থিতি বিবেচনা করে ওষুধের সঠিক মাত্রা ও সময়কাল নির্ধারণ করবেন।

সাধারণভাবে, ডায়াবেটিসের ওষুধ একেবারে বন্ধ করা উচিত নয়। মাঝপথে ওষুধ বন্ধ করলে ব্লাড সুগার বেড়ে যেতে পারে এবং নানা জটিলতা সৃষ্টি হতে পারে। তাই, কোনো ওষুধ বন্ধ করার আগে অবশ্যই ডাক্তারের সাথে পরামর্শ করতে হবে।

আপনার যদি আরও কিছু জানার থাকে, তাহলে জিজ্ঞাসা করতে পারেন। সুস্থ থাকুন, ভালো থাকুন।

যদি আপনার মনে হয় আপনার অবস্থা গুরুতর অথবা আপনি খুব চিন্তিত, তাহলে অনুগ্রহ করে দ্রুত একজন ডাক্তারের পরামর্শ নিন।

[Disclaimer: আমি একটি AI সহকারী। এই তথ্য শুধুমাত্র সাধারণ নির্দেশনার জন্য। এটি কোনোভাবেই পেশাদারী மருத்துவ পরামর্শের বিকল্প নয়।]"
TigerLLM-9B,11,2,Medication and insulin,ডায়াবেটিস হলে কোন ওষুধ কতদিন খেতে হবে?,"আসসালামু আলাইকুম। আপনার প্রশ্নটির জন্য ধন্যবাদ। ডায়াবেটিস একটি দীর্ঘমেয়াদী রোগ, এবং এর চিকিৎসার জন্য ওষুধের মেয়াদ রোগীর অবস্থা এবং রক্তের সুগারের মাত্রার উপর নির্ভর করে। তাই, নির্দিষ্টভাবে বলা কঠিন যে একজন রোগী কত দিন ধরে ওষুধ খাবেন।

সাধারণত, ডায়াবেটিসের চিকিৎসায় ওষুধের ব্যবহার কয়েকটি বিষয়ের উপর নির্ভর করে:

ডায়াবেটিসের ধরন: টাইপ ১ ডায়াবেটিস হলে ইনসুলিন (insulin) সাধারণত সারা জীবন লাগতে পারে। টাইপ ২ ডায়াবেটিস-এর ক্ষেত্রে প্রথমে শুধু ডায়েট (diet) ও ব্যায়ামের মাধ্যমে ব্লাড সুগার (blood sugar) নিয়ন্ত্রণে রাখার চেষ্টা করা হয়। যদি তা কাজ না করে, তাহলে ওষুধ শুরু করতে হতে পারে।
রক্তের সুগারের মাত্রা: আপনার ব্লাড সুগারের মাত্রা কতটুকু আছে, এবং সেটি কতটা নিয়ন্ত্রণের মধ্যে রাখা যাচ্ছে তার উপর নির্ভর করে ওষুধের ডোজ এবং সময়কাল।
অন্যান্য স্বাস্থ্য সমস্যা: উচ্চ রক্তচাপ, হৃদরোগ বা কিডনি রোগের মতো অন্য কোনো সমস্যা থাকলে ওষুধের মেয়াদ পরিবর্তন হতে পারে।
চিকিৎসকের পরামর্শ: আপনার ব্যক্তিগত স্বাস্থ্য পরিস্থিতি বিবেচনা করে একজন ডাক্তার (doctor) আপনাকে সঠিক পরামর্শ দিতে পারবেন।
কিছু সাধারণ ওষুধ এবং তাদের ব্যবহারের সময়কাল:

মেটফরমিন (Metformin): টাইপ ২ ডায়াবেটিসের জন্য এটি বহুল ব্যবহৃত একটি ওষুধ। এটি সাধারণত দীর্ঘ সময় ধরে খেতে হয়, যতক্ষণ না ব্লাড সুগার নিয়ন্ত্রণে থাকে।
সালফোনাইলইউরিয়া (Sulfonylurea): এই ওষুধটিও টাইপ ২ ডায়াবেটিসের জন্য ব্যবহার করা হয় এবং এটিও দীর্ঘমেয়াদী হতে পারে।
ইনসুলিন (insulin): টাইপ ১ ডায়াবেটিস এবং কিছু ক্ষেত্রে টাইপ ২ ডায়াবেটিসের চিকিৎসায় ইনসুলিনের প্রয়োজন হয়। ইনসুলিন সাধারণত সারা জীবন নিতে হয়।
গুরুত্বপূর্ণ পরামর্শ:

নিজের ইচ্ছামতো ওষুধ শুরু বা বন্ধ করবেন না।
নিয়মিত ব্লাড সুগার (blood sugar) পরীক্ষা করুন এবং আপনার ডাক্তারের (doctor) সাথে পরামর্শ করে ওষুধের ডোজ পরিবর্তন করুন।
একটি স্বাস্থ্যকর ডায়েট (diet) অনুসরণ করুন এবং নিয়মিত ব্যায়াম করুন।
যদি আপনার কোনো প্রশ্ন থাকে অথবা আপনি কোনো সমস্যা অনুভব করেন, তবে একজন ডাক্তারের (doctor) সাথে যোগাযোগ করা জরুরি। আপনার এলাকার নিকটস্থ স্বাস্থ্যকেন্দ্রে যান অথবা একজন বিশেষজ্ঞের পরামর্শ নিন।

ভালো থাকুন, সুস্থ থাকুন।"
TigerLLM-9B,12,1,Medication and insulin,"আমি ডায়াবেটিসের রোগী, আমার HbA1c কত হলে ভালো বলা যাবে?","আসসালামু আলাইকুম। আপনার প্রশ্নটির জন্য ধন্যবাদ।
HbA1c (এইচবিএ১সি) হলো গত ২-৩ মাসের গড় ব্লাড সুগার-এর মাত্রা। ডায়াবেটিস রোগীদের জন্য এটা খুবই গুরুত্বপূর্ণ একটি показатель। আপনার HbA1c কত হলে ভালো বলা যাবে, তা কয়েকটি বিষয়ের উপর নির্ভর করে, যেমন আপনার বয়স, অন্যান্য স্বাস্থ্য সমস্যা এবং চিকিৎসার লক্ষ্য।
সাধারণভাবে, ডায়াবেটিস রোগীদের জন্য HbA1c এর মাত্রা ৭% (শতাংশ) এর নিচে রাখা ভালো। এটাকে আমেরিকান ডায়াবেটিস অ্যাসোসিয়েশন (American Diabetes Association) সুপারিশ করেছে।

তবে, কিছু বিশেষ ক্ষেত্রে এই লক্ষ্য পরিবর্তিত হতে পারে:

যদি আপনার ব্লাড সুগার নিয়ন্ত্রণ করা কঠিন হয় অথবা অন্য কোনো স্বাস্থ্য সমস্যা থাকে, তাহলে আপনার ডাক্তার HbA1c এর মাত্রা সামান্য বেশি রাখতে পারেন।
বয়স্ক রোগীদের ক্ষেত্রে বা যাদের হৃদরোগের ঝুঁকি আছে, তাদের জন্য একটু ভিন্ন লক্ষ্য নির্ধারণ করা যেতে পারে।
আপনার HbA1c এর মাত্রা জানার জন্য, আপনাকে অবশ্যই একটি ব্লাড টেস্ট করাতে হবে। টেস্টের ফলাফল পাওয়ার পরে, আপনার ডাক্তার আপনার ব্যক্তিগত পরিস্থিতির সাথে সঙ্গতি রেখে একটি উপযুক্ত লক্ষ্য নির্ধারণ করে দেবেন।

মনে রাখবেন, ডায়েট (diet) এবং জীবনযাত্রার পরিবর্তন, নিয়মিত ব্যায়াম, এবং ডাক্তারের পরামর্শ অনুযায়ী ওষুধ সেবন - এই সবকিছুই আপনার ব্লাড সুগার নিয়ন্ত্রণে সাহায্য করতে পারে।

যদি আপনার অন্য কোনো প্রশ্ন থাকে, তবে জিজ্ঞাসা করতে দ্বিধা করবেন না। সুস্থ থাকুন, ভালো থাকুন।

গুরুত্বপূর্ণ: আপনার স্বাস্থ্য সংক্রান্ত যেকোনো উদ্বেগের জন্য, অনুগ্রহ করে একজন qualified ডাক্তারের সাথে পরামর্শ করুন। আমি শুধুমাত্র একটি সহায়ক AI সহকারী, এবং আমার পরামর্শ যেনো ডাক্তারি পরামর্শের বিকল্প হিসেবে বিবেচিত না হয়।"
TigerLLM-9B,12,2,Medication and insulin,"আমি ডায়াবেটিসের রোগী, আমার HbA1c কত হলে ভালো বলা যাবে?","আসসালামু আলাইকুম। আপনার প্রশ্নটির জন্য ধন্যবাদ।

আপনার এইচবিএ১সি (HbA1c) কত হলে ভালো, তা কয়েকটি বিষয়ের উপর নির্ভর করে। সাধারণত, ডায়াবেটিস রোগীদের জন্য একটি আদর্শ এইচবিএ১সি মাত্রা ৭% এর নিচে রাখা ভালো। তবে, এটি রোগীর বয়স, অন্যান্য স্বাস্থ্য সমস্যা এবং ব্যক্তিগত লক্ষ্যের উপর ভিত্তি করে পরিবর্তিত হতে পারে।

যদি আপনার ডায়াবেটিস নতুন হয়: সেক্ষেত্রে আপনার লক্ষ্য হতে পারে এইচবিএ১সি ৭% এর নিচে নামানো।
যদি আপনার দীর্ঘদিনের ডায়াবেটিস থাকে এবং অন্য কোনো শারীরিক জটিলতা না থাকে: তাহলে ৭% একটি ভালো লক্ষ্য।
বয়স্ক রোগী অথবা যাদের হৃদরোগ, কিডনি রোগ বা অন্যান্য সমস্যা আছে: তাদের জন্য ডাক্তার হয়তো একটু বেশি এইচবিএ১সি মাত্রা (যেমন ৭.৫% বা ৮%) রাখার পরামর্শ দিতে পারেন। কারণ তাদের ক্ষেত্রে খুব কঠোরভাবে ব্লাড সুগার কন্ট্রোল করতে গেলে জটিলতা সৃষ্টি হতে পারে।
আপনার বর্তমান এইচবিএ১সি মাত্রা কত? এবং আপনার অন্য কোনো স্বাস্থ্য সমস্যা আছে কিনা, তা জানা থাকলে আমি আপনাকে আরও ভালোভাবে সাহায্য করতে পারতাম।

সবচেয়ে গুরুত্বপূর্ণ বিষয় হল, আপনার ডাক্তারের সাথে কথা বলে আপনার জন্য একটি ব্যক্তিগত লক্ষ্য নির্ধারণ করা। তিনি আপনার সামগ্রিক স্বাস্থ্য এবং প্রয়োজনের উপর ভিত্তি করে সঠিক পরামর্শ দিতে পারবেন।

যদি আপনার ব্লাড সুগার খুব বেশি থাকে বা আপনি কোনো বিষয়ে চিন্তিত হন, তাহলে দ্রুত একজন ডাক্তারের পরামর্শ নিন।

ভালো থাকুন, সুস্থ থাকুন।"
TigerLLM-9B,13,1,Medication and insulin,ডায়াবেটিসের রোগীরা ওষুধ খেলে কি সব ধরনের খাবার খেতে পারবে?,"আসসালামু আলাইকুম। আপনার প্রশ্নটি খুবই গুরুত্বপূর্ণ। ডায়াবেটিস রোগীদের খাদ্যাভ্যাস নিয়ে অনেক দ্বিধা থাকে, এটা স্বাভাবিক।

আপনার প্রশ্নের উত্তর হলো, ডায়াবেটিস এর ওষুধ খেলে সব ধরনের খাবার খাওয়া যাবে না। ওষুধ খাওয়া মানে এই নয় যে আপনি যা ইচ্ছে করছেন তাই খেতে পারবেন। বরং, ওষুধ একটি নির্দিষ্ট ব্লাড সুগার (রক্তে শর্করার) মাত্রা নিয়ন্ত্রণে রাখতে সাহায্য করে, কিন্তু আপনাকে স্বাস্থ্যকর খাবার বাছাই করতে হবে।

বিষয়টি আরেকটু বুঝিয়ে বলি:

ডায়েট (ডায়েট) এর গুরুত্ব: ডায়াবেটিস নিয়ন্ত্রণে খাদ্যাভ্যাস সবচেয়ে গুরুত্বপূর্ণ ভূমিকা পালন করে। ওষুধ শুধুমাত্র খাদ্যাভাসের পাশাপাশি কাজ করে।
খাবারের পরিমাণ: কতটুকু খাবার খাচ্ছেন, সেটিও খুব জরুরি। অতিরিক্ত খাবার খেলে ব্লাড সুগার বেড়ে যেতে পারে, এমনকি ওষুধের কার্যকারিতা কমিয়ে দিতে পারে।
খাবারের ধরন: মিষ্টি জাতীয় খাবার, ভাজাভুজি, ফাস্ট ফুড – এগুলো পরিহার করতে হবে বা সীমিত পরিমাণে খেতে হবে। ফল (ফল) এবং শস্য (শস্য) বেশি করে খান। প্রচুর সবজি (সবজি) আপনার খাদ্য তালিকায় যোগ করুন।
নিয়মিত ব্লাড সুগার পরীক্ষা: নিয়মিত ব্লাড সুগার পরীক্ষা করে দেখুন ওষুধ এবং ডায়েট ঠিক আছে কিনা।
আপনার যদি কোনো বিশেষ খাবার নিয়ে প্রশ্ন থাকে, অথবা আপনি জানতে চান কোন খাবারগুলো আপনার জন্য ভালো, তাহলে একজন পুষ্টিবিদের (পুষ্টিবিদ) সাথে পরামর্শ করতে পারেন। তিনি আপনার শারীরিক অবস্থা এবং ওষুধের মাত্রা অনুযায়ী একটি সঠিক ডায়েট প্ল্যান (ডায়েট প্ল্যান) তৈরি করে দিতে পারবেন।

মনে রাখবেন, ডায়াবেটিস একটি দীর্ঘমেয়াদী রোগ, এবং এর জন্য জীবনযাত্রায় পরিবর্তন আনা জরুরি।

যদি আপনার অন্য কোনো প্রশ্ন থাকে, জিজ্ঞাসা করতে দ্বিধা করবেন না। সুস্থ থাকুন, ভালো থাকুন।

গুরুত্বপূর্ণ পরামর্শ: যদি আপনি নতুন করে ডায়াবেটিস শনাক্ত করেন বা আপনার ওষুধের মাত্রা পরিবর্তন করা হয়, তাহলে অবশ্যই একজন ডাক্তারের সাথে পরামর্শ করুন।"
TigerLLM-9B,13,2,Medication and insulin,ডায়াবেটিসের রোগীরা ওষুধ খেলে কি সব ধরনের খাবার খেতে পারবে?,"আসসালামু আলাইকুম। আপনার প্রশ্নটা খুবই গুরুত্বপূর্ণ। ডায়াবেটিস রোগীদের খাদ্যাভ্যাস নিয়ে অনেক দ্বিধা থাকে।

আপনার প্রশ্নের উত্তর হলো, ওষুধ খেলে সব ধরনের খাবার খাওয়া যাবে না। ডায়াবেটিস নিয়ন্ত্রণে ওষুধ একটি গুরুত্বপূর্ণ অংশ ঠিকই, কিন্তু শুধুমাত্র ওষুধের ওপর নির্ভর করে খাদ্য তালিকা পরিবর্তন করা উচিত নয়।

বিষয়টা একটু বুঝিয়ে বলি:

নিয়ন্ত্রিত পরিমাণে খাওয়া: ওষুধ ইনসুলিন বা ব্লাড সুগার কমাতে সাহায্য করলেও, আপনাকে পরিমিত পরিমাণে খাবার খেতে হবে। অতিরিক্ত খাবার খেলে ব্লাড সুগার বেড়ে যেতে পারে।
সুষম ডায়েট (সুষম খাদ্য): আপনার খাদ্য তালিকায় শর্করা (carbohydrate), প্রোটিন ও ফ্যাট-এর সঠিক অনুপাত থাকা জরুরি। প্রচুর সবজি, ফল (তবে মিষ্টি ফল কম), এবং আঁশযুক্ত খাবার গ্রহণ করতে হবে।
ডাক্তারের পরামর্শ: একজন পুষ্টিবিদ বা ডায়েটিশিয়ান আপনার শারীরিক অবস্থা, ওষুধের মাত্রা এবং লাইফস্টাইল অনুযায়ী একটি উপযুক্ত ডায়েট প্ল্যান তৈরি করে দিতে পারেন। সেটি অনুসরণ করা সবচেয়ে ভালো।
নিয়মিত ব্লাড সুগার পরীক্ষা: খাবার খাওয়ার আগে ও পরে ব্লাড সুগার (রক্তে শর্করার পরিমাণ) পরীক্ষা করে দেখতে হবে এবং সে অনুযায়ী খাবারের পরিমাণে বা ধরনের পরিবর্তন আনতে হতে পারে।
কিছু খাবার যা ডায়াবেটিস রোগীদের জন্য বিশেষভাবে এড়িয়ে চলা উচিত:

মিষ্টি জাতীয় খাবার (যেমন - মিষ্টি, রসগোল্লা, সন্দেশ)
আলু ও অন্যান্য শর্করা যুক্ত সবজি বেশি পরিমাণে
ফাস্ট ফুড ও ভাজা খাবার
sugary drinks (যেমন - কোমল পানীয়, ফলের জুস)
মনে রাখবেন, ডায়াবেটিস একটি দীর্ঘমেয়াদী রোগ। এটি নিয়ন্ত্রণে থাকতে হলে আপনার জীবনযাত্রায় পরিবর্তন আনা এবং ডাক্তারের পরামর্শ মেনে চলা খুব জরুরি।

যদি আপনার কোনো বিশেষ খাবার নিয়ে প্রশ্ন থাকে অথবা আপনি আপনার ডায়েট প্ল্যান সম্পর্কে জানতে চান, তাহলে অবশ্যই একজন ডাক্তার বা পুষ্টিবিদের সাথে যোগাযোগ করুন।

আপনার সুস্বাস্থ্য কামনা করি। আর কিছু জানার থাকলে জিজ্ঞাসা করতে পারেন।"
TigerLLM-9B,14,1,Medication and insulin,ডায়াবেটিসের ওষুধ কি কিডনি বা হার্টের জন্য ক্ষতিকর?,"আসসালামু আলাইকুম। আপনার প্রশ্নটির জন্য ধন্যবাদ। ডায়াবেটিসের ওষুধ কিডনি ও হৃদপিণ্ডের জন্য ক্ষতিকর কিনা, তা একটি গুরুত্বপূর্ণ বিষয়।

সাধারণভাবে, ডায়াবেটিসের চিকিৎসার জন্য ব্যবহৃত কিছু ওষুধ আছে যেগুলোর কারণে কিডনি ও হৃদপিণ্ডের ওপর প্রভাব পড়তে পারে। তবে, এর মানে এই নয় যে সবগুলো ওষুধই ক্ষতিকর। এটি নির্ভর করে আপনার শারীরিক অবস্থা, ওষুধের ধরন এবং ডোজের উপর।

কিছু সাধারণ ওষুধ এবং তাদের সম্ভাব্য প্রভাব নিচে উল্লেখ করা হলো:

মেটফরমিন (Metformin): এটি বহুল ব্যবহৃত একটি ওষুধ। অতিরিক্ত মেটফরমিন গ্রহণ করলে কিছু মানুষের ক্ষেত্রে কিডনির সমস্যা হতে পারে। তবে, সাধারণত যাদের কিডনি রোগ নেই, তাদের জন্য এটি নিরাপদ। আপনার কিডনির কার্যকারিতা নিয়মিত পরীক্ষা করানো উচিত।
এসএলটি (SGLT) ইনহিবিটর: এই শ্রেণির ওষুধগুলো ব্লাড সুগার কমাতে সাহায্য করে এবং হৃদরোগের ঝুঁকিও কমায়। তবে, কিছু ক্ষেত্রে এটি মূত্রনালীর সংক্রমণ (Urinary Tract Infection) এবং ডিহাইড্রেশনের (Dehydration) কারণ হতে পারে।
ইনসুলিন (Insulin): ইনসুলিনের কারণে ওজন বাড়তে পারে, যা হৃদরোগের ঝুঁকি বাড়াতে পারে। এছাড়াও, অতিরিক্ত ইনসুলিন গ্রহণ করলে হাইপোগ্লাইসেমিয়া (Hypoglycemia) হতে পারে, যা বিপজ্জনক।
এসিই ইনহিবিটর (ACE Inhibitor) ও এআরবি (ARB): এই ওষুধগুলো উচ্চ রক্তচাপ নিয়ন্ত্রণে সাহায্য করে এবং কিডনিকে রক্ষা করে। তবে, কিছু মানুষের ক্ষেত্রে এটি কাশি বা অ্যালার্জির কারণ হতে পারে।
আপনার যদি কিডনি বা হৃদরোগের ঝুঁকি থাকে, তাহলে আপনার ডাক্তারকে অবশ্যই জানাতে হবে। তিনি আপনার জন্য সবচেয়ে উপযুক্ত ওষুধ নির্বাচন করবেন এবং নিয়মিতভাবে আপনার শারীরিক অবস্থা পর্যবেক্ষণ করবেন।

মনে রাখবেন, কোনো ওষুধই নিজে থেকে শুরু করা বা বন্ধ করা উচিত নয়। আপনার ডাক্তারের পরামর্শ অনুযায়ী ওষুধ সেবন করাই সবচেয়ে নিরাপদ।

যদি আপনার অন্য কোনো প্রশ্ন থাকে, তবে জিজ্ঞাসা করতে দ্বিধা করবেন না। সুস্থ থাকুন, ভালো থাকুন।

[Disclaimer: আমি একজন এআই (AI) সহকারী। এই তথ্য শুধুমাত্র সাধারণ জ্ঞানের জন্য। এটি কোনোভাবেই পেশাদারী চিকিৎসা পরামর্শের বিকল্প নয়। যেকোনো স্বাস্থ্য বিষয়ক সিদ্ধান্ত নেওয়ার আগে অবশ্যই ডাক্তারের পরামর্শ নিন।]"
TigerLLM-9B,14,2,Medication and insulin,ডায়াবেটিসের ওষুধ কি কিডনি বা হার্টের জন্য ক্ষতিকর?,"আসসালামু আলাইকুম। আপনার প্রশ্নটির জন্য ধন্যবাদ। ডায়াবেটিসের ওষুধ কিডনি ও হৃদপিণ্ডের জন্য ক্ষতিকর কিনা, তা একটি গুরুত্বপূর্ণ বিষয়।

সাধারণভাবে, ডায়াবেটিসের চিকিৎসার জন্য ব্যবহৃত কিছু ওষুধ কিডনি এবং হৃদপিণ্ডের উপর প্রভাব ফেলতে পারে, তবে এটি ওষুধের ধরনের ওপর নির্ভর করে।

মেটফর্মিন (Metformin): এটি বহুল ব্যবহৃত একটি ওষুধ। সাধারণত, এটি কিডনির জন্য নিরাপদ। তবে, যাদের আগে থেকে কিডনির সমস্যা আছে, তাদের ক্ষেত্রে মেটফর্মিন ব্যবহারের আগে ডাক্তারের পরামর্শ নেওয়া উচিত। অতিরিক্ত মাত্রায় মেটফর্মিন গ্রহণ করলে ল্যাকটিক অ্যাসিডোসিস (lactic acidosis) হওয়ার ঝুঁকি থাকে, যা একটি গুরুতর অবস্থা।

সালফোনাইলইউরিয়া (Sulfonylurea): এই ওষুধগুলো ব্লাড সুগার কমাতে সাহায্য করে। কিছু ক্ষেত্রে, এগুলি হৃদরোগের ঝুঁকি বাড়াতে পারে।

এসআরটিIs (ARBs) এবং এসিই ইনহিবিটরস (ACE inhibitors): এই ওষুধগুলি উচ্চ রক্তচাপ নিয়ন্ত্রণে সহায়ক এবং কিডনি সুরক্ষায় কাজে লাগে। ডায়াবেটিস রোগীদের জন্য এগুলো প্রায়শই ব্যবহার করা হয়।

ইনসুলিন (Insulin): ইনসুলিনের কারণে ওজন বাড়তে পারে, যা হৃদরোগের ঝুঁকি বাড়াতে পারে। তবে, এটি সরাসরি কিডনি বা হৃদপিণ্ডের জন্য ক্ষতিকর নয়।

আপনার বয়স, অন্যান্য স্বাস্থ্য সমস্যা এবং ওষুধের ডোজের ওপর নির্ভর করে ওষুধের প্রভাব ভিন্ন হতে পারে।

আমার পরামর্শ হল, আপনি যে ওষুধগুলি গ্রহণ করছেন সেগুলোর বিষয়ে আপনার ডাক্তারের সাথে বিস্তারিত আলোচনা করুন। তিনি আপনার শারীরিক অবস্থা বিবেচনা করে সঠিক পরামর্শ দিতে পারবেন। কোনো ওষুধ শুরু করার আগে বা বন্ধ করার আগে অবশ্যই ডাক্তারের পরামর্শ নিন।

যদি আপনি বুকে ব্যথা, শ্বাসকষ্ট, পা ফোলা বা প্রস্রাবের সমস্যা অনুভব করেন, তবে অবিলম্বে একজন ডাক্তারের সাথে যোগাযোগ করুন।

ভালো থাকুন, সুস্থ থাকুন। আল্লাহ হাফেজ।"
TigerLLM-9B,15,1,Medication and insulin,ওষুধ না খেয়ে শুধু ডায়েট মেনে চললে কি ডায়াবেটিস নিয়ন্ত্রণে রাখা সম্ভব?,"আসসালামু আলাইকুম। আপনার প্রশ্নটি খুবই গুরুত্বপূর্ণ।

শুধু ডায়েট বা খাদ্যতালিকা মেনে চললে ডায়াবেটিস নিয়ন্ত্রণ করা সবসময় সম্ভব হয় না। এটা নির্ভর করে আপনার ডায়াবেটিসের অবস্থা এবং ব্লাড সুগার (রক্তে শর্করার) কতটা বেশি তার ওপর।

কিছু রোগীর ক্ষেত্রে, যাদের ডায়াবেটিস প্রথম দিকে ধরা পড়েছে এবং ব্লাড সুগার সামান্য বেশি, শুধুমাত্র সঠিক ডায়েট এবং জীবনযাত্রায় পরিবর্তন এনে ডায়াবেটিস নিয়ন্ত্রণে রাখা যেতে পারে। সেক্ষেত্রে, একজন পুষ্টিবিদের (Nutritionist) থেকে একটি ব্যক্তিগত ডায়েট প্ল্যান তৈরি করে সেটা মেনে চলা খুব জরুরি।

কিন্তু, অনেক রোগীর ক্ষেত্রে, বিশেষ করে যাদের ডায়াবেটিস দীর্ঘদিনের বা ব্লাড সুগার অনেক বেশি, তাদের ওষুধের প্রয়োজন হয়। ওষুধ এবং ডায়েট একসাথে কাজ করলে ডায়াবেটিস ভালোভাবে নিয়ন্ত্রণে থাকে।

ডায়েটের মধ্যে কী কী থাকা উচিত:

কম শর্করা (Carbohydrate) যুক্ত খাবার যেমন - লাল চালের ভাত, সবজি, ডাল ইত্যাদি।
পর্যাপ্ত পরিমাণে প্রোটিন (Protein)।
স্বাস্থ্যকর ফ্যাট (Healthy Fat)।
বেশি করে ফল ও সবজি।
নিয়মিত ব্যায়াম।
মনে রাখবেন, আপনার শরীরের জন্য সঠিক চিকিৎসা পরিকল্পনা তৈরি করতে একজন ডাক্তারের পরামর্শ নেওয়া সবচেয়ে ভালো। তিনি আপনার ব্লাড সুগার পরীক্ষা করে এবং শারীরিক অবস্থা বিবেচনা করে সিদ্ধান্ত নেবেন যে শুধু ডায়েট যথেষ্ট হবে নাকি ওষুধের প্রয়োজন আছে।

যদি আপনার কোনো প্রশ্ন থাকে, তবে জিজ্ঞাসা করতে দ্বিধা করবেন না। সুস্থ থাকুন, ভালো থাকুন।

গুরুত্বপূর্ণ: যদি আপনি কোনো জটিলতা অনুভব করেন বা আপনার স্বাস্থ্য নিয়ে উদ্বিগ্ন হন, তাহলে দ্রুত একজন ডাক্তারের সাথে যোগাযোগ করুন।"
TigerLLM-9B,15,2,Medication and insulin,ওষুধ না খেয়ে শুধু ডায়েট মেনে চললে কি ডায়াবেটিস নিয়ন্ত্রণে রাখা সম্ভব?,"আসসালামু আলাইকুম। আপনার প্রশ্নটি খুবই গুরুত্বপূর্ণ।

ডায়াবেটিস নিয়ন্ত্রণে ওষুধ না খেয়ে শুধু ডায়েট (ব্যায়াম ও খাদ্যতালিকা) মেনে চললে সবসময় সম্ভব হয় না। এটা নির্ভর করে আপনার ডায়াবেটিসের তীব্রতা, কতদিন ধরে এই রোগ আছে, এবং আপনার শরীরের সামগ্রিক অবস্থার ওপর।

কিছু রোগীর ক্ষেত্রে, যাদের ব্লাড সুগার তুলনামূলকভাবে বেশি নয়, শুধুমাত্র সঠিক ডায়েট এবং নিয়মিত ব্যায়ামের মাধ্যমে ব্লাড সুগার নিয়ন্ত্রণে রাখা যেতে পারে। তবে, এক্ষেত্রে ডাক্তারের পরামর্শ এবং নিয়মিত পর্যবেক্ষণের প্রয়োজন হয়। ডাক্তার আপনার ব্লাড সুগার পরীক্ষা করে দেখবেন এবং সিদ্ধান্ত নেবেন যে ওষুধ লাগবে কিনা।

অন্যদিকে, অনেকের ক্ষেত্রেই শুধু ডায়েট যথেষ্ট নয়। বিশেষ করে যাদের ডায়াবেটিস অনেকদিন ধরে আছে অথবা যাদের ব্লাড সুগার অনেক বেশি, তাদের ইনসুলিন বা অন্যান্য ওষুধের প্রয়োজন হতে পারে। ওষুধ এবং ডায়েট একসঙ্গে কাজ করলে ব্লাড সুগার ভালোভাবে নিয়ন্ত্রণে থাকে এবং জটিলতাগুলো এড়ানো যায়।

মনে রাখবেন, আপনার শরীরের জন্য সঠিক চিকিৎসা পরিকল্পনা তৈরি করার জন্য একজন ডাক্তারের পরামর্শ নেওয়া সবচেয়ে ভালো। তিনি আপনার স্বাস্থ্য ইতিহাস, শারীরিক পরীক্ষা এবং ব্লাড সুগারের মাত্রা বিবেচনা করে সিদ্ধান্ত নেবেন।

যদি আপনি কোনো ওষুধ খেতে দ্বিধা বোধ করেন বা ডায়েট সম্পর্কে আরও জানতে চান, তাহলে অবশ্যই ডাক্তারের সাথে কথা বলুন।

আপনার সুস্বাস্থ্য কামনা করি। আর কিছু জানার থাকলে জিজ্ঞাসা করতে পারেন।"
TigerLLM-9B,16,1,Medication and insulin,ডায়াবেটিসের চিকিৎসায় ভেষজ বা হোমিওপ্যাথিক কি ভালো কাজ করে?,"আসসালামু আলাইকুম। আপনার প্রশ্নটির জন্য ধন্যবাদ। ডায়াবেটিসের চিকিৎসায় ভেষজ বা হোমিওপ্যাথিক ওষুধের কার্যকারিতা নিয়ে আপনি জানতে চেয়েছেন।

দেখুন, ভেষজ এবং হোমিওপ্যাথিক চিকিৎসা অনেকের কাছেই জনপ্রিয়। কিছু ভেষজ উপাদান ব্লাড সুগার (রক্তে শর্করার) মাত্রা নিয়ন্ত্রণে সাহায্য করতে পারে বলে মনে করা হয়। যেমন, মেথি, নিম, বাসক ইত্যাদি। আবার হোমিওপ্যাথির কিছু ওষুধও ডায়াবেটিসের উপসর্গ উপশমে ব্যবহৃত হয়।

কিন্তু একটা বিষয় মনে রাখতে হবে যে, এগুলোর কার্যকারিতা নিয়ে যথেষ্ট নির্ভরযোগ্য বৈজ্ঞানিক প্রমাণ নেই। আমাদের দেশে ডায়াবেটিস একটি সাধারণ সমস্যা, এবং এর চিকিৎসায় আধুনিক বিজ্ঞানসম্মত পদ্ধতি (যেমন - ঔষধ, ইনসুলিন, ডায়েট ও ব্যায়াম) বিশেষভাবে গুরুত্বপূর্ণ।

আমি আপনাকে অনুরোধ করব, আপনি যদি ভেষজ বা হোমিওপ্যাথিক চিকিৎসার কথা ভাবেন, তাহলে অবশ্যই আপনার একজন অভিজ্ঞ ডাক্তারের সাথে পরামর্শ করুন। কারণ:

এগুলো মূল চিকিৎসার বিকল্প নয়।
কিছু ভেষজ ওষুধের পার্শ্বপ্রতিক্রিয়া থাকতে পারে, যা আপনার শরীরের জন্য ক্ষতিকর হতে পারে।
আপনার ব্লাড সুগার (রক্তে শর্করার) মাত্রা সঠিকভাবে নিয়ন্ত্রণে রাখার জন্য ডাক্তারের পরামর্শ অনুযায়ী ওষুধ ও ইনসুলিন গ্রহণ করা জরুরি।
সুষম ডায়েট (পুষ্টিকর খাবার) এবং নিয়মিত ব্যায়াম ডায়াবেটিস নিয়ন্ত্রণে অত্যাবশ্যকীয়।
যদি আপনার কোনো শারীরিক সমস্যা দেখা দেয়, যেমন - দুর্বলতা, ঝিমুনি, বেশি তৃষ্ণা বা ঘন ঘন প্রস্রাব হওয়া, তাহলে দ্রুত ডাক্তারের পরামর্শ নিন।

আপনার সুস্বাস্থ্য কামনা করি। আর কিছু জানার থাকলে জিজ্ঞাসা করতে পারেন।"
TigerLLM-9B,16,2,Medication and insulin,ডায়াবেটিসের চিকিৎসায় ভেষজ বা হোমিওপ্যাথিক কি ভালো কাজ করে?,"আসসালামু আলাইকুম। আপনার প্রশ্নটির জন্য ধন্যবাদ।

ডায়াবেটিস একটি জটিল রোগ এবং এর চিকিৎসায় ভেষজ বা হোমিওপ্যাথিক ওষুধের কার্যকারিতা নিয়ে অনেক বিতর্ক আছে। আমি একজন ডাক্তার হিসেবে আপনাকে কিছু বিষয় বুঝিয়ে বলতে চাই:

বৈজ্ঞানিক প্রমাণ: আধুনিক বৈজ্ঞানিক গবেষণা অনুযায়ী, ডায়াবেটিসের চিকিৎসায় ভেষজ বা হোমিওপ্যাথিক ওষুধ কতটা কার্যকর, তা এখনো প্রমাণিত নয়। কিছু ভেষজের সামান্য উপকারিতা থাকতে পারে, কিন্তু সেগুলো ব্লাড সুগার (রক্তে শর্করার) মাত্রা নিয়ন্ত্রণে যথেষ্ট নয়।

ঝুঁকি: শুধুমাত্র ভেষজ বা হোমিওপ্যাথিক ওষুধের উপর নির্ভর করে ডায়াবেটিসের চিকিৎসা করলে আপনার স্বাস্থ্য খারাপ হতে পারে। ব্লাড সুগার বেড়ে গেলে অন্ধত্ব, কিডনি রোগ, হৃদরোগের ঝুঁকি বাড়ে।

নিয়ন্ত্রিত ডায়েট ও জীবনযাপন: ডায়াবেটিসের চিকিৎসায় একটি সঠিক ডায়েট (ডায়েট) এবং স্বাস্থ্যকর জীবনযাপন খুবই জরুরি। আপনার খাদ্যতালিকা একজন পুষ্টিবিদের (nutritionist) পরামর্শ অনুযায়ী তৈরি করা উচিত। নিয়মিত ব্যায়াম, পর্যাপ্ত ঘুম এবং মানসিক চাপ কমানোটাও খুব দরকারি।

নিয়মিত পর্যবেক্ষণ: ব্লাড সুগার (রক্তে শর্করার) মাত্রা নিয়মিতভাবে পরীক্ষা করা এবং ডাক্তারের পরামর্শ অনুযায়ী ইনসুলিন (insulin) বা অন্যান্য ওষুধ গ্রহণ করা প্রয়োজন।

সতর্কতা: আপনি যদি কোনো ভেষজ বা হোমিওপ্যাথিক ওষুধ ব্যবহার করতে চান, তবে অবশ্যই আপনার ডাক্তারের সাথে আলোচনা করুন। তিনি আপনার সামগ্রিক স্বাস্থ্য এবং অন্যান্য ওষুধের সাথে এর সম্ভাব্য প্রতিক্রিয়া বিবেচনা করে সিদ্ধান্ত নিতে পারবেন। নিজে থেকে কোনো ওষুধ শুরু করবেন না বা বন্ধ করবেন না।

মনে রাখবেন, ডায়াবেটিস নিয়ন্ত্রণে থাকতে হলে আধুনিক চিকিৎসা পদ্ধতির পাশাপাশি ডাক্তারের পরামর্শ মেনে চলা সবচেয়ে নিরাপদ উপায়।

যদি আপনার অন্য কোনো প্রশ্ন থাকে, তবে জিজ্ঞাসা করতে দ্বিধা করবেন না। সুস্থ থাকুন, ভালো থাকুন।

গুরুত্বপূর্ণ: আপনার শারীরিক অবস্থা সম্পর্কে বিস্তারিত জানতে এবং সঠিক চিকিৎসার জন্য একজন অভিজ্ঞ ডাক্তারের পরামর্শ নিন।"
TigerLLM-9B,17,1,Lifestyle and exercise,"ডায়াবেটিস হলে কী ধরনের ব্যায়াম করবো (যেমন হাঁটা, জগিং ইত্যাদি) এবং দিনে কতক্ষণ ব্যায়াম করা উচিত?","আসসালামু আলাইকুম। আপনার প্রশ্নটির জন্য ধন্যবাদ। ডায়াবেটিস রোগীদের জন্য ব্যায়াম খুবই গুরুত্বপূর্ণ, তবে এটা শুরু করার আগে কিছু বিষয় জেনে রাখা ভালো।

ডায়াবেটিস থাকলে কী ধরনের ব্যায়াম করা উচিত:

সাধারণভাবে, ডায়াবেটিস রোগীদের জন্য তিনটি প্রধান ধরণের ব্যায়াম উপকারী:

১. অ্যারোবিক ব্যায়াম (Aerobic Exercise): এই ধরণের ব্যায়াম আপনার হৃদপিণ্ড এবং ফুসফুসের কার্যকারিতা বাড়ায়। ব্লাড সুগার নিয়ন্ত্রণেও সাহায্য করে। যেমন:

হাঁটা (Walking): এটি সবচেয়ে সহজ এবং নিরাপদ ব্যায়াম। ধীরে ধীরে শুরু করুন, তারপর গতি বাড়ান।
জগিং (Jogging): যদি হাঁটতে অসুবিধা না হয়, তাহলে হালকা জগিং করতে পারেন।
সাইকেল চালানো (Cycling): এটা আপনার শরীরের ওপর কম চাপ ফেলে।
সাঁতার (Swimming): এটি পুরো শরীরের জন্য খুব ভালো ব্যায়াম।
২. শক্তি training বা ওজন lifting: এই ব্যায়াম পেশী তৈরি করে এবং ইনসুলিনের কার্যকারিতা বাড়াতে সাহায্য করে। তবে, এটা করার আগে ডাক্তারের পরামর্শ নেওয়া উচিত।

৩. স্ট্রেচিং এবং ফ্লেক্সিবিলিটি ব্যায়াম (Stretching and Flexibility Exercise): যোগা (Yoga) অথবা তাই চি (Tai Chi) এর মতো ব্যায়াম শরীরের নমনীয়তা বাড়ায় এবং মানসিক চাপ কমায়।

দিনে কতক্ষণ ব্যায়াম করা উচিত:

সাধারণত, সপ্তাহে অন্তত ১৫০ মিনিট মাঝারি ধরণের অ্যারোবিক ব্যায়াম (যেমন দ্রুত হাঁটা) অথবা ৭৫ মিনিট তীব্র ধরণের ব্যায়াম (যেমন জগিং) করা উচিত। এছাড়াও, সপ্তাহে দুই দিন শক্তি training বা ওজন lifting করার চেষ্টা করুন।

শুরু করার সময়: প্রথমে ৫-১০ মিনিটের জন্য হালকা ব্যায়াম দিয়ে শুরু করুন। ধীরে ধীরে সময় বাড়ান।
ব্লাড সুগার পরীক্ষা: ব্যায়াম করার আগে এবং পরে ব্লাড সুগার (রক্তে শর্করার পরিমাণ) পরীক্ষা করা ভালো। *hydration : ব্যায়ামের সময় যথেষ্ট পরিমাণে পানি পান করুন।
কিছু সতর্কতা:

ব্যায়াম শুরু করার আগে অবশ্যই আপনার ডাক্তারের সাথে পরামর্শ করুন। তিনি আপনার শারীরিক অবস্থা অনুযায়ী ব্যায়ামের নিয়ম बताবেন।
যদি ব্যায়াম করার সময় বুকে ব্যথা, শ্বাসকষ্ট, মাথা ঘোরা অথবা অন্য কোনো সমস্যা হয়, তাহলে তৎক্ষণাৎ ব্যায়াম বন্ধ করে দিন এবং ডাক্তারের পরামর্শ নিন।
আপনার পায়ের দিকে খেয়াল রাখুন। ডায়াবেটিসের কারণে পায়ে numbness বা tingling হতে পারে, তাই আঘাত লাগলে বুঝতে নাও পারেন।
মনে রাখবেন, নিয়মিত ব্যায়াম আপনার ব্লাড সুগার নিয়ন্ত্রণে রাখতে এবং সামগ্রিক স্বাস্থ্য ভালো রাখতে সহায়ক।

যদি আপনার অন্য কোনো প্রশ্ন থাকে, তবে জিজ্ঞাসা করতে দ্বিধা করবেন না। সুস্থ থাকুন, ভালো থাকুন।

[Disclaimer: আমি একজন AI সহকারী। এই পরামর্শগুলো শুধুমাত্র সাধারণ তথ্যের জন্য। এটি কোনোভাবেই ডাক্তারের বিকল্প নয়। যেকোনো চিকিৎসা সংক্রান্ত সিদ্ধান্ত নেওয়ার আগে অবশ্যই একজন qualified ডাক্তারের পরামর্শ নিন।]"
TigerLLM-9B,17,2,Lifestyle and exercise,"ডায়াবেটিস হলে কী ধরনের ব্যায়াম করবো (যেমন হাঁটা, জগিং ইত্যাদি) এবং দিনে কতক্ষণ ব্যায়াম করা উচিত?","আসসালামু আলাইকুম। আপনার প্রশ্নটির জন্য ধন্যবাদ। ডায়াবেটিস রোগীদের জন্য ব্যায়াম খুবই গুরুত্বপূর্ণ। এটি ব্লাড সুগার নিয়ন্ত্রণে সাহায্য করে, হৃদরোগের ঝুঁকি কমায় এবং সামগ্রিক স্বাস্থ্য ভালো রাখতে সহায়তা করে।

ডায়াবেটিস থাকলে কী ধরনের ব্যায়াম করা উচিত, তা নিচে আলোচনা করা হলো:

হাঁটা (Walking): এটা সবচেয়ে সহজ এবং নিরাপদ ব্যায়াম। প্রতিদিন অন্তত ৩০ মিনিট হাঁটতে পারেন। প্রথমে ধীরে ধীরে শুরু করুন, তারপর গতি বাড়ান।
জগিং (Jogging): যদি আপনার শারীরিক অবস্থা ভালো থাকে, তাহলে হালকা জগিং করতে পারেন। তবে, এটি হাঁটার চেয়ে বেশি চাপ সৃষ্টি করে, তাই ধীরে ধীরে শুরু করা উচিত।
সাইকেল চালানো (Cycling): সাইকেল চালালে পায়ের পেশী শক্তিশালী হয় এবং ব্লাড সুগার নিয়ন্ত্রণে সাহায্য করে।
সাঁতার (Swimming): এটা全身ের জন্য খুব ভালো ব্যায়াম এবং जोड़ों এর ওপর কম চাপ ফেলে।
যোগা ও স্ট্রেচিং (Yoga & Stretching): যোগা শরীরের নমনীয়তা বাড়ায় এবং মানসিক চাপ কমায়। ডায়াবেটিস রোগীদের জন্য কিছু বিশেষ যোগাসন খুবই উপকারী। তবে, কোনো যোগাসন করার আগে অবশ্যই ডাক্তারের পরামর্শ নিন।
লাইট ওয়েট ট্রেনিং (Light Weight Training): হালকা ওজনের ডাম্বেল দিয়ে ব্যায়াম করলে পেশী শক্তিশালী হয় এবং ব্লাড সুগার নিয়ন্ত্রণে সাহায্য করে।
দিনে কতক্ষণ ব্যায়াম করা উচিত?

সাধারণত, সপ্তাহে অন্তত ১৫০ মিনিট মাঝারি তীব্রতার ব্যায়াম (যেমন দ্রুত হাঁটা) অথবা ৭৫ মিনিট উচ্চ তীব্রতার ব্যায়াম (যেমন জগিং বা দৌড়ানো) করা উচিত। তবে, আপনার শারীরিক অবস্থা অনুযায়ী এই সময় কমবেশি হতে পারে।

কিছু গুরুত্বপূর্ণ বিষয়:

ব্যায়াম শুরু করার আগে অবশ্যই আপনার ডাক্তারের পরামর্শ নিন।
ব্যায়ামের আগে ব্লাড সুগার পরীক্ষা করুন এবং ব্যায়ামের সময় মাঝে মাঝে পরীক্ষা করতে থাকুন।
যদি ব্যায়াম করার সময় কোনো সমস্যা হয় (যেমন বুকে ব্যথা, শ্বাসকষ্ট, মাথা ঘোরা), তাহলে तुरंत ব্যায়াম বন্ধ করুন এবং ডাক্তারের সাথে যোগাযোগ করুন।
পর্যাপ্ত জল পান করুন, বিশেষ করে গরম আবহাওয়ায়।
ডায়াবেটিস নিয়ন্ত্রণে আপনার ডায়েট প্ল্যান মেনে চলুন।
মনে রাখবেন, সুস্থ থাকতে হলে নিয়মিত ব্যায়াম করা জরুরি। তবে, যেকোনো ব্যায়াম শুরু করার আগে ডাক্তারের পরামর্শ নেওয়া অত্যাবশ্যক। আপনার যদি অন্য কোনো প্রশ্ন থাকে, তাহলে জিজ্ঞাসা করতে পারেন। আল্লাহ আপনাকে সুস্থ রাখুন।"
TigerLLM-9B,18,1,Lifestyle and exercise,ডায়াবেটিস হলে কি শরীরের ওজন কমানো জরুরি?,"আসসালামু আলাইকুম। আপনার প্রশ্নটির জন্য ধন্যবাদ।

ডায়াবেটিস (Diabetes) হয়েছে, তাহলে শরীরের ওজন কমানোটা খুবই গুরুত্বপূর্ণ, তবে এটা সবসময় জরুরি নয়। এটা নির্ভর করে আপনার সামগ্রিক স্বাস্থ্য পরিস্থিতির ওপর।

বিষয়টি বুঝিয়ে বলছি:

ওজন কমাতে পারলে কী উপকার হয়:

আপনার ব্লাড সুগার (Blood Sugar) নিয়ন্ত্রণে থাকবে।
ইনসুলিনের (Insulin) কার্যকারিতা বাড়বে, ফলে ইনসুলিনের ডোজ কমানো যেতে পারে।
হার্ট রোগ (Heart Disease), স্ট্রোক (Stroke) এবং কিডনি রোগের ঝুঁকি কমবে।
রক্তচাপ (Blood Pressure) ও কোলেস্টেরল (Cholesterol) নিয়ন্ত্রণে থাকবে।
শারীরিক দুর্বলতা কমবে এবং আপনি আরও প্রাণবন্ত অনুভব করবেন।
কাদের ওজন কমানো বেশি জরুরি: যাদের অতিরিক্ত ওজন (Overweight) বা স্থূলতা (Obesity) আছে, তাদের জন্য ওজন কমানো বিশেষভাবে জরুরি। সাধারণত, বডি মাস ইনডেক্স (BMI) যদি ২৫ বা তার বেশি হয়, তাহলে ওজন কমানোর চেষ্টা করা উচিত।

কীভাবে ওজন কমাবেন:

সুষম ডায়েট (Diet): একজন পুষ্টিবিদের (Nutritionist) পরামর্শ অনুযায়ী খাবার গ্রহণ করুন। মিষ্টি ও শর্করা জাতীয় খাবার (Carbohydrate) কম খান এবং ফাইবার (Fiber) সমৃদ্ধ খাবার বেশি খান।
নিয়মিত ব্যায়াম (Exercise): প্রতিদিন অন্তত ৩০ মিনিটের জন্য হাঁটুন বা হালকা ব্যায়াম করুন।
জীবনযাত্রার পরিবর্তন: পর্যাপ্ত ঘুম (Sleep) নিশ্চিত করুন এবং মানসিক চাপ (Stress) কমানোর চেষ্টা করুন।
তবে, ওজন কমানোর আগে একজন ডাক্তারের পরামর্শ নেওয়া খুব জরুরি। তিনি আপনার স্বাস্থ্য পরীক্ষা করে সঠিক পরামর্শ দিতে পারবেন। নিজে থেকে কোনো ডায়েট শুরু করবেন না বা ব্যায়ামের তীব্রতা বাড়াবেন না।

যদি আপনার অন্য কোনো প্রশ্ন থাকে, তবে জিজ্ঞাসা করতে দ্বিধা করবেন না। সুস্থ থাকুন, ভালো থাকুন।

দয়া করে মনে রাখবেন: আমি একজন ভার্চুয়াল সহকারী (Virtual Assistant) মাত্র। আমার পরামর্শ যেন ডাক্তারি চিকিৎসার বিকল্প হিসেবে বিবেচিত না হয়। যেকোনো স্বাস্থ্য সংক্রান্ত বিষয়ে অবশ্যই একজন অভিজ্ঞ ডাক্তারের পরামর্শ নিন।"
TigerLLM-9B,18,2,Lifestyle and exercise,ডায়াবেটিস হলে কি শরীরের ওজন কমানো জরুরি?,"আসসালামু আলাইকুম। আপনার প্রশ্নটির জন্য ধন্যবাদ।

ডায়াবেটিস (Diabetes) হলে শরীরের ওজন কমানোটা অনেক ক্ষেত্রেই জরুরি, তবে সবসময় নয়। এটা নির্ভর করে আপনার সামগ্রিক স্বাস্থ্য পরিস্থিতির ওপর।

বিষয়টি বুঝিয়ে বলছি:

ওজন কমানোর প্রয়োজনীয়তা কেন? অতিরিক্ত ওজন বা স্থূলতা (Obesity) ইনসুলিন রেজিস্ট্যান্স (Insulin resistance)-কে আরও বাড়িয়ে দেয়। এর মানে হলো, আপনার শরীর ইনসুলিনের প্রতি কম সংবেদনশীল হয়ে যায় এবং ব্লাড সুগার (Blood sugar) নিয়ন্ত্রণে সমস্যা হয়। ওজন কমলে ইনসুলিনের কার্যকারিতা বাড়ে, যা ব্লাড সুগার নিয়ন্ত্রণে সাহায্য করে। এছাড়াও, ওজন কমলে হৃদরোগের ঝুঁকিও কমে, যা ডায়াবেটিসের রোগীদের জন্য একটি গুরুত্বপূর্ণ বিষয়।

কাদের ওজন কমানো উচিত? যাদের বডি মাস ইনডেক্স (BMI) বেশি অথবা যাদের কোমড়ের মাপ (Waist circumference) স্বাভাবিকের চেয়ে বেশি, তাদের ওজন কমানো উচিত। সাধারণত পুরুষদের জন্য কোমড়ের মাপ ৯০ সেন্টিমিটারের কম হওয়া ভালো এবং মহিলাদের জন্য ৮০ সেন্টিমিটারের কম হওয়া উচিত।

কিভাবে ওজন কমাবেন?

সুষম ডায়েট (Diet): একজন পুষ্টিবিদের (Nutritionist) পরামর্শ অনুযায়ী সুষম খাবার গ্রহণ করুন। মিষ্টি ও শর্করা জাতীয় খাবার (Carbohydrates) সীমিত করুন। বেশি করে ফল, সবজি ও প্রোটিন খান।
নিয়মিত ব্যায়াম (Exercise): প্রতিদিন অন্তত ৩০ মিনিটের জন্য হাঁটাচলা বা অন্য কোনো শারীরিক কার্যকলাপ করুন।
জীবনযাত্রার পরিবর্তন: ধূমপান ও মদ্যপান পরিহার করুন এবং পর্যাপ্ত ঘুমানোর চেষ্টা করুন।
তবে, ওজন কমানোর আগে একজন ডাক্তারের (Doctor) পরামর্শ নেওয়া খুব জরুরি। তিনি আপনার স্বাস্থ্য পরীক্ষা করে দেখবেন এবং সঠিক পরামর্শ দিতে পারবেন। নিজে থেকে কোনো ডায়েট বা ব্যায়াম শুরু করবেন না।

যদি আপনার অন্য কোনো প্রশ্ন থাকে, তবে জিজ্ঞাসা করতে দ্বিধা করবেন না। সুস্থ থাকুন, ভালো থাকুন।

দাবি পরিত্যাগী: আমি একজন এআই (AI) সহকারী। এই তথ্য শুধুমাত্র সাধারণ জ্ঞানের জন্য। এটি কোনোভাবেই পেশাদার চিকিৎসা পরামর্শের বিকল্প নয়। যেকোনো স্বাস্থ্য বিষয়ক সিদ্ধান্ত নেওয়ার আগে অবশ্যই একজন ডাক্তারের পরামর্শ নিন।"
TigerLLM-9B,19,1,Lifestyle and exercise,ডায়াবেটিস রোগীদের জন্য দিনে কতক্ষণ হাঁটা উচিত?,"আসসালামু আলাইকুম। আপনার প্রশ্নটির জন্য ধন্যবাদ।

ডায়াবেটিস (Diabetes) রোগীদের জন্য হাঁটা খুবই গুরুত্বপূর্ণ একটি ব্যায়াম। এটি ব্লাড সুগার (Blood Sugar) নিয়ন্ত্রণে সাহায্য করে, হৃদরোগের ঝুঁকি কমায় এবং ওজন নিয়ন্ত্রণে রাখে। তবে, দিনে কতক্ষণ হাঁটতে হবে, তা কিছু বিষয় এর উপর নির্ভর করে - যেমন আপনার শারীরিক অবস্থা, ডায়াবেটিসের তীব্রতা এবং অন্যান্য স্বাস্থ্য সমস্যা আছে কিনা।

সাধারণভাবে, সুস্থ মানুষের মতো ডায়াবেটিস রোগীদেরও প্রতিদিন অন্তত ৩০ মিনিট মাঝারি ধরণের ব্যায়াম করা উচিত। হাঁটা এক্ষেত্রে খুব ভালো একটি বিকল্প।

এখানে কিছু সাধারণguidelines দেওয়া হলো:

শুরুটা ধীরে করুন: যদি আপনি আগে হাঁটতে অভ্যস্ত না হন, তাহলে প্রথমে ৫-১০ মিনিটের জন্য হাঁটুন। ধীরে ধীরে সময় বাড়ান।
লক্ষ্যমাত্রা: ধীরে ধীরে প্রতিদিন ৩০ মিনিট হাঁটার লক্ষ্য রাখুন। এটি একটানা নাও হতে পারে; কয়েক ভাগে ভাগ করে (যেমন ৩টি ১০ মিনিটের সেশন) করতে পারেন।
গতি: এমন গতিতে হাঁটুন যাতে আপনার শ্বাস-প্রশ্বাস কিছুটা দ্রুত হয়, কিন্তু কথা বলতে অসুবিধা না হয়।
নিয়মিততা: সপ্তাহে অন্তত ৫ দিন হাঁটা উচিত।
ব্লাড সুগার পরীক্ষা: হাঁটার আগে ও পরে ব্লাড সুগার (Blood Sugar) পরীক্ষা করে দেখুন। এটা আপনাকে বুঝতে সাহায্য করবে যে ব্যায়াম আপনার শরীরের উপর কেমন প্রভাব ফেলছে।
অন্যান্য বিষয়: যদি হাঁটার সময় বুকে ব্যথা, মাথা ঘোরা বা অন্য কোনো সমস্যা অনুভব করেন, তাহলে তৎক্ষণাৎ হাঁটা বন্ধ করুন এবং বিশ্রাম নিন।
আপনার ব্যক্তিগত স্বাস্থ্য পরিস্থিতি বিবেচনা করে একজন ডাক্তার (Doctor) আপনাকে সঠিক পরামর্শ দিতে পারবেন। তাই, আমার অনুরোধ থাকবে, আপনি আপনার ডাক্তারের সাথে কথা বলে জেনে নিন আপনার জন্য কতটা হাঁটা উপযুক্ত।

যদি আপনার অন্য কোনো প্রশ্ন থাকে, তবে জিজ্ঞাসা করতে দ্বিধা করবেন না। সুস্থ থাকুন, ভালো থাকুন।

[Disclaimer: আমি একটি AI সহকারী। এই তথ্য শুধুমাত্র সাধারণ নির্দেশিকা হিসাবে দেওয়া হয়েছে এবং এটি কোনওভাবেই ডাক্তারি পরামর্শের বিকল্প নয়।]"
TigerLLM-9B,19,2,Lifestyle and exercise,ডায়াবেটিস রোগীদের জন্য দিনে কতক্ষণ হাঁটা উচিত?,"আসসালামু আলাইকুম। আপনার প্রশ্নটির জন্য ধন্যবাদ।

ডায়াবেটিস (Diabetes) রোগীদের জন্য হাঁটা খুবই উপকারী। এটা ব্লাড সুগার (Blood sugar) নিয়ন্ত্রণে সাহায্য করে, হৃদরোগের ঝুঁকি কমায় এবং ওজন নিয়ন্ত্রণে রাখে। তবে, দিনে কতক্ষণ হাঁটতে হবে, সেটা কিছু বিষয় এর উপর নির্ভর করে - যেমন আপনার শারীরিক অবস্থা, ডায়াবেটিসের তীব্রতা এবং অন্য কোনো স্বাস্থ্য সমস্যা আছে কিনা।

সাধারণভাবে, আমি নিম্নলিখিত পরামর্শগুলো দিতে পারি:

প্রথম সপ্তাহ: প্রথমে ধীরে ধীরে শুরু করুন। প্রতিদিন ১৫-২০ মিনিট হাঁটুন।
পরবর্তী সপ্তাহ: আস্তে আস্তে হাঁটার সময় বাড়ান। প্রতিদিন ৩০ মিনিটের জন্য হাঁটতে পারেন।
লক্ষ্য: Ideally, ডায়াবেটিস রোগীদের দৈনিক অন্তত ৩০-৪৫ মিনিট মাঝারি গতিতে হাঁটা উচিত।
কিছু গুরুত্বপূর্ণ বিষয় মনে রাখতে হবে:

হাঁটার আগে ব্লাড সুগার (Blood sugar) পরীক্ষা করে নিন।
হাঁটার সময় জলের বোতল সাথে রাখুন এবং পর্যাপ্ত জল পান করুন।
জুতো অবশ্যই আরামদায়ক হতে হবে, যাতে পায়ে কোনো ফোস্কা না পড়ে।
যদি হাঁটার সময় বুকে ব্যথা, শ্বাসকষ্ট বা মাথা ঘোরায়, তাহলে তৎক্ষণাৎ হাঁটা বন্ধ করে বিশ্রাম নিন এবং ডাক্তারের পরামর্শ নিন।
আপনার খাদ্যতালিকা (Diet) এবং ইনসুলিন (Insulin) এর ডোজ সম্পর্কে ডাক্তারের সাথে আলোচনা করে হাঁটার সময়সূচি ঠিক করুন।
মনে রাখবেন, আমি একজন ভার্চুয়াল সহকারী। আপনার ব্যক্তিগত স্বাস্থ্য পরিস্থিতির জন্য, একজন অভিজ্ঞ ডাক্তারের পরামর্শ নেওয়া সবচেয়ে ভালো। তিনি আপনার শারীরিক অবস্থা বিবেচনা করে সঠিক নির্দেশনা দিতে পারবেন।

ভালো থাকবেন, সুস্থ থাকবেন। আর কোনো প্রশ্ন থাকলে জিজ্ঞাসা করতে দ্বিধা করবেন না।"
TigerLLM-9B,20,1,Lifestyle and exercise,ডায়াবেটিস রোগীদের জন্য খালি পেটে হাঁটা ভালো নাকি খাওয়ার পর?,"আসসালামু আলাইকুম। আপনার প্রশ্নটি খুবই গুরুত্বপূর্ণ। ডায়াবেটিস (Diabetes) রোগীদের জন্য হাঁটা বা ব্যায়াম করা সবসময়ই উপকারী। তবে কখন হাঁটলে বেশি লাভ হবে, সেটা জানা দরকার।

খালি পেটে হাঁটার বিষয়ে কিছু কথা বলি:

সুবিধা: খালি পেটে হাঁটলে ব্লাড সুগার (Blood sugar) কিছুটা নিয়ন্ত্রণে থাকতে পারে।
অসুবিধা: কারো কারো ক্ষেত্রে খালি পেটে হাঁটলে ব্লাড সুগার কমে যেতে পারে, বিশেষ করে যারা ইনসুলিন (Insulin) নেন বা ডায়াবেটিসের ওষুধ খান। এতে মাথা ঘোরা, দুর্বল লাগা বা অন্য সমস্যা হতে পারে।
খাবার পর হাঁটার বিষয়ে কিছু তথ্য দিচ্ছি:

সুবিধা: খাবার পর হাঁটলে ব্লাড সুগার ধীরে ধীরে বাড়ে, যা নিয়ন্ত্রণে সাহায্য করে। এটি ইনসুলিনের কার্যকারিতা বাড়াতেও সাহায্য করে।
সময়: খাবার খাওয়ার ২-৩ ঘণ্টা পর হাঁটা ভালো।
আমার পরামর্শ:

আপনি যদি নতুন ব্যায়াম শুরু করেন, তাহলে প্রথমে খাবার খাওয়ার ২-৩ ঘণ্টা পর অল্প সময় হাঁটুন।
খালি পেটে হাঁটার আগে ব্লাড সুগার মেপে দেখুন। যদি স্বাভাবিক থাকে, তবে অল্প সময় হাঁটতে পারেন। তবে কোনো সমস্যা হলে तुरंत বন্ধ করুন।
নিয়মিত ব্লাড সুগার পরীক্ষা করে ব্যায়ামের সময় এবং খাবারের সময়ের সাথে মিলিয়ে একটি পরিকল্পনা তৈরি করুন।
আপনার ডাক্তারের (Doctor) পরামর্শ অনুযায়ী হাঁটার সময় এবং গতি ঠিক করুন।
মনে রাখবেন, প্রত্যেকের শারীরিক অবস্থা ভিন্ন হয়। তাই নিজের শরীরের কথা শুনে চলুন এবং কোনো সমস্যা হলে অবশ্যই ডাক্তারের পরামর্শ নিন। আপনার সুস্থতা আমার কাম্য।

যদি আপনার অন্য কোনো প্রশ্ন থাকে, তবে জিজ্ঞাসা করতে দ্বিধা করবেন না। আল্লাহ হাফেজ।"
TigerLLM-9B,20,2,Lifestyle and exercise,ডায়াবেটিস রোগীদের জন্য খালি পেটে হাঁটা ভালো নাকি খাওয়ার পর?,"আসসালামু আলাইকুম। আপনার প্রশ্নটির জন্য ধন্যবাদ।

ডায়াবেটিস (Diabetes) রোগীদের জন্য খালি পেটে হাঁটা ভালো না খারাপ, তা কয়েকটি বিষয় এর উপর নির্ভর করে। তবে সাধারণভাবে, খাবার খাওয়ার পরে হাঁটা বেশি নিরাপদ এবং উপকারী। নিচে দুটো পরিস্থিতি নিয়ে আলোচনা করা হলো:

খালি পেটে হাঁটার বিষয়ে:

কিছু রোগী আছেন যাদের ব্লাড সুগার (Blood sugar) খুব কম থাকে (হাইপোলাইসেমিয়া)। খালি পেটে হাঁটার সময় ইনসুলিন (Insulin) বা ওষুধের প্রভাবে ব্লাড সুগার আরও কমে যেতে পারে। এর ফলে মাথা ঘোরা, দুর্বল লাগা, এমনকি অজ্ঞান হয়ে যাওয়ার ঝুঁকিও থাকতে পারে।
তবে, কিছু রোগীর ক্ষেত্রে খালি পেটে অল্প হাঁটাহাঁটি করলে উপকার পাওয়া যায়, বিশেষ করে যদি তারা নিয়মিত ব্যায়াম করেন এবং তাদের ব্লাড সুগার নিয়ন্ত্রণে থাকে।
খাবার পর হাঁটার বিষয়ে:

খাবার পর ব্লাড সুগার সাধারণত বাড়ে। কিছুক্ষণ হাঁটাচলা করলে শরীরের পেশীগুলো গ্লুকোজ (Glucose) ব্যবহার করতে শুরু করে, যা ব্লাড সুগারের মাত্রা কমাতে সাহায্য করে।
খাবার পর হাঁটা ইনসুলিনের কার্যকারিতা বাড়াতেও সাহায্য করে।
সাধারণত, খাবার খাওয়ার ১-২ ঘণ্টা পর হাঁটা সবচেয়ে ভালো।
আমার পরামর্শ:

আপনি যদি ডায়াবেটিস রোগী হন এবং ব্যায়াম শুরু করতে চান, তাহলে প্রথমে আপনার ডাক্তারের সাথে পরামর্শ করুন। তিনি আপনার শারীরিক অবস্থা বিবেচনা করে সঠিক পরামর্শ দিতে পারবেন।
খালি পেটে হাঁটাহাঁটি করার আগে ব্লাড সুগার পরীক্ষা করে নিন। যদি ব্লাড সুগার স্বাভাবিকের চেয়ে কম থাকে, তাহলে খালি পেটে হাঁটা উচিত নয়।
খাবার পর সবসময় ব্লাড সুগার পরীক্ষা করুন এবং দেখুন আপনার শরীরে কেমন প্রতিক্রিয়া হচ্ছে।
ধীরে ধীরে হাঁটার সময় এবং গতি বাড়ান।
যদি আপনি কোনো ধরনের অস্বস্তি অনুভব করেন, যেমন - মাথা ঘোরা, দুর্বল লাগা, বা বুক ধড়ফড় করা, তাহলে তৎক্ষণাৎ হাঁটা বন্ধ করে দিন এবং ডাক্তারের পরামর্শ নিন।
আপনার সুস্বাস্থ্য কামনা করি। আর কিছু জানার থাকলে জিজ্ঞাসা করতে পারেন।"
TigerLLM-9B,21,1,Lifestyle and exercise,ডায়াবেটিস রোগীরা কি স্মোকিং করতে পারবে?,"আসসালামু আলাইকুম। আপনার প্রশ্নটির জন্য ধন্যবাদ।

ডায়াবেটিস (Diabetes) রোগীদের ধূমপান করা একেবারেই উচিত নয়। এটা তাদের স্বাস্থ্যের জন্য অত্যন্ত ক্ষতিকর। আমি বিষয়টি বুঝিয়ে বলছি:

রক্তনালীর ক্ষতি (Raktanalir Khoti): ডায়াবেটিসের কারণে এমনিতেই রক্তনালীগুলোতে সমস্যা হতে পারে। ধূমপান করলে এই সমস্যা আরও বাড়ে, যা হৃদরোগ (Hridroger) ও স্ট্রোকের (Stroke) ঝুঁকি বাড়ায়।
ইনসুলিনের কার্যকারিতা হ্রাস (Insuliner Karjokarita Hrasa): ধূমপান ইনসুলিনের কার্যকারিতা কমিয়ে দেয়। এর ফলে ব্লাড সুগার (Blood Sugar) নিয়ন্ত্রণে রাখা কঠিন হয়ে পড়ে, এমনকি বেশি ইনসুলিন (Insulin) নেওয়ার প্রয়োজন হতে পারে।
অন্যান্য জটিলতা বৃদ্ধি (Onnyo Jolite Eta Brikkho): ধূমপান ডায়াবেটিসজনিত কিডনি রোগ (Kidni Rog), চোখের সমস্যা (Chokher Somossa - রেটিনোপ্যাথি/Retinopathy) এবং পায়ের আলসার (Payer Ulser)-এর ঝুঁকি বাড়ায়।
রোগ প্রতিরোধ ক্ষমতা কমে যাওয়া (Rog Protidhrota Shomota Kome Jowa): ধূমপান শরীরের রোগ প্রতিরোধ ক্ষমতা কমিয়ে দেয়, ফলে সংক্রমণ (Songkramon) হওয়ার সম্ভাবনা বাড়ে এবং ক্ষত নিরাময়ে (Khoto Niyome) বেশি সময় লাগে।
আমি আপনাকে অনুরোধ করব, যদি আপনি ধূমপান করেন, তাহলে এটি ত্যাগ করার জন্য চেষ্টা করুন। এক্ষেত্রে আপনার পরিবারের সদস্য ও বন্ধুদের সাহায্য নিতে পারেন। এছাড়া, স্বাস্থ্য অধিদপ্তরের (Health Department) হেল্পলাইন নম্বরে যোগাযোগ করে সহায়তা চাইতে পারেন।

যদি আপনার অন্য কোনো প্রশ্ন থাকে, তবে জিজ্ঞাসা করতে দ্বিধা করবেন না। সুস্থ থাকুন, ভালো থাকুন।

গুরুত্বপূর্ণ পরামর্শ: আপনার শারীরিক অবস্থা সম্পর্কে আরও বিস্তারিত জানার জন্য এবং সঠিক চিকিৎসার জন্য একজন ডাক্তারের সাথে দেখা করা জরুরি। এই পরামর্শ শুধুমাত্র সাধারণ তথ্যের জন্য দেওয়া হলো, এটি কোনোভাবেই ডাক্তারি পরামর্শের বিকল্প নয়।"
TigerLLM-9B,21,2,Lifestyle and exercise,ডায়াবেটিস রোগীরা কি স্মোকিং করতে পারবে?,"আসসালামু আলাইকুম। আপনার প্রশ্নটির জন্য ধন্যবাদ।

ডায়াবেটিস (Diabetes) রোগীদের ধূমপান করা একেবারেই উচিত নয়। এটা তাদের স্বাস্থ্যের জন্য অত্যন্ত ক্ষতিকর। আমি আপনাকে বুঝিয়ে বলছি:

রক্তনালীর ক্ষতি (Raktanalir Hokho): ডায়াবেটিসের কারণে এমনিতেই রক্তনালীগুলোতে সমস্যা হতে পারে। ধূমপান করলে এই সমস্যা আরও বেড়ে যায়, হৃদরোগের ঝুঁকি বাড়ে এবং স্ট্রোকের সম্ভাবনা তৈরি হয়।
ইনসুলিনের কার্যকারিতা হ্রাস (Insuliner Karjokarita Hasho): ধূমপান ইনসুলিনের কার্যকারিতা কমিয়ে দেয়। এর ফলে ব্লাড সুগার (Blood Sugar) নিয়ন্ত্রণে রাখা কঠিন হয়ে পড়ে, এমনকি বেশি ডোজের ইনসুলিন (Insulin) নেওয়ার প্রয়োজন হতে পারে।
পালমোনারি রোগ (Pulmonary Rog): ধূমপানের কারণে ফুসফুসের রোগ হওয়ার ঝুঁকি বাড়ে, যা ডায়াবেটিস রোগীদের জন্য খুবই বিপজ্জনক।
ক্ষত নিরাময়ে বিলম্ব (Khoto Nirape Bilamb): ডায়াবেটিস রোগীদের ক্ষত সহজে সারতে চায় না। ধূমপান করলে ক্ষত নিরাময়ের প্রক্রিয়া আরও ধীর হয়ে যায় এবং সংক্রমণ (Songkramon) হওয়ার ঝুঁকি বাড়ে।
অন্যান্য জটিলতা (Onnyo Jolite): এছাড়াও, ধূমপান কিডনি রোগ, চোখের সমস্যা এবং পেরিফেরাল আর্টারি ডিজিজ (Peripheral Artery Disease)-এর মতো জটিলতা বাড়াতে পারে।
আমি আপনাকে অত্যন্ত অনুরোধ করছি, যদি আপনি ধূমপানের অভ্যাস করেন, তাহলে অনুগ্রহ করে এটি ত্যাগ করার চেষ্টা করুন। এক্ষেত্রে, আপনার পরিবারের সদস্য ও বন্ধুদের সাহায্য নিতে পারেন অথবা ডাক্তারের পরামর্শ নিতে পারেন।

মনে রাখবেন, আপনার সুস্থ জীবনযাপন করা আমাদের সবার দায়িত্ব।

যদি আপনার অন্য কোনো প্রশ্ন থাকে, তবে জিজ্ঞাসা করতে দ্বিধা করবেন না।

ধন্যবাদ।

Disclaimer: আমি একজন মেডিকেল এআই সহকারী। এই পরামর্শ শুধুমাত্র তথ্যের জন্য। এটি কোনোভাবেই ডাক্তারের বিকল্প নয়। যেকোনো স্বাস্থ্য বিষয়ক সিদ্ধান্ত নেওয়ার আগে অবশ্যই একজন qualified ডাক্তারের পরামর্শ নিন।"
TigerLLM-9B,22,1,Complications and safety,ডায়াবেটিস থেকে কী কী সমস্যা বা জটিলতা হতে পারে?,"আসসালামু আলাইকুম। আপনার প্রশ্নটির জন্য ধন্যবাদ। ডায়াবেটিস একটি দীর্ঘমেয়াদী রোগ এবং এটি শরীরের বিভিন্ন অঙ্গের উপর খারাপ প্রভাব ফেলতে পারে। যদি ডায়াবেটিস নিয়ন্ত্রণে না থাকে, তাহলে নানা ধরনের সমস্যা হতে পারে। নিচে কয়েকটি গুরুত্বপূর্ণ জটিলতাগুলো আলোচনা করা হলো:

১. হৃদরোগ (Hridroog): ডায়াবেটিস রোগীদের মধ্যে হৃদরোগের ঝুঁকি অনেক বেশি। উচ্চ ব্লাড সুগার (রক্তে শর্করার পরিমাণ) রক্তনালীগুলোকে ক্ষতিগ্রস্ত করে, যার ফলে হার্ট অ্যাটাক (heart attack) বা স্ট্রোক (stroke) হওয়ার সম্ভাবনা বাড়ে।

২. কিডনি রোগ (Kidney Rog): ডায়াবেটিস কিডনির স্বাভাবিক কার্যকারিতা নষ্ট করে দিতে পারে, যা থেকে কিডনি রোগ বা ক্রনিক কিডনি ডিজিজ (Chronic Kidney Disease) হতে পারে। শেষ পর্যায়ে ডায়ালাইসিস (dialysis) করার প্রয়োজন হতে পারে।

৩. চোখের সমস্যা (Chokkho Somossa): ব্লাড সুগার বেড়ে গেলে চোখের রেটিনা (retina) ক্ষতিগ্রস্ত হয়, যাকে ডায়াবেটিক রেটিনোপ্যাথি (diabetic retinopathy) বলে। এর ফলে অন্ধত্ব পর্যন্ত হতে পারে। নিয়মিত চক্ষু পরীক্ষা করানো খুব জরুরি।

৪. পায়ের সমস্যা (Paarer Somossa): ডায়াবেটিস পায়ের রক্ত চলাচল কমিয়ে দেয় এবং নার্ভের ক্ষতি করে ( neuropathy)। এতে পায়ে অনুভূতি কমে যায়, ঘা হলে তা সহজে ধরা পরে না এবং সংক্রমণ (infection) হওয়ার ঝুঁকি বাড়ে। অনেক সময় পা কেটে ফেলতে হতে পারে।

৫. স্নায়ুর ক্ষতি (Noyurer Khati): উচ্চ ব্লাড সুগার শরীরের নার্ভগুলোকে ক্ষতিগ্রস্ত করে, যার ফলে হাত ও পায়ে ঝিনঝিন বা অবশ ভাব হতে পারে।

৬. ত্বক সমস্যা (Twak Somossa): ডায়াবেটিস রোগীদের ত্বকে সংক্রমণ এবং অন্যান্য সমস্যা হওয়ার ঝুঁকি বেশি থাকে।

৭. দাঁতের রোগ (Danter Rog): ডায়াবেটিস থাকলে মাড়ির রোগ (gum disease) এবং দাঁত পড়ার সম্ভাবনা বাড়ে।

৮. যৌন সমস্যা (Younno Somossa): পুরুষদের ক্ষেত্রে ইরেকটাইল ডিসফাংশন (erectile dysfunction) এবং মহিলাদের ক্ষেত্রে যৌন আগ্রহ কমে যেতে পারে।

করণীয়:

নিয়মিত ব্লাড সুগার পরীক্ষা করুন।
ডাক্তারের পরামর্শ অনুযায়ী ইনসুলিন (insulin) বা ওষুধ সেবন করুন।
সুষম ডায়েট (sustomo diet) মেনে চলুন।
নিয়মিত ব্যায়াম করুন।
ধূমপান ও মদ্যপান পরিহার করুন।
কোনো সমস্যা হলে দ্রুত ডাক্তারের পরামর্শ নিন।
মনে রাখবেন, ডায়াবেটিস নিয়ন্ত্রণে রাখলে এই জটিলতাগুলো এড়ানো বা কমানো সম্ভব। আপনার যদি আরও কিছু জানার থাকে, তবে জিজ্ঞাসা করতে দ্বিধা করবেন না। সুস্থ থাকুন, ভালো থাকুন।

যদি আপনার কোনো জরুরি অবস্থা হয় বা আপনি খুব অসুস্থ বোধ করেন, তাহলে অনুগ্রহ করে দ্রুত ডাক্তারের সাথে যোগাযোগ করুন।"
TigerLLM-9B,22,2,Complications and safety,ডায়াবেটিস থেকে কী কী সমস্যা বা জটিলতা হতে পারে?,"আসসালামু আলাইকুম। আপনার প্রশ্নটির জন্য ধন্যবাদ। ডায়াবেটিস একটি দীর্ঘমেয়াদী রোগ এবং এটি শরীরের বিভিন্ন অঙ্গের উপর খারাপ প্রভাব ফেলতে পারে। যদি ডায়াবেটিস নিয়ন্ত্রণে না থাকে, তাহলে নানা ধরনের সমস্যা হতে পারে। নিচে কয়েকটি প্রধান সমস্যা বা জটিলতা নিয়ে আলোচনা করা হলো:

১. চোখের সমস্যা (চোখের ছানি/রেটিনোপ্যাথি): ব্লাড সুগার বেশি থাকলে চোখের রেটিনা ক্ষতিগ্রস্ত হতে পারে, যার কারণে অন্ধত্ব পর্যন্ত হতে পারে। নিয়মিত চক্ষু পরীক্ষা করানো খুব জরুরি।

২. কিডনির সমস্যা (কিডনি রোগ/নেফ্রোপ্যাথি): ডায়াবেটিস কিডনির কার্যকারিতা কমিয়ে দিতে পারে এবং ধীরে ধীরে কিডনি বিকল হয়ে যেতে পারে। ব্লাড সুগার ও রক্তচাপ নিয়ন্ত্রণে রাখলে এই ঝুঁকি কমানো যায়।

৩. নার্ভের সমস্যা (নিউরোপ্যাথি): উচ্চ ব্লাড সুগারের কারণে নার্ভের ক্ষতি হতে পারে, বিশেষ করে পা ও হাতে অসাড়তা বা ব্যথা হতে পারে।

৪. হৃদরোগ: ডায়াবেটিস হৃদরোগের ঝুঁকি বাড়ায়। রক্তচাপ, কোলেস্টেরল এবং অন্যান্য স্বাস্থ্যকর বিষয়গুলো নিয়ন্ত্রণে রাখা দরকার।

৫. পায়ের সমস্যা: ডায়াবেটিসের কারণে পায়ে রক্ত চলাচল কমে যেতে পারে, ফলে ঘা হলে তা সহজে সারতে চায় না এবং সংক্রমণ হতে পারে। নিয়মিত পায়ের যত্ন নেওয়া এবং জুতা পরা খুব জরুরি।

৬. ত্বকের সমস্যা: ডায়াবেটিস রোগীদের ত্বকে সংক্রমণ হওয়ার ঝুঁকি বেশি থাকে। তাই ত্বক পরিষ্কার রাখা এবং কোনো সমস্যা দেখা দিলে দ্রুত ডাক্তারের পরামর্শ নিতে হবে।

৭. ** sexual dysfunction (পুরুষদের ক্ষেত্রে ইরেকটাইল ডিসফাংশন, মহিলাদের ক্ষেত্রে যৌন আগ্রহ কমে যাওয়া):** ব্লাড সুগার নিয়ন্ত্রণে না থাকলে এই ধরনের সমস্যা হতে পারে।

৮. অন্যান্য জটিলতা: এছাড়াও, ডায়াবেটিস সংক্রমণ, দাঁতের রোগ এবং অন্যান্য স্বাস্থ্য সমস্যা বাড়াতে পারে।

মনে রাখবেন, নিয়মিত ব্লাড সুগার পরীক্ষা করা, সঠিক ডায়েট (diet) মেনে চলা, ইনসুলিন (insulin) বা ওষুধের সঠিক ব্যবহার এবং ডাক্তারের পরামর্শ অনুযায়ী জীবনযাপন করলে ডায়াবেটিসের জটিলতাগুলো এড়ানো বা নিয়ন্ত্রণ করা সম্ভব।

যদি আপনার কোনো বিশেষ উপসর্গ থাকে বা আপনি চিন্তিত হন, তবে দয়া করে একজন অভিজ্ঞ ডাক্তারের সাথে যোগাযোগ করুন। নিজের স্বাস্থ্য নিয়ে কোনো ঝুঁকি নেবেন না।

ভালো থাকবেন। আর কিছু জানার থাকলে জিজ্ঞাসা করতে পারেন।"
TigerLLM-9B,23,1,Complications and safety,ডায়াবেটিস হলে পায়ের কেন বিশেষ যত্ন নিতে হয়?,"আসসালামু আলাইকুম। আপনার প্রশ্নটি খুবই গুরুত্বপূর্ণ। ডায়াবেটিস হলে পায়ের বিশেষ যত্ন নেওয়ার কারণগুলো আমি বুঝিয়ে বলছি:

ডায়াবেটিস রোগ শরীরে রক্ত ​​সঞ্চালন কমিয়ে দেয়, বিশেষ করে পা এবং পায়ে। এর ফলে পায়ের অনুভূতি কমে যেতে পারে, যাকে আমরা 'নিউরোপ্যাথি' বলি।  এই কারণে, আপনি হয়তো পায়ের কোনো আঘাত বা ক্ষত অনুভব করতে পারবেন না।

আঘাত বা ক্ষতের ঝুঁকি: সামান্য আঁচড় লাগা বা ছোটখাটো আঘাতও আপনার মনে নাও পড়তে পারে।
ক্ষত নিরাময়ে বিলম্ব: রক্ত চলাচল কম থাকার কারণে শরীরের স্বাভাবিকভাবে ক্ষত সারানোর ক্ষমতা কমে যায়। তাই, ছোটখাটো কাটাছেঁড়া মারাত্মক সংক্রমণের কারণ হতে পারে।
সংক্রমণের ঝুঁকি: সংক্রমণ দ্রুত ছড়াতে পারে এবং টিস্যু নষ্ট করতে পারে। অনেক সময় আঙুল কেটে ফেলতে হতে পারে (অ্যামপুটেশন)।
আলসার বা ঘা: পায়ে আলসার বা ঘা হতে পারে, যা খুবই বেদনাদায়ক এবং সারতে দীর্ঘ সময় লাগে।
এজন্য ডায়াবেটিস রোগীদের পায়ের বিশেষ যত্ন নেওয়া উচিত। নিচে কিছু পরামর্শ দিচ্ছি:

প্রতিদিন পায়ের ত্বক ভালোভাবে পরীক্ষা করুন। কোনো কাটা, ফোলা, লালচে ভাব অথবা অন্য কোনো সমস্যা দেখলে দ্রুত ডাক্তারের পরামর্শ নিন।
পা সবসময় পরিষ্কার ও শুকনো রাখুন।
ঢিলেঢালা এবং আরামদায়ক জুতো পরুন।
পায়ের নখ সাবধানে কাটুন। বেশি লম্বা করে কাটার চেষ্টা করবেন না।
ডাক্তারের পরামর্শ অনুযায়ী পায়ের জন্য বিশেষ ক্রিম ব্যবহার করতে পারেন।
নিয়মিত ব্লাড সুগার পরীক্ষা করুন এবং নিয়ন্ত্রণে রাখুন।
যদি আপনার পায়ে কোনো সমস্যা দেখতে পান, তাহলে দ্রুত একজন ডাক্তারের সাথে যোগাযোগ করুন। নিজের থেকে কিছু করার চেষ্টা করবেন না।

আপনার আর কিছু জানার থাকলে জিজ্ঞাসা করতে পারেন। সুস্থ থাকুন, ভালো থাকুন।"
TigerLLM-9B,23,2,Complications and safety,ডায়াবেটিস হলে পায়ের কেন বিশেষ যত্ন নিতে হয়?,"আসসালামু আলাইকুম। আপনার প্রশ্নটির জন্য ধন্যবাদ। ডায়াবেটিস হলে পায়ের বিশেষ যত্ন নেওয়ার কারণগুলো আমি বুঝিয়ে বলছি:

ডায়াবেটিস একটি দীর্ঘমেয়াদী রোগ, যেখানে রক্তে শর্করার মাত্রা স্বাভাবিকের চেয়ে বেশি থাকে। এই অতিরিক্ত শর্করা শরীরের বিভিন্ন অঙ্গের ক্ষতি করতে পারে, যার মধ্যে পা অন্যতম। নিচে কয়েকটি গুরুত্বপূর্ণ কারণ তুলে ধরা হলো:

১. স্নায়ুর ক্ষতি (নিউরোপ্যাথি): ডায়াবেটিসের কারণে স্নায়ু ক্ষতিগ্রস্ত হতে পারে, বিশেষ করে পায়ের স্নায়ুগুলো। একে ডায়াবেটিক নিউরোপ্যাথি বলে। এর ফলে পায়ে অনুভূতি কমে যেতে পারে বা অসাড়তা আসতে পারে। আপনি হয়তো বুঝতেই পারবেন না যে পায়ে কোনো আঘাত লেগেছে বা ঘা হয়েছে।

২. রক্ত সঞ্চালন কমে যাওয়া: ডায়াবেটিস রক্তনালীগুলোকে ক্ষতিগ্রস্ত করে, যার কারণে পায়ের দিকে রক্ত ​​সঞ্চালন কমে যায়। পর্যাপ্ত রক্ত না পৌঁছালে ক্ষত সহজে সারতে চায় না এবং সংক্রমণ হওয়ার ঝুঁকি বেড়ে যায়।

৩. রোগ প্রতিরোধ ক্ষমতা কমে যাওয়া: ডায়াবেটিস আপনার শরীরের রোগ প্রতিরোধ ক্ষমতা কমিয়ে দেয়। ফলে সামান্য আঘাত বা ছোটখাটো সমস্যাও মারাত্মক সংক্রমণের রূপ নিতে পারে।

৪. ক্ষত নিরাময়ে বিলম্ব: পায়ের রক্ত সঞ্চালন কম থাকার কারণে এবং রোগ প্রতিরোধ ক্ষমতা দুর্বল হয়ে যাওয়ার কারণে কোনো ক্ষত সহজে সারতে চায় না।

তাহলে কি করতে হবে?

প্রতিদিন আপনার পা ভালোভাবে পরীক্ষা করুন। কোনো কাটা, ফোলা, বা লালচে ভাব দেখলে দ্রুত ডাক্তারের পরামর্শ নিন।
পা পরিষ্কার পরিচ্ছন্ন রাখুন এবং নিয়মিত ময়েশ্চারাইজার ব্যবহার করুন, তবে আঙুলের ফাঁকে নয়।
সঠিক মাপের জুতো পরুন এবং পায়ে আঁটসাঁট মোজা এড়িয়ে চলুন।
ডাক্তারের পরামর্শ অনুযায়ী ব্লাড সুগার নিয়ন্ত্রণে রাখুন।
নিয়মিত ডায়াবেটিস চেকআপ করান।
যদি পায়ের কোনো সমস্যা নিয়ে আপনি চিন্তিত হন, তাহলে দ্রুত একজন ডাক্তারের সাথে যোগাযোগ করুন। নিজের চিকিৎসা নিজে করার চেষ্টা করবেন না। আপনার সুস্থতা আমার কাছে খুব গুরুত্বপূর্ণ।

ভালো থাকুন। আর কোনো প্রশ্ন থাকলে জিজ্ঞাসা করতে দ্বিধা করবেন না।"
TigerLLM-9B,24,1,Complications and safety,ডায়াবেটিস রোগীর সুগার কমে গেলে কীভাবে বুঝব এবং কী কী পদক্ষেপ নেব?,"আসসালামু আলাইকুম। আপনার প্রশ্নটির জন্য ধন্যবাদ। ডায়াবেটিস রোগীদের ব্লাড সুগার কমে গেলে (লো ব্লাড সুগার বা হাইপোগ্লাইসেমিয়া) কিছু লক্ষণ দেখা যায়। এগুলোRecognize করতে পারলে দ্রুত ব্যবস্থা নেওয়া যায়।

কিভাবে বুঝবেন ব্লাড সুগার কমে যাচ্ছে?

সাধারণত নিম্নলিখিত লক্ষণগুলো দেখা যেতে পারে:

রোমাঞ্চ: হঠাৎ করে শীত শীত লাগা বা কাঁপুনি আসা।
ঘাম: অতিরিক্ত ঘাম হওয়া।
দুর্বলতা: শরীর দুর্বল লাগা, শক্তি কমে যাওয়া।
মাথা ঘোরা: মাথা হালকা লাগা বা ঘোরানো অনুভূতি হওয়া।
ক্ষুধা: খুব বেশি মিষ্টি খাবারের জন্য আকাঙ্ক্ষা তৈরি হওয়া।
মেজাজ পরিবর্তন: হঠাৎ করে মেজাজ খিটখিটে হয়ে যাওয়া অথবা রেগে যাওয়া।
** confusion:** বিভ্রান্তি বা স্মৃতিভ্রম হওয়া।
কথা বলতে সমস্যা: কথা জড়িয়ে যাওয়া বা অস্পষ্টভাবে কথা বলা।
দৃষ্টি ঝাপসা হয়ে যাওয়া: চোখের সামনে সবকিছু ঝাপসা লাগা।
মারুদরের দুর্বলতা: হাত-পা অবশ লাগা বা দুর্বল হয়ে যাওয়া।
গুরুতর ক্ষেত্রে, অজ্ঞান হয়ে যাওয়া।
করণীয়:

যদি আপনি অথবা আপনার পরিচিত কেউ এই লক্ষণগুলো অনুভব করেন, তাহলে দ্রুত কিছু পদক্ষেপ নিতে হবে:

মিষ্টি কিছু খান: প্রথমে, দ্রুত ব্লাড সুগার বাড়ানোর জন্য মুখে রাখার মতো মিষ্টি কিছু খান। যেমন -

গ্লুকোজ ট্যাবলেট (Glucose Tablet) : ১-২টি ট্যাবলেট।
মধু (Honey): ১ চামচ।
ফলের রস (Fruit Juice): যেমন আপেল বা আঙুরের রস।
ক্যান্ডি (Candy): কয়েকটি মিষ্টি অথবা চিনিযুক্ত খাবার।
১৫ মিনিট পর আবার পরীক্ষা করুন: মিষ্টি খাওয়ার পরে ১৫ মিনিট পর আবার ব্লাড সুগার মাপুন। যদি তখনও ব্লাড সুগার কম থাকে, তাহলে আরও কিছুটা মিষ্টি খান।

যদি খাবার গিলতে অসুবিধা হয়: যদি রোগী অজ্ঞান হয়ে যান বা খাবার খেতে না পারেন, তাহলে জরুরি ভিত্তিতে গ্লুকোজ ইনজেকশন (Glucose Injection) দেওয়ার প্রয়োজন হতে পারে। তবে এটা শুধুমাত্র ডাক্তার বা নার্স দ্বারা করা উচিত।

ডাক্তারের পরামর্শ নিন: ব্লাড সুগার স্বাভাবিক হয়ে গেলে, অবশ্যই আপনার ডাক্তারের সাথে যোগাযোগ করুন এবং তাঁকে জানান যে এমন ঘটনা ঘটেছে। তিনি আপনার ইনসুলিন (Insulin) বা ওষুধের ডোজ সমন্বয় করতে পারেন।

নিয়মিত পর্যবেক্ষণ: ব্লাড সুগার নিয়মিতভাবে মাপুন এবং একটি ডায়েরিতে লিখে রাখুন। এটি ডাক্তারকে সঠিক চিকিৎসা দিতে সাহায্য করবে।

কিছু সতর্কতা:

ব্লাড সুগার কমে গেলে আতঙ্কিত হবেন না। শান্ত থাকুন এবং দ্রুত ব্যবস্থা নিন।
ডায়াবেটিস নিয়ে যারা ব্যায়াম করেন বা যাদের শারীরিক পরিশ্রম বেশি, তাদের ব্লাড সুগার কমে যাওয়ার ঝুঁকি বেশি থাকে। তাই ব্যায়ামের আগে ও পরে ব্লাড সুগার মাপতে হবে।
অ্যালকোহল (Alcohol) সেবনের কারণে ব্লাড সুগার কমে যেতে পারে। তাই অ্যালকোহল পরিহার করুন অথবা সীমিত পরিমাণে গ্রহণ করুন।
যদি আপনার ব্লাড সুগারের মাত্রা খুব বেশি কমে যায় বা আপনি অজ্ঞান হয়ে যান, তাহলে দ্রুত নিকটস্থ হাসপাতালে যান অথবা জরুরি স্বাস্থ্যসেবার জন্য যোগাযোগ করুন।

মনে রাখবেন, আমি একজন ভার্চুয়াল সহকারী। আমার পরামর্শ শুধুমাত্র সাধারণ তথ্যের জন্য। যেকোনো চিকিৎসার সিদ্ধান্ত নেওয়ার আগে অবশ্যই একজন qualified ডাক্তারের পরামর্শ নিন। আপনার সুস্থতা আমাদের কাম্য। আল্লাহ আপনাকে সুস্থ রাখুন।

যদি আপনার অন্য কোনো প্রশ্ন থাকে, জিজ্ঞাসা করতে দ্বিধা করবেন না।"
TigerLLM-9B,24,2,Complications and safety,ডায়াবেটিস রোগীর সুগার কমে গেলে কীভাবে বুঝব এবং কী কী পদক্ষেপ নেব?,"আচ্ছা, আপনার প্রশ্নটা খুবই গুরুত্বপূর্ণ। ডায়াবেটিস রোগীদের ব্লাড সুগার কমে গেলে (লো ব্লাড সুগার) বোঝা খুব দরকারি, আর সেই অনুযায়ী ব্যবস্থা নিতে পারলে জটিলতা এড়ানো যায়।

কীভাবে বুঝবেন ব্লাড সুগার কমে যাচ্ছে?

ব্লাড সুগার কমতে শুরু করলে কিছু লক্ষণ দেখা যেতে পারে। সবার ক্ষেত্রে একই রকম নাও হতে পারে, তবে সাধারণভাবে যা দেখা যায় তা হলো:

রোমাঞ্চ অনুভব করা: হঠাৎ করে শীত শীত লাগা বা কাঁপুনি আসা।
ঘাম: অতিরিক্ত ঘাম হওয়া, বিশেষ করে ঠান্ডা ঘাম।
দুর্বলতা: শরীর দুর্বল লাগা, শক্তি কমে যাওয়া।
মাথা ঘোরা: মাথা হালকা লাগা বা ঘোরানো অনুভূতি।
** confusion (বিভ্রান্তি):** confused feeling হওয়া, ঠিক মনে করতে না পারা।
ক্ষুধা: খুব বেশি ক্ষুধা পাওয়া।
** বুক ধড়ফড় করা:** হৃদস্পন্দন বেড়ে যাওয়া।
দৃষ্টি ঝাপসা হয়ে যাওয়া: চোখে দেখতে সমস্যা হওয়া।
কথা বলতে অসুবিধা: কথা জড়িয়ে যাওয়া বা অস্পষ্ট শোনা।
মেজাজ পরিবর্তন: হঠাৎ করে খিটখিটে মেজাজ বা অস্থির লাগা।
যদি এই লক্ষণগুলোর মধ্যে কিছু আপনার মধ্যে দেখা যায়, তাহলে দ্রুত কিছু পদক্ষেপ নেওয়া উচিত।

কী কী পদক্ষেপ নেবেন?

১.  কিছু মিষ্টি খাবার খান: দ্রুত ব্লাড সুগার বাড়ানোর জন্য গ্লুকোজ (glucose) দরকার। তাই:
*   এক বা দুই চামচ চিনি (sugar) জিবে দিন।
*   ফলের রস (যেমন - আপেল বা আঙুরের রস) খেতে পারেন।
*   মধু (honey) অল্প পরিমাণে খাওয়া যেতে পারে।
*   ক্যান্ডি (candy) অথবা মিষ্টি লজেন্স (sweet lozenges) চুষতে পারেন।

২.  নিয়মিত কার্বোহাইড্রেট গ্রহণ করুন: মিষ্টি খাবারের পাশাপাশি কিছু কার্বোহাইড্রেট জাতীয় খাবার খেতে হবে, যা ধীরে ধীরে সুগার বাড়াতে সাহায্য করবে। যেমন - বিস্কুট বা রুটি।

৩.  ব্লাড সুগার পরীক্ষা করুন: যদি আপনার গ্লুকোমিটার (glucometer) থাকে, তাহলে ব্লাড সুগার পরীক্ষা করে দেখুন। সাধারণত, ব্লাড সুগার ৭০ mg/dL-এর নিচে নেমে গেলে এটি লো ব্লাড সুগার হিসেবে ধরা হয়।

৪.  নিজেকে শান্ত রাখুন: আতঙ্কিত হবেন না। ধীরে সুস্থে খাবার খান এবং বিশ্রাম নিন।

৫.  অন্যের সাহায্য নিন: যদি আপনি দুর্বল বোধ করেন বা বুঝতে পারছেন না, তাহলে পরিবারের সদস্য বা অন্য কারো সাহায্য নিন।

৬. ইনসুলিন (insulin) সম্পর্কে সচেতন থাকুন: যদি আপনি ইনসুলিন নেন, তবে আপনার ডাক্তারের সাথে কথা বলে জেনে নিন লো ব্লাড সুগার এর ক্ষেত্রে কী করতে হবে।

কখন ডাক্তার দেখাবেন?

যদি মিষ্টি খাবার খাওয়ার পরেও ব্লাড সুগার না বাড়ে।
যদি লক্ষণগুলো আরও খারাপ হয়।
যদি আপনি অজ্ঞান হয়ে যান।
যদি আগে কখনো লো ব্লাড সুগারের অভিজ্ঞতা হয়ে থাকে এবং এখন একই রকম অনুভূতি হচ্ছে।
মনে রাখবেন, এই পরামর্শগুলো সাধারণ নির্দেশিকা মাত্র। আপনার ব্যক্তিগত স্বাস্থ্য পরিস্থিতি অনুযায়ী ডাক্তারের পরামর্শ নেওয়া সবচেয়ে ভালো। আপনার যদি কোনো প্রশ্ন থাকে, তাহলে অবশ্যই জিজ্ঞাসা করুন। সুস্থ থাকুন!"
TigerLLM-9B,25,1,Complications and safety,ডায়াবেটিস থাকলে কি হার্ট অ্যাটাকের ঝুঁকি বেড়ে যায়?,"আসসালামু আলাইকুম। আপনার প্রশ্নটির জন্য ধন্যবাদ।

ডায়াবেটিস (मधुमेह) থাকলে হৃদরোগের (হার্ট) ঝুঁকি অবশ্যই বেড়ে যায়। এটা একটা গুরুত্বপূর্ণ বিষয়। আমি বুঝিয়ে বলছি:

কেন ঝুঁকি বাড়ে? ডায়াবেটিসের কারণে রক্তে শর্করার মাত্রা (ব্লাড সুগার) সবসময় বেশি থাকে। এই অতিরিক্ত শর্করা আপনার শরীরের রক্তনালীগুলোকে ক্ষতিগ্রস্ত করে, বিশেষ করে হৃদপিণ্ডের রক্তনালীগুলোকে। এর ফলে রক্তনালীগুলোতে চর্বি জমে শক্ত হয়ে যায়, যাকে আমরা অ্যারিথেরোস্ক্লেরোসিস (atherosclerosis) বলি। এই অবস্থার কারণে রক্তপ্রবাহ কমে গেলে হার্ট অ্যাটাক (হার্ট অ্যাটাক) বা স্ট্রোকের ঝুঁকি বাড়ে।

অন্যান্য ঝুঁকি: ডায়াবেটিস রোগীদের উচ্চ রক্তচাপ (উচ্চ রক্তচাপ), কোলেস্টেরল (কোলেস্টেরল) এবং স্থূলত্বের মতো সমস্যাও বেশি দেখা যায়, যা হৃদরোগের ঝুঁকি আরও বাড়ায়।

করণীয়:

নিয়মিত ব্লাড সুগার পরীক্ষা করুন এবং ডাক্তারের পরামর্শ অনুযায়ী ওষুধ খান।
স্বাস্থ্যকর খাবার (ডায়েট) গ্রহণ করুন। মিষ্টি ও তৈলাক্ত খাবার এড়িয়ে চলুন।
নিয়মিত ব্যায়াম করুন।
ধূমপান পরিহার করুন।
নিয়মিত স্বাস্থ্য পরীক্ষা করান।
আপনার যদি বুকে ব্যথা, শ্বাসকষ্ট বা অন্য কোনো উপসর্গ থাকে, তাহলে দ্রুত ডাক্তারের পরামর্শ নিন। মনে রাখবেন, আপনার সুস্থ থাকাটা খুব জরুরি।

যদি আপনার আরও কিছু জানার থাকে, তবে জিজ্ঞাসা করতে দ্বিধা করবেন না। ভালো থাকবেন।

[Disclaimer: আমি একটি এআই সহকারী। এই তথ্য শুধুমাত্র সাধারণ জ্ঞানের জন্য। এটি কোনোভাবেই ডাক্তারের বিকল্প নয়। যেকোনো স্বাস্থ্য বিষয়ক সিদ্ধান্ত নেওয়ার আগে অবশ্যই একজন qualified ডাক্তারের পরামর্শ নিন।]"
TigerLLM-9B,25,2,Complications and safety,ডায়াবেটিস থাকলে কি হার্ট অ্যাটাকের ঝুঁকি বেড়ে যায়?,"আসসালামু আলাইকুম। আপনার প্রশ্নটির জন্য ধন্যবাদ।

হ্যাঁ, ডায়াবেটিস (मधुमेह) থাকলে হৃদরোগের (হার্ট অ্যাটাক) ঝুঁকি বেড়ে যায়। এটা খুবই গুরুত্বপূর্ণ একটি বিষয়। কেন বাড়ে, তা আমি বুঝিয়ে বলছি:

রক্তনালীর ক্ষতি: ডায়াবেটিসের কারণে রক্তে শর্করার মাত্রা বেশি থাকার কারণে শরীরের রক্তনালীগুলোর দেয়াল ক্ষতিগ্রস্ত হতে পারে। একে অ্যাথেরোস্ক্লেরোসিস (atherosclerosis) বলে। এর ফলে রক্তনালীতে চর্বি জমে ধীরে ধীরে সরু হয়ে যায়।
উচ্চ রক্তচাপ: ডায়াবেটিস প্রায়শই উচ্চ রক্তচাপের (high blood pressure) সাথে সম্পর্কিত, যা হৃদরোগের ঝুঁকি আরও বাড়ায়।
খারাপ কোলেস্টেরল: ডায়াবেটিসের রোগীদের মধ্যে খারাপ কোলেস্টেরলের (LDL cholesterol) মাত্রা বেশি থাকতে পারে এবং ভালো কোলেস্টেরলের (HDL cholesterol) মাত্রা কম থাকতে পারে। এটা হৃদরোগের জন্য ক্ষতিকর।
অন্যান্য জটিলতা: ডায়াবেটিস অন্যান্য জটিলতা সৃষ্টি করতে পারে, যেমন - কিডনি রোগ (কিডনি ফেইলিউর), যা হৃদরোগের ঝুঁকি বাড়ায়।
তাহলে কি করবেন?

নিয়মিত ব্লাড সুগার পরীক্ষা: আপনার ব্লাড সুগার (রক্তে শর্করার মাত্রা) নিয়মিতভাবে পরীক্ষা করুন এবং ডাক্তারের পরামর্শ অনুযায়ী রাখুন।
স্বাস্থ্যকর ডায়েট: একটি স্বাস্থ্যকর ডায়েট (diet) অনুসরণ করুন। মিষ্টি ও ফ্যাট জাতীয় খাবার ত্যাগ করতে হবে। প্রচুর ফল ও সবজি খান।
নিয়মিত ব্যায়াম: প্রতিদিন অন্তত ৩০ মিনিটের জন্য ব্যায়াম করুন। হাঁটা, সাঁতার বা যোগা আপনার জন্য ভালো হতে পারে।
ওজন নিয়ন্ত্রণ: অতিরিক্ত ওজন কমাতে চেষ্টা করুন।
ধূমপান পরিহার: ধূমপান (smoking) হৃদরোগের ঝুঁকি বাড়ায়, তাই এটি পরিহার করুন।
নিয়মিত স্বাস্থ্য পরীক্ষা: বছরে একবার ডাক্তারের কাছে গিয়ে স্বাস্থ্য পরীক্ষা করানো উচিত।
যদি আপনার বুকে ব্যথা, শ্বাসকষ্ট বা অন্য কোনো অস্বাভাবিক উপসর্গ দেখা যায়, তবে অবিলম্বে একজন ডাক্তারের পরামর্শ নিন। নিজের শরীরের প্রতি খেয়াল রাখাটা খুব জরুরি।

মনে রাখবেন, আমি শুধুমাত্র একটি ভার্চুয়াল সহকারী। আমার পরামর্শ যেন ডাক্তারি চিকিৎসার বিকল্প হিসেবে বিবেচিত না হয়। যেকোনো স্বাস্থ্য বিষয়ক উদ্বেগের জন্য একজন qualified ডাক্তারের সাথে যোগাযোগ করা অত্যাবশ্যক। আপনার সুস্বাস্থ্য কামনা করি।"
TigerLLM-9B,26,1,Complications and safety,ডায়াবেটিস রোগীর মাসে অন্তত কতবার সুগার পরীক্ষা করা উচিত?,"আসসালামু আলাইকুম। আপনার প্রশ্নটির জন্য ধন্যবাদ।

ডায়াবেটিস রোগীদের জন্য ব্লাড সুগার (রক্তে শর্করার) পরীক্ষার ফ্রিকোয়েন্সি বা সংখ্যা নির্ভর করে কয়েকটি বিষয়ের উপর:

আপনার ডায়াবেটিসের ধরন: যদি আপনি টাইপ ১ ডায়াবেটিসে আক্রান্ত হন, তাহলে সম্ভবত আপনাকে দিনে কয়েকবার ব্লাড সুগার পরীক্ষা করতে হতে পারে - সকালে, খাবার আগে ও পরে, এবং রাতে। টাইপ ২ ডায়াবেটিসের ক্ষেত্রে, সাধারণত দিনে অন্তত ৩-৪ বার পরীক্ষা করা উচিত।
আপনার চিকিৎসার পরিকল্পনা: আপনার ডাক্তার আপনার ঔষধ (যেমন ইনসুলিন) এবং জীবনযাত্রার পরিবর্তনের উপর ভিত্তি করে একটি নির্দিষ্ট পরীক্ষার সময়সূচী তৈরি করবেন। সেটি অনুসরণ করা সবচেয়ে গুরুত্বপূর্ণ।
রক্তে শর্করার মাত্রা: যদি আপনার ব্লাড সুগার প্রায়শই টার্গেট রেঞ্জের বাইরে থাকে, তাহলে আপনাকে আরও বেশিবার পরীক্ষা করতে হতে পারে।
অন্যান্য স্বাস্থ্য সমস্যা: অন্য কোনো শারীরিক সমস্যা থাকলে, যেমন গর্ভাবস্থা বা কিডনি রোগ, সেক্ষেত্রে পরীক্ষার সংখ্যা বাড়তে পারে।
সাধারণভাবে, একজন ডায়াবেটিস রোগীর মাসে কমপক্ষে ১২ বার ব্লাড সুগার পরীক্ষা করা উচিত। এর মধ্যে কিছু পরীক্ষা বাড়িতে নিজে করতে পারেন এবং কিছু পরীক্ষা ক্লিনিকে গিয়ে করাতে হতে পারে। HbA1c (এইচবিএ১সি) পরীক্ষা সাধারণত প্রতি ৩-৬ মাসে একবার করানো উচিত, যা গত কয়েক মাসের গড় ব্লাড সুগারের মাত্রা দেখায়।

তবে, মনে রাখবেন এটা শুধুমাত্র একটি সাধারণ গাইডলাইন। আপনার ব্যক্তিগত প্রয়োজন অনুযায়ী পরীক্ষার ফ্রিকোয়েন্সি আপনার ডাক্তারই ঠিক করে দিতে পারবেন। তাই, আপনার ডাক্তারের সাথে কথা বলে একটি সঠিক পরিকল্পনা তৈরি করুন এবং সেটি অনুসরণ করুন।

যদি আপনার কোনো প্রশ্ন থাকে অথবা আপনি উদ্বিগ্ন হন, তবে অবশ্যই একজন ডাক্তারের পরামর্শ নিন। নিজের শরীরের প্রতি খেয়াল রাখাটা খুব জরুরি।

ভালো থাকুন।"
TigerLLM-9B,26,2,Complications and safety,ডায়াবেটিস রোগীর মাসে অন্তত কতবার সুগার পরীক্ষা করা উচিত?,"আসসালামু আলাইকুম। আপনার প্রশ্নটির জন্য ধন্যবাদ।

ডায়াবেটিস রোগীদের ব্লাড সুগার (রক্তে শর্করার) পরীক্ষা করার ফ্রিকোয়েন্সি বা সংখ্যা নির্ভর করে কয়েকটি বিষয়ের উপর, যেমন - আপনার ডায়াবেটিসের ধরন, চিকিৎসার পদ্ধতি এবং ব্লাড সুগারের নিয়ন্ত্রণ কেমন আছে তার ওপর।

সাধারণভাবে, এখানে একটি ধারণা দেওয়া হলো:

নতুন রোগী অথবা চিকিৎসা শুরু করেছেন: যদি আপনি সম্প্রতি ডায়াগনোসিস (রোগ নির্ণয়) হয়ে থাকে অথবা আপনার চিকিৎসা পরিকল্পনা পরিবর্তন করা হয়, তাহলে প্রতিদিন কয়েকবার ব্লাড সুগার পরীক্ষা করা লাগতে পারে - বিশেষ করে সকালের নাস্তার আগে, দুপুরের খাবারের আগে, রাতের খাবারের আগে এবং ঘুমানোর আগে।
ইনসুলিন গ্রহণ করেন: যারা ইনসুলিন (insulin) নেন, তাদের সাধারণত ঘন ঘন ব্লাড সুগার পরীক্ষা করতে হয় - যেমন দিনে ৩-৪ বার অথবা তার বেশিও লাগতে পারে। আপনার এন্ডোক্রিনোলজিস্ট (endocrinologist) বা ডাক্তার আপনাকে সঠিক সময়সূচী बताবেন।
ওরাল মেডিকেশন (মুখে খাওয়ার ওষুধ) গ্রহণ করেন: যাদের মুখে খাওয়ার ওষুধ লাগে, তাদের সাধারণত সপ্তাহে কয়েকবার ব্লাড সুগার পরীক্ষা করা উচিত।
নিয়ন্ত্রিত ডায়াবেটিস: যদি আপনার ব্লাড সুগার নিয়ন্ত্রণে থাকে, তাহলে আপনি হয়তো সপ্তাহে ২-৩ বার পরীক্ষা করতে পারেন।
তবে, এই সংখ্যাগুলো কেবল সাধারণ নির্দেশিকা। আপনার জন্য সঠিক ফ্রিকোয়েন্সি (সময়সূচী) জানার জন্য একজন ডাক্তারের সাথে পরামর্শ করা খুবই জরুরি। তিনি আপনার ব্যক্তিগত স্বাস্থ্য পরিস্থিতি বিবেচনা করে আপনাকে উপযুক্ত পরামর্শ দিতে পারবেন।

যদি আপনার ব্লাড সুগারের মাত্রা খুব বেশি বা খুব কম হয়, অথবা আপনি অন্য কোনো উপসর্গ অনুভব করেন, তাহলে দ্রুত ডাক্তারের পরামর্শ নিন।

মনে রাখবেন, সুস্থ থাকতে আপনার ডায়েট (diet) এবং জীবনযাত্রার পরিবর্তনও খুব গুরুত্বপূর্ণ।

ভালো থাকবেন, আর কিছু জানার থাকলে জিজ্ঞাসা করতে দ্বিধা করবেন না।"
TigerLLM-9B,27,1,Symptoms and early detection,"আমার বারবার প্রস্রাব হচ্ছে এবং বেশি পিপাসা লাগছে, এটা কি ডায়াবেটিসের লক্ষণ?","আপনার প্রশ্নটির জন্য ধন্যবাদ। আপনি বলছেন আপনার বারবার প্রস্রাব হচ্ছে এবং খুব বেশি পিপাসা লাগছে। হ্যাঁ, এই দুটো লক্ষণ ডায়াবেটিসের (Diabetes) খুবই সাধারণ লক্ষণ। তবে, শুধুমাত্র এই দুটো উপসর্গ দেখে নিশ্চিতভাবে বলা যায় না যে আপনার ডায়াবেটিস আছে কিনা।

কারণ, অন্য কিছু কারণেও এমন হতে পারে। যেমন -

কিডনির সমস্যা
কিছু ওষুধের পার্শ্বপ্রতিক্রিয়া
অতিরিক্ত তরল পান করা
কিন্তু ডায়াবেটিসের ক্ষেত্রে এই লক্ষণগুলো দেখা গেলে ব্লাড সুগার (Blood sugar) পরীক্ষা করানো খুব জরুরি।

আমি আপনাকে পরামর্শ দিচ্ছি:

অবিলম্বে একজন ডাক্তারের সাথে যোগাযোগ করুন: আপনার এলাকার কোনো অভিজ্ঞ ডাক্তার বা এন্ডোক্রিনোলজিস্টের (Endocrinologist) সাথে দেখা করে বিস্তারিত আলোচনা করুন।
ব্লাড সুগার পরীক্ষা করান: ডাক্তার আপনাকে ব্লাড সুগার (Blood sugar) পরীক্ষা করার পরামর্শ দেবেন। যেমন - ফাস্টিং ব্লাড সুগার (Fasting blood sugar), পোস্টপ্রান্ডিয়াল ব্লাড সুগার (Postprandial blood sugar) অথবা HbA1c পরীক্ষা।
ডায়েট (Diet) এবং জীবনযাত্রার পরিবর্তন: ডাক্তারের পরামর্শ অনুযায়ী আপনার খাদ্যতালিকা (Diet plan) এবং জীবনযাত্রায় কিছু পরিবর্তন আনতে হতে পারে।
মনে রাখবেন, দ্রুত রোগ নির্ণয় এবং সঠিক চিকিৎসার মাধ্যমে ডায়াবেটিস নিয়ন্ত্রণ করা সম্ভব। নিজে থেকে কোনো ওষুধ খাবেন না বা চিকিৎসা শুরু করবেন না।

আপনার সুস্বাস্থ্য কামনা করি। আর কিছু জানার থাকলে জিজ্ঞাসা করতে পারেন।"
TigerLLM-9B,27,2,Symptoms and early detection,"আমার বারবার প্রস্রাব হচ্ছে এবং বেশি পিপাসা লাগছে, এটা কি ডায়াবেটিসের লক্ষণ?","আসসালামু আলাইকুম। আপনার সমস্যাগুলো শুনে আমি বুঝতে পারছি আপনি কিছুটা চিন্তিত। আপনি বলছেন আপনার বারবার প্রস্রাব হচ্ছে এবং খুব বেশি পিপাসা লাগছে। হ্যাঁ, এই দুটো লক্ষণ ডায়াবেটিসের (मधुमेह রোগ) প্রাথমিক লক্ষণ হতে পারে।

কারণ আপনার শরীর অতিরিক্ত গ্লুকোজ (চিনি) তৈরি করছে, তাই কিডনি সেই চিনি প্রস্রাবের মাধ্যমে বের করার চেষ্টা করছে। এতে শরীর থেকে জল বেরিয়ে যায়, যার ফলে আপনার খুব পিপাসা পাচ্ছে।

তবে, শুধুমাত্র এই দুটো লক্ষণের উপর ভিত্তি করে নিশ্চিতভাবে বলা যায় না যে আপনার ডায়াবেটিস আছে কিনা। অন্যান্য কারণেও এমনটা হতে পারে।

আমি আপনাকে পরামর্শ দিচ্ছি:

অবশ্যই একজন ডাক্তারের সাথে দেখা করুন: দ্রুত একজন অভিজ্ঞ ডাক্তার ( physician) এর কাছে যান এবং ব্লাড সুগার (রক্তে শর্করার মাত্রা) পরীক্ষা করান।
ব্লাড সুগার পরীক্ষার রিপোর্ট: পরীক্ষার রিপোর্টগুলো ডাক্তারের কাছে দেখাতে হবে। তিনি আপনার স্বাস্থ্য পরিস্থিতি বিবেচনা করে সঠিক রোগ নির্ণয় এবং চিকিৎসা দেবেন।
ডায়েট (ahār) পরিবর্তন: ডাক্তারের পরামর্শ অনুযায়ী আপনার খাদ্য তালিকায় পরিবর্তন আনতে হতে পারে। মিষ্টি ও চিনি যুক্ত খাবার ত্যাগ করতে হতে পারে।
জল পান: পর্যাপ্ত পরিমাণে জল পান করুন, কারণ শরীর থেকে জল বেরিয়ে যাচ্ছে।
মনে রাখবেন, দ্রুত রোগ নির্ণয় এবং সঠিক চিকিৎসার মাধ্যমে ডায়াবেটিস নিয়ন্ত্রণ করা সম্ভব। আপনি সুস্থ থাকবেন এই কামনা করি। আর কিছু জানার থাকলে জিজ্ঞাসা করতে পারেন। আল্লাহ আপনার সহায় হোক।"
TigerLLM-9B,28,1,Symptoms and early detection,"হঠাৎ করে ওজন কমে যাচ্ছে, এটা কি ডায়াবেটিসের কারণে হতে পারে?","আসসালামু আলাইকুম। আপনার উদ্বেগের জন্য ধন্যবাদ।

হঠাৎ করে ওজন কমে যাওয়া (unexpected weight loss) ডায়াবেটিসের কারণে হতে পারে, তবে এর অন্য কারণও থাকতে পারে। যেহেতু আপনি এই বিষয়ে জানতে চেয়েছেন, তাই আমি বিষয়টি বুঝিয়ে বলছি:

ডায়াবেটিস এবং ওজন কমে যাওয়া-এর মধ্যে সম্পর্ক কী?

ইনসুলিনের অভাব: টাইপ ১ ডায়াবেটিসে (Type 1 Diabetes) শরীর যথেষ্ট ইনসুলিন তৈরি করতে পারে না। ইনসুলিন ব্লাড সুগারকে কোষের ভেতরে প্রবেশ করিয়ে শক্তি সরবরাহ করে। ইনসুলিনের অভাবে ব্লাড সুগার রক্তে উচ্চ থাকে এবং কোষগুলোতে শক্তি পৌঁছায় না। ফলে শরীর শক্তি উৎপাদনের জন্য ফ্যাট ও পেশী ব্যবহার করতে শুরু করে, যার কারণে ওজন কমতে পারে।
টাইপ ২ ডায়াবেটিস: টাইপ ২ ডায়াবেটিসে (Type 2 Diabetes) ইনসুলিন রেজিস্ট্যান্স হয়, অর্থাৎ কোষগুলো ইনসুলিনের প্রতি সংবেদনশীল থাকে না। এক্ষেত্রেও ব্লাড সুগার নিয়ন্ত্রণে না থাকলে ওজন কমে যেতে পারে।
অতিরিক্ত তৃষ্ণা ও প্রস্রাব: ডায়াবেটিসের কারণে অতিরিক্ত তৃষ্ণা লাগে (excessive thirst) এবং ঘন ঘন প্রস্রাবের বেগ পায় (frequent urination)। এর ফলে শরীর থেকে প্রচুর পরিমাণে তরল বেরিয়ে যায়, যা ওজন কমাতে পারে।
অন্যান্য জটিলতা: ডায়াবেটিসের কারণে শরীরে অন্যান্য জটিলতা দেখা দিলে, যেমন সংক্রমণ (infection) বা কিডনির সমস্যা (kidney problems), ওজন কমতে পারে।
তবে, শুধু ডায়াবেটিস নয়, অন্য কিছু কারণেও ওজন কমে যেতে পারে, যেমন:

থাইরয়েডের সমস্যা
পেটের ক্যান্সার
মানসিক চাপ (mental stress)
খাবার গ্রহণে সমস্যা
আপনার কী করা উচিত?

যেহেতু আপনার হঠাৎ করে ওজন কমে যাচ্ছে, তাই আমার পরামর্শ হল -

১.  অবশ্যই একজন ডাক্তারের সাথে দেখা করুন। তিনি আপনার শারীরিক পরীক্ষা করবেন এবং কিছু পরীক্ষা (যেমন ব্লাড সুগার টেস্ট, HbA1c test, থাইরয়েড ফাংশন টেস্ট) করার পরামর্শ দিতে পারেন।
২.  আপনার খাদ্যতালিকা (diet) এবং জীবনযাত্রায় (lifestyle) পরিবর্তন আনার আগে ডাক্তারের পরামর্শ নিন।
৩.  যদি আপনার অন্য কোনো শারীরিক সমস্যা থাকে, তবে তা ডাক্তারকে জানান।

মনে রাখবেন, আমি একজন ভার্চুয়াল সহকারী (virtual assistant)। আমার দেওয়া তথ্য শুধুমাত্র সাধারণ জ্ঞানের জন্য। এটি কোনোভাবেই ডাক্তারের পরামর্শের বিকল্প নয়। আপনার স্বাস্থ্য সংক্রান্ত যেকোনো বিষয়ে সিদ্ধান্ত নেওয়ার আগে অবশ্যই একজন qualified medical professional-এর পরামর্শ নিন।

তাড়াতাড়ি সুস্থ হন, এই কামনা করি। আর কিছু জানার থাকলে জিজ্ঞাসা করতে পারেন।"
TigerLLM-9B,28,2,Symptoms and early detection,"হঠাৎ করে ওজন কমে যাচ্ছে, এটা কি ডায়াবেটিসের কারণে হতে পারে?","আসসালামু আলাইকুম। আপনার প্রশ্নটির জন্য ধন্যবাদ।

হঠাৎ করে ওজন কমে যাওয়া (unexpected weight loss) ডায়াবেটিসের একটি লক্ষণ হতে পারে। তবে, শুধু এই কারণে নিশ্চিতভাবে কিছু বলা যায় না। ডায়াবেটিসে ব্লাড সুগার (blood sugar) নিয়ন্ত্রণে না থাকলে শরীর শক্তি উৎপাদনের জন্য ফ্যাট (fat) এবং পেশী ব্যবহার করতে শুরু করে। এর ফলে ওজন কমতে পারে।

কিন্তু, ওজন কমার আরও অনেক কারণ থাকতে পারে, যেমন:

অন্যান্য শারীরিক অসুস্থতা
খাবার গ্রহণে সমস্যা
মানসিক চাপ
কিছু ঔষধের পার্শ্বপ্রতিক্রিয়া
আপনার যেহেতু হঠাৎ করে ওজন কমে যাচ্ছে, তাই আমি আপনাকে একজন ডাক্তারের সাথে দেখা করার পরামর্শ দিচ্ছি। তিনি আপনার শারীরিক অবস্থা পরীক্ষা করে দেখবেন এবং প্রয়োজনীয় পরীক্ষা (যেমন ব্লাড সুগার টেস্ট, অন্যান্য রক্ত পরীক্ষা) করে সঠিক কারণ নির্ণয় করতে পারবেন।

যদি ডায়াবেটিস থাকে, তাহলে সঠিক ডায়েট (diet) ও জীবনযাত্রার পরিবর্তন এবং প্রয়োজন অনুযায়ী ইনসুলিন (insulin) বা ওষুধের মাধ্যমে এটি নিয়ন্ত্রণ করা সম্ভব।

আপনার দ্রুত সুস্থতা কামনা করি। আর কিছু জানার থাকলে জিজ্ঞাসা করতে পারেন।"
TigerLLM-9B,29,1,Symptoms and early detection,"সব সময় ক্লান্ত লাগে, এটা কি ডায়াবেটিসের লক্ষণ?","আসসালামু আলাইকুম। আপনার প্রশ্নটির জন্য ধন্যবাদ।

আপনি বলছেন সবসময় ক্লান্ত লাগে, এটা শুনে আমি বুঝতে পারছি আপনি বেশ চিন্তিত। হ্যাঁ, অতিরিক্ত ক্লান্তি ডায়াবেটিসের একটি লক্ষণ হতে পারে। তবে, শুধু ক্লান্তি হলেই নিশ্চিতভাবে বলা যায় না যে আপনার ডায়াবেটিস আছে।

ডায়াবেটিসে ব্লাড সুগার (রক্তে শর্করার) মাত্রা স্বাভাবিকের চেয়ে বেড়ে গেলে শরীর ঠিকমতো শক্তি উৎপাদন করতে পারে না। ফলে দুর্বলতা এবং ক্লান্তি অনুভব হতে পারে। এছাড়াও, অন্যান্য কারণেও ক্লান্তি আসতে পারে, যেমন:

অপর্যাপ্ত ঘুম
অতিরিক্ত কাজের চাপ
কম খাবার খাওয়া
অন্য কোনো শারীরিক অসুস্থতা (যেমন থাইরয়েডের সমস্যা)
আমার পরামর্শ হল, আপনি যদি এই ধরনের ক্লান্তি অনুভব করেন, তাহলে একবার ডাক্তারের কাছে যাওয়া খুব জরুরি। ডাক্তার আপনার ব্লাড সুগার পরীক্ষা করে দেখবেন এবং অন্যান্য স্বাস্থ্য বিষয়ক বিষয়গুলোও খতিয়ে দেখবেন। প্রয়োজন হলে তিনি আপনাকে সঠিক চিকিৎসা দিতে পারবেন।

যদি আপনার অন্য কোনো প্রশ্ন থাকে, তবে জিজ্ঞাসা করতে দ্বিধা করবেন না। সুস্থ থাকুন, ভালো থাকুন।

গুরুত্বপূর্ণ: আমি একজন ভার্চুয়াল সহকারী। তাই আমার পরামর্শ যেন কোনোভাবেই ডাক্তারের বিকল্প হিসেবে বিবেচিত না হয়। যেকোনো স্বাস্থ্য বিষয়ক সমস্যার জন্য অবশ্যই একজন qualified ডাক্তারের পরামর্শ নিন।"
TigerLLM-9B,29,2,Symptoms and early detection,"সব সময় ক্লান্ত লাগে, এটা কি ডায়াবেটিসের লক্ষণ?","নমস্কার। আপনার প্রশ্নটির জন্য ধন্যবাদ।

আপনি বলছেন সবসময় ক্লান্ত লাগে, তাই তো? হ্যাঁ, এটা ডায়াবেটিসের লক্ষণ হতে পারে। তবে শুধু ক্লান্তি দেখলে নিশ্চিতভাবে বলা যায় না যে এটা ডায়াবেটিস হয়েছে কিনা। আরো কিছু বিষয় আছে যা আমাদের বিবেচনা করতে হবে।

ডায়াবেটিসে ব্লাড সুগার (রক্তে শর্করার) মাত্রা স্বাভাবিকের চেয়ে বেড়ে গেলে শরীরে শক্তি উৎপাদন কমে যেতে পারে। ফলে দুর্বলতা বা ক্লান্তি লাগতে পারে। এছাড়াও, অন্যান্য কারণেও ক্লান্তি আসতে পারে, যেমন:

অপর্যাপ্ত ঘুম
কম খাবার খাওয়া
অতিরিক্ত মানসিক চাপ
অন্য কোনো শারীরিক অসুস্থতা (যেমন থাইরয়েড সমস্যা, রক্তাল্পতা)
আপনার বয়স কত? আর কী কী উপসর্গ আপনি অনুভব করছেন? যেমন -
ঘন ঘন পিপাসা লাগে কিনা?
বারবার প্রস্রাব করার প্রয়োজন হয় কিনা?
দৃষ্টি ঝাপসা হয়ে যায় কিনা?
ক্ষত শুকাতে সময় বেশি লাগে কিনা?
এই তথ্যগুলো দিলে আমি আপনাকে আরও ভালোভাবে সাহায্য করতে পারবো।
তবে, আমার পরামর্শ হল, আপনি একজন ডাক্তারের সাথে দেখা করে আপনার ব্লাড সুগার (রক্তে শর্করার) পরীক্ষা করান। তিনি আপনার শারীরিক অবস্থা মূল্যায়ন করে সঠিক রোগ নির্ণয় এবং চিকিৎসা দিতে পারবেন। নিজের থেকে কোনো ওষুধ খাবেন না বা ডায়েট (খাবার) পরিবর্তন করবেন না।
তাড়াতাড়ি ডাক্তারের পরামর্শ নিন, আপনার সুস্থ থাকাটা আমার কাছে খুব গুরুত্বপূর্ণ। ভালো থাকবেন।
যদি আপনার অন্য কোনো প্রশ্ন থাকে, আমাকে জিজ্ঞাসা করতে পারেন।"
TigerLLM-9B,30,1,Symptoms and early detection,"চোখে ঝাপসা দেখা যাচ্ছে, এটা কি ডায়াবেটিস হওয়ার কারণে হয়েছে?","আসসালামু আলাইকুম। আপনার সমস্যাটা শুনে আমি বুঝতে পারছি আপনি চোখে ঝাপসা দেখার অভিজ্ঞতা করছেন।
আপনার প্রশ্নটি খুবই গুরুত্বপূর্ণ। ডায়াবেটিস (मधुमेह) এর কারণে চোখের সমস্যা হওয়া অস্বাভাবিক নয়। উচ্চ ব্লাড সুগার (রক্তে শর্করার পরিমাণ) -এর কারণে চোখের রেটিনা ক্ষতিগ্রস্ত হতে পারে, যাকে ডায়াবেটিক রেটিনোপ্যাথি (मधुमेह রেটিনোপ্যাথি) বলে।এই সমস্যার কারণে দৃষ্টি ঝাপসা হয়ে যেতে পারে।
তবে, চোখে ঝাপসা হওয়ার আরও অনেক কারণ থাকতে পারে, যেমন:
চশমার পাওয়ারের সমস্যা
গ্লুকোমা (ছানি)
অন্যান্য চোখের রোগ
উচ্চ রক্তচাপ
যেহেতু আপনি ডায়াবেটিসের কথা উল্লেখ করেছেন, তাই আপনার ব্লাড সুগার নিয়ন্ত্রণে আছে কিনা, তা দেখা দরকার। নিয়মিত ব্লাড সুগার পরীক্ষা করানো এবং ডাক্তারের পরামর্শ অনুযায়ী ওষুধ খাওয়া খুব জরুরি।
আমি আপনাকে পরামর্শ দিচ্ছি, দ্রুত একজন চক্ষু বিশেষজ্ঞের (eye specialist) সাথে যোগাযোগ করুন। তিনি আপনার চোখের পরীক্ষা করে সঠিক কারণ নির্ণয় করতে পারবেন এবং প্রয়োজনীয় চিকিৎসা দিতে পারবেন। নিজের থেকে কোনো সিদ্ধান্ত নেবেন না।
আপনার স্বাস্থ্য সুরক্ষায় আমি সবসময় আপনার পাশে আছি। আর কিছু জানার থাকলে জিজ্ঞাসা করতে পারেন। সুস্থ থাকুন।"
TigerLLM-9B,30,2,Symptoms and early detection,"চোখে ঝাপসা দেখা যাচ্ছে, এটা কি ডায়াবেটিস হওয়ার কারণে হয়েছে?","নমস্কার। আপনার সমস্যাটা শুনে আমি বুঝতে পারছি আপনি চোখে ঝাপসা দেখার অভিজ্ঞতা নিয়ে চিন্তিত।
হ্যাঁ, চোখের ঝাপসা দেখা ডায়াবেটিসের একটি সম্ভাব্য লক্ষণ হতে পারে। ডায়াবেটিস দীর্ঘ দিন ধরে নিয়ন্ত্রণে না থাকলে বা ব্লাড সুগার (রক্তে শর্করার) মাত্রা অনেক বেশি হলে চোখের রক্তনালী ক্ষতিগ্রস্ত হতে পারে। একে ডায়াবেটিক রেটিনোপ্যাথি (Diabetic Retinopathy) বলে। এর কারণে ধীরে ধীরে দৃষ্টিশক্তি কমে যেতে পারে, এমনকি অন্ধত্বও হতে পারে।
তবে, চোখে ঝাপসা দেখার আরও অনেক কারণ থাকতে পারে, যেমন -
চোখের পাওয়ারের সমস্যা
গ্লুকোমা (Glaucoma)
ছানি (Cataract)
অন্যান্য শারীরিক অসুস্থতা
আপনার যেহেতু এই সমস্যা হচ্ছে, তাই আমি আপনাকে কয়েকটি বিষয় পরামর্শ দিতে চাই:
১. অবশ্যই একজন চক্ষু বিশেষজ্ঞের (Eye Specialist) সাথে যোগাযোগ করুন: তিনিই আপনার চোখের সঠিক পরীক্ষা করে বলতে পারবেন ঝাপসা দেখার কারণ কী এবং এর চিকিৎসা কিভাবে করা উচিত।
২. ব্লাড সুগার নিয়মিত মাপুন: আপনার ব্লাড সুগারের মাত্রা নিয়ন্ত্রণে রাখা খুব জরুরি। আপনার ডাক্তার আপনাকে এই ব্যাপারে সাহায্য করতে পারবেন।
৩. ডায়াবেটিস কন্ট্রোল করুন: সঠিক ডায়েট (Diet) ও জীবনযাত্রার পরিবর্তনের মাধ্যমে ডায়াবেটিস নিয়ন্ত্রণে রাখতে চেষ্টা করুন।
৪. অন্যান্য স্বাস্থ্য সমস্যা সম্পর্কে জানান: আপনার যদি অন্য কোনো শারীরিক সমস্যা থাকে, যেমন - উচ্চ রক্তচাপ বা কিডনির সমস্যা, তাহলে সেটাও ডাক্তারকে জানান।
মনে রাখবেন, দ্রুত ব্যবস্থা নিলে চোখের সমস্যা গুরুতর হওয়া থেকে বাঁচানো যেতে পারে। নিজে থেকে কোনো ওষুধ খাবেন না বা চিকিৎসা শুরু করবেন না।
আপনার আর কিছু জানার থাকলে জিজ্ঞাসা করতে পারেন। সুস্থ থাকুন।"
TigerLLM-9B,31,1,Symptoms and early detection,"শরীরে ক্ষত হলে দেরিতে শুকায়, এটা কি ডায়াবেটিসের লক্ষণ?","আসসালামু আলাইকুম। আপনার প্রশ্নটির জন্য ধন্যবাদ।

শরীরে ক্ষত দেরিতে শুকানো একটি উদ্বেগের বিষয়, এবং হ্যাঁ, এটি ডায়াবেটিসের একটি লক্ষণ হতে পারে। ডায়াবেটিস রোগীদের ক্ষেত্রে প্রায়ই এমনটা দেখা যায়। এর কারণগুলো হলো:

রক্তনালীর সমস্যা: ডায়াবেটিসের কারণে ছোট রক্তনালীগুলোতে (small blood vessels) সমস্যা হতে পারে, যা ক্ষতস্থানে রক্ত চলাচল কমিয়ে দেয়। পর্যাপ্ত রক্ত চলাচল না হলে ক্ষত শুকোতে বেশি সময় লাগে।
রোগ প্রতিরোধ ক্ষমতা দুর্বল: ডায়াবেটিস রোগীরা প্রায়শই যাদের রোগ প্রতিরোধ ক্ষমতা (immune system) দুর্বল থাকে। এর ফলে সংক্রমণ (infection) হওয়ার ঝুঁকি বাড়ে এবং ক্ষত সারতে সমস্যা হয়।
উচ্চ ব্লাড সুগার: অতিরিক্ত ব্লাড সুগার (রক্তে শর্করার পরিমাণ) ক্ষত নিরাময় প্রক্রিয়াকে ধীর করে দিতে পারে।
স্নায়ুর ক্ষতি: ডায়াবেটিসের কারণে স্নায়ুর ক্ষতি (nerve damage) হতে পারে, যাকে নিউরোপ্যাথি (neuropathy) বলা হয়। এটি অনুভূতি কমিয়ে দিতে পারে, ফলে ছোটখাটো আঘাত বা ক্ষত সহজে নজরে আসে না এবং দেরিতে শুকায়।
তবে, শুধুমাত্র এই লক্ষণের উপর ভিত্তি করে ডায়াবেটিস নিশ্চিত করা যায় না। অন্যান্য কারণও থাকতে পারে।

আপনার জন্য আমার পরামর্শ:

অবশ্যই ডাক্তারের পরামর্শ নিন: আমি আপনাকে একজন অভিজ্ঞ ডাক্তার (doctor) দেখানোর জন্য অনুরোধ করছি। তিনি আপনার শারীরিক অবস্থা মূল্যায়ন করে প্রয়োজনীয় পরীক্ষা (tests) যেমন ব্লাড সুগার পরীক্ষা, HbA1c পরীক্ষা এবং অন্যান্য রোগ নির্ণয়ের জন্য প্রয়োজনীয় পদক্ষেপ নিতে পারবেন।
ক্ষতস্থানের যত্ন: ক্ষতস্থান পরিষ্কার (clean) রাখুন এবং অ্যান্টিসেপটিক ব্যবহার করুন। ডাক্তারের পরামর্শ ছাড়া কোনো ওষুধ (medicine) লাগাবেন না।
ব্লাড সুগার নিয়ন্ত্রণ: যদি আপনার ডায়াবেটিস থাকে, তাহলে আপনার ব্লাড সুগার নিয়ন্ত্রণে রাখা খুবই জরুরি। সঠিক ডায়েট (diet) এবং জীবনযাত্রার পরিবর্তন এক্ষেত্রে গুরুত্বপূর্ণ ভূমিকা পালন করে।
অন্যান্য স্বাস্থ্য সমস্যা: অন্য কোনো স্বাস্থ্য সমস্যা থাকলে যেমন উচ্চ রক্তচাপ বা হৃদরোগ, সেগুলোর দিকেও নজর দিন।
মনে রাখবেন, আমি একজন ভার্চুয়াল সহকারী (virtual assistant) মাত্র। আমার পরামর্শ যেনো ডাক্তারের বিকল্প হিসেবে বিবেচিত না হয়। আপনার স্বাস্থ্যের জন্য সঠিক রোগ নির্ণয় এবং চিকিৎসার জন্য একজন qualified medical professional এর সাথে যোগাযোগ করা অপরিহার্য।

আপনার সুস্বাস্থ্য কামনা করি। আর কিছু জানার থাকলে জিজ্ঞাসা করতে পারেন।"
TigerLLM-9B,31,2,Symptoms and early detection,"শরীরে ক্ষত হলে দেরিতে শুকায়, এটা কি ডায়াবেটিসের লক্ষণ?","আসসালামু আলাইকুম। আপনার প্রশ্নটা খুবই গুরুত্বপূর্ণ। শরীরে ক্ষত দেরিতে শুকানো ডায়াবেটিসের একটি লক্ষণ হতে পারে।

ডায়াবেটিস রোগীদের ক্ষেত্রে রক্তে সুগারের মাত্রা বেশি থাকার কারণে শরীরের স্বাভাবিক রোগ প্রতিরোধ ক্ষমতা কমে যায়। ফলে, ছোটখাটো আঘাত বা ক্ষত সহজে সারতে চায় না এবং ইনফেকশন হওয়ার ঝুঁকিও বেড়ে যায়। ক্ষত দেরিতে শুকানোর পেছনে অন্যান্য কারণও থাকতে পারে, তবে ডায়াবেটিসের সম্ভাবনা একেবারে উড়িয়ে দেওয়া যায় না।

আপনার যদি ডায়াবেটিস আছে কিনা, তা নিশ্চিত হওয়ার জন্য কিছু পরীক্ষা করানো প্রয়োজন। যেমন: ব্লাড সুগার (রক্তে শর্করার) পরীক্ষা, HbA1c পরীক্ষা ইত্যাদি।

আমি আপনাকে পরামর্শ দিচ্ছি, দ্রুত একজন ডাক্তারের সাথে যোগাযোগ করুন এবং বিস্তারিত জানান। তিনি আপনার স্বাস্থ্য পরিস্থিতি মূল্যায়ন করে সঠিক পরামর্শ দিতে পারবেন। নিজের থেকে কোনো ওষুধ খাবেন না বা ডায়েট পরিবর্তন করবেন না। ডাক্তারের পরামর্শ অনুযায়ী চলুন।

আপনার সুস্বাস্থ্য কামনা করি। আর কিছু জানার থাকলে জিজ্ঞাসা করতে পারেন।"
TigerLLM-9B,32,1,Symptoms and early detection,"আমার সুগার লেভেল মাঝে মাঝে বেশি হয়, মাঝে মাঝে স্বাভাবিক থাকে এটা কি ডায়াবেটিসের লক্ষন?","আসসালামু আলাইকুম। আপনার প্রশ্নটা শুনে আমি বুঝতে পারছি আপনি আপনার ব্লাড সুগার নিয়ে চিন্তিত।

আপনার ব্লাড সুগার মাঝে মাঝে বেশি হওয়া আর মাঝে মাঝে স্বাভাবিক থাকা—এটা ডায়াবেটিসের লক্ষণ হতে পারে, তবে নিশ্চিতভাবে বলা যায় না। কারণ, অন্যান্য কারণেও এমনটা হতে পারে।

ডায়াবেটিস রোগ নির্ণয়ের জন্য শুধু একবারের পরীক্ষা যথেষ্ট নয়। আপনার অবস্থা ভালোভাবে বোঝার জন্য আরও কিছু তথ্য দরকার:

আপনার বয়স কত?
আপনার পরিবারের কারো ডায়াবেটিসের ইতিহাস আছে কি?
আপনি কি আগে কখনো ব্লাড সুগার পরীক্ষা করিয়েছেন? যদি করিয়ে থাকেন, তখন ফলাফলগুলো কী ছিল? (যেমন: ফাস্টিং ব্লাড সুগার, পোস্ট প্রান্ডিয়াল ব্লাড সুগার, HbA1c)
আপনার অন্য কোনো শারীরিক সমস্যা আছে কিনা? যেমন - উচ্চ রক্তচাপ, হৃদরোগ ইত্যাদি।
আপনার জীবনযাত্রার ধরণ কেমন? আপনি কি নিয়মিত ব্যায়াম করেন? আপনার খাদ্যাভ্যাস কেমন?
আমার পরামর্শ হল, আপনি একজন ডাক্তারের সাথে দেখা করে বিস্তারিত পরীক্ষা করান। পরীক্ষার মধ্যে ব্লাড সুগার (ব্লাড গ্লুকোজ) এবং HbA1c পরীক্ষা অন্তর্ভুক্ত থাকতে পারে। এই পরীক্ষাগুলো থেকে বোঝা যাবে আপনার ডায়াবেটিস আছে কিনা।

যদি ডায়াবেটিস ধরা পরে, তাহলে ডাক্তার আপনাকে সঠিক ডায়েট (diet) এবং জীবনযাত্রার পরিবর্তন সম্পর্কে পরামর্শ দেবেন। অনেক সময় ইনসুলিন (insulin) বা ওষুধের প্রয়োজনও হতে পারে।

মনে রাখবেন, নিজের স্বাস্থ্য নিয়ে কোনো ঝুঁকি নেওয়া উচিত নয়। দ্রুত ডাক্তারের পরামর্শ নিন। আল্লাহ আপনার সুস্থতার জন্য অশেষ রহমত বর্ষণ করুন।"
TigerLLM-9B,32,2,Symptoms and early detection,"আমার সুগার লেভেল মাঝে মাঝে বেশি হয়, মাঝে মাঝে স্বাভাবিক থাকে এটা কি ডায়াবেটিসের লক্ষন?","আসসালামু আলাইকুম। আপনার প্রশ্নটা শুনে বুঝলাম আপনার ব্লাড সুগার নিয়ে কিছু চিন্তা হচ্ছে।

আপনার ব্লাড সুগার মাঝে মাঝে বেশি আবার মাঝে মাঝে স্বাভাবিক হওয়াটা ডায়াবেটিসের লক্ষণ হতে পারে, তবে নিশ্চিতভাবে বলা যায় না। কারণ অন্যান্য কারণেও এমনটা হতে পারে। যেমন -

খাবার খাওয়ার ধরণের পরিবর্তন
শারীরিক পরিশ্রম কম বা বেশি হওয়া
অন্যান্য শারীরিক অসুস্থতা
কিছু ঔষধ সেবন
ডায়াবেটিস নির্ণয়ের জন্য কয়েকটি বিষয় বিবেচনা করা হয়:

১.  HbA1c পরীক্ষা: এটি গত ২-৩ মাসের গড় ব্লাড সুগার দেখায়।
২.  ফাস্টিং ব্লাড সুগার (Fasting Blood Sugar): খালি পেটে ব্লাড সুগারের মাত্রা।
৩.  র‍্যান্ডম ব্লাড সুগার (Random Blood Sugar): যেকোনো সময় ব্লাড সুগারের মাত্রা।

আমার পরামর্শ থাকবে, আপনি একজন ডাক্তারের সাথে দেখা করে এই পরীক্ষাগুলো করিয়ে নিন। পরীক্ষার ফলাফল অনুযায়ী তিনি নিশ্চিত করতে পারবেন আপনার ডায়াবেটিস আছে কিনা এবং সেই অনুযায়ী চিকিৎসার ব্যবস্থা করবেন।

যদি আপনার দৃষ্টি ঝাপসা হয়ে যাওয়া, অতিরিক্ত পিপাসার সমস্যা, ঘন ঘন প্রস্রাব হওয়া অথবা অন্য কোনো অস্বাভাবিক উপসর্গ থাকে, তাহলে দ্রুত ডাক্তারের পরামর্শ নিন।

মনে রাখবেন, আমি শুধুমাত্র একটি ভার্চুয়াল সহকারী। তাই আমার দেওয়া তথ্য যেন কোনোভাবেই ডাক্তারের বিকল্প হিসেবে বিবেচিত না হয়। আপনার স্বাস্থ্য সংক্রান্ত যেকোনো বিষয়ে সঠিক তথ্যের জন্য অবশ্যই একজন qualified ডাক্তারের পরামর্শ নিতে হবে।

ভালো থাকবেন।"
TigerLLM-9B,33,1,Special situations,ডায়াবেটিস রোগীর জন্য রমজান মাসে রোজা রেখে ইনসুলিন বা ওষুধ সমন্বয় করার সঠিক নিয়ম কী?,"আসসালামু আলাইকুম। আপনার প্রশ্নটি খুবই গুরুত্বপূর্ণ, বিশেষ করে রমজান মাসে ডায়াবেটিস রোগীদের জন্য। ইনসুলিন বা অন্য কোনো ওষুধ রোজা রাখার সময় সমন্বয় করা একটা জটিল বিষয়, এবং এটা অবশ্যই ডাক্তারের পরামর্শ অনুযায়ী করতে হবে। আমি আপনাকে কিছু সাধারণ নিয়মাবলী বুঝিয়ে বলতে পারি, কিন্তু দয়া করে মনে রাখবেন এগুলো কোনোভাবেই ডাক্তারের বিকল্প নয়।

রমজান মাসে ডায়াবেটিস রোগীদের জন্য ইনসুলিন বা ওষুধের সমন্বয় করার সময় নিম্নলিখিত বিষয়গুলি বিবেচনা করা উচিত:

১. ডাক্তারের পরামর্শ: প্রথম এবং প্রধান কথা হলো, রমজান শুরু করার আগে আপনার এন্ডোক্রিনোলজিস্ট (endocrinologist) বা ডায়াবেটিস বিশেষজ্ঞের সাথে দেখা করে আপনার বর্তমান ওষুধ এবং ইনসুলিনের ডোজ নিয়ে আলোচনা করুন। তিনি আপনার শারীরিক অবস্থা, ব্লাড সুগারের মাত্রা এবং সামগ্রিক স্বাস্থ্য বিবেচনা করে একটি উপযুক্ত পরিকল্পনা তৈরি করবেন।

২. ব্লাড সুগার পর্যবেক্ষণ: রোজা রাখার সময় আপনাকে নিয়মিত ব্লাড সুগার (blood sugar) মাপতে হবে। উপবাসের আগে, সেহরির সময়, ইফতারের সময় এবং তার পরে ব্লাড সুগারের মাত্রা পরীক্ষা করা জরুরি।  এই ডেটাগুলো আপনার ডাক্তারকে জানাতে হবে, যাতে তিনি ওষুধের ডোজ সমন্বয় করতে পারেন।

৩. ইনসুলিনের ডোজ সমন্বয়:

সাধারণত, ইনসুলিনের ডোজ কমানোর প্রয়োজন হতে পারে, বিশেষ করে রাতের ইনসুলিন (night insulin)। তবে এটা রোগীর শারীরিক অবস্থার উপর নির্ভর করে।
কিছু ক্ষেত্রে, দ্রুত-কার্যকরী ইনসুলিন (rapid-acting insulin) ইফতারের পরে খাবারের সাথে গ্রহণ করার পরামর্শ দেওয়া হতে পারে।
৪. ওষুধের সমন্বয়: অন্যান্য ডায়াবেটিস ওষুধ, যেমন - মেট্রফরমিন (Metformin) বা সালফোনাইলইউরিয়া (Sulfonylurea), এর ডোজও ডাক্তারের পরামর্শ অনুযায়ী পরিবর্তন করা লাগতে পারে।

৫. ডায়েট (Diet): রমজানে আপনার খাদ্য পরিকল্পনা খুবই গুরুত্বপূর্ণ। সেহরিতে ধীরে হজম হওয়া খাবার (যেমন - শস্য, সবজি ও প্রোটিন) গ্রহণ করুন যা দীর্ঘ সময় ধরে ব্লাড সুগার নিয়ন্ত্রণে রাখতে সাহায্য করবে। ইফতারে অতিরিক্ত মিষ্টি বা ফ্যাটযুক্ত খাবার এড়িয়ে চলুন।

৬. শারীরিক কার্যকলাপ: রোজা রাখার সময় শারীরিক কার্যকলাপ সীমিত করুন। অতিরিক্ত পরিশ্রম করলে ব্লাড সুগার কমে যেতে পারে।

৭. হাইপোলাইসেমিয়া (Hypoglycemia) এবং হাইপারগ্লাইসেমিয়া (Hyperglycemia):  হাইপোলাইসেমিয়া (রক্তে শর্করার মাত্রা কমে যাওয়া) এবং হাইপারগ্লাইসেমিয়ার (রক্তে শর্করার মাত্রা বেড়ে যাওয়া) লক্ষণগুলো সম্পর্কে জানতে হবে। এগুলো দেখা গেলে দ্রুত ব্যবস্থা নিতে হবে এবং ডাক্তারের পরামর্শ নিতে হবে।

৮. ডিহাইড্রেশন (Dehydration): রোজা রাখার সময় ডিহাইড্রেশন হওয়ার ঝুঁকি থাকে। তাই পর্যাপ্ত পরিমাণে পানি পান করা জরুরি।

গুরুত্বপূর্ণ সতর্কতা:

যদি আপনার ব্লাড সুগার খুব বেশি বা খুব কম হয়, অথবা আপনি কোনো জটিলতা অনুভব করেন, তবে অবিলম্বে রোজা বন্ধ করে ডাক্তারের সাথে যোগাযোগ করুন।
গর্ভবতী মহিলা এবং যাদের কিডনি বা লিভারের সমস্যা আছে, তাদের রোজা রাখা উচিত না।
কোনো অবস্থাতেই নিজে থেকে ইনসুলিনের ডোজ পরিবর্তন করবেন না।
আপনার সুস্বাস্থ্য কামনা করি। আল্লাহ আপনাকে সুস্থ রাখুন। যদি আপনার আরও কিছু জানার থাকে, তবে জিজ্ঞাসা করতে দ্বিধা করবেন না।

[Disclaimer: আমি একজন AI সহকারী। এই পরামর্শগুলো শুধুমাত্র সাধারণ তথ্যের জন্য দেওয়া হয়েছে এবং এটি কোনোভাবেই ডাক্তারের বিকল্প নয়।]"
TigerLLM-9B,33,2,Special situations,ডায়াবেটিস রোগীর জন্য রমজান মাসে রোজা রেখে ইনসুলিন বা ওষুধ সমন্বয় করার সঠিক নিয়ম কী?,"আসসালামু আলাইকুম। আপনার প্রশ্নটি খুবই গুরুত্বপূর্ণ, বিশেষ করে ডায়াবেটিস রোগীদের জন্য রমজান মাসে রোজা রাখা একটি জটিল বিষয়। ইনসুলিন বা অন্য ওষুধের ডোজ পরিবর্তন করা সবসময় ঝুঁকিপূর্ণ হতে পারে, তাই খুব সতর্কতার সাথে এটি করতে হয়। আমি আপনাকে কিছু সাধারণ নিয়মাবলী বুঝিয়ে বলছি, তবে মনে রাখবেন এগুলো কোনোভাবেই ডাক্তারের পরামর্শের বিকল্প নয়। আপনার ব্যক্তিগত স্বাস্থ্য পরিস্থিতি অনুযায়ী একজন ডাক্তারই সঠিক সিদ্ধান্ত নিতে পারবেন।

প্রথমত, কিছু গুরুত্বপূর্ণ সতর্কতা:

রমজান মাসে রোজা রাখার আগে অবশ্যই একজন এন্ডোক্রিনোলজিস্ট (Endocrinologist) বা ডায়াবেটিস বিশেষজ্ঞের সাথে পরামর্শ করতে হবে।
যদি আপনার ব্লাড সুগার নিয়ন্ত্রণে না থাকে, জটিলতা থাকে (যেমন: কিডনি রোগ, হৃদরোগ, রেটিনোপ্যাথি), অথবা আপনি গর্ভবতী হন, তাহলে রোজা না নেওয়াই ভালো।
রোজা রাখার সময় ব্লাড সুগারের মাত্রা নিয়মিতভাবে (প্রতি ৪ ঘণ্টা অন্তর) পরীক্ষা করতে হবে।
ইনসুলিন ও ওষুধের সমন্বয় করার নিয়ম:

ইনসুলিনের ডোজ কমানো: সাধারণত, রমজান মাসে ইনসুলিনের ডোজ কমাতে হতে পারে। তবে এটি রোগীর ব্লাড সুগারের মাত্রার উপর নির্ভর করে। ডাক্তার আপনার নিয়মিত ব্লাড সুগার পরীক্ষার ফলাফলের ভিত্তিতে ইনসুলিনের ডোজ সমন্বয় করবেন।
ওরাল অ্যান্টি-ডায়াবেটিক ড্রাগ (OADs) এর সমন্বয়: কিছু ওরাল ওষুধ, যেমন মেটফরমিন (Metformin), সালফোনাইলইউরিয়া (Sulfonylurea)-এর ডোজ পরিবর্তন করার প্রয়োজন হতে পারে। এক্ষেত্রে ডাক্তারের পরামর্শ অনুযায়ী ওষুধের সময়সূচি এবং মাত্রা ঠিক করতে হবে।
ইফতার ও সাহরি-র পরিকল্পনা:
সাহরি (Suhoor): সাহরিতে এমন খাবার গ্রহণ করুন যা ধীরে ধীরে হজম হয় এবং ব্লাড সুগারের মাত্রা স্থিতিশীল রাখে। যেমন - শস্য, ডিম, সবজি, এবং স্বাস্থ্যকর ফ্যাট। মিষ্টি বা সহজে হজম হয়ে যায় এমন খাবার পরিহার করুন।
ইফতার (Iftar): ইফতারে প্রথমে খেজুর খান, যা দ্রুত শক্তি সরবরাহ করবে। এরপর প্রোটিন ও কমপ্লেক্স কার্বোহাইড্রেট (complex carbohydrate) যুক্ত খাবার গ্রহণ করুন। অতিরিক্ত মিষ্টি ও ভাজাপোড়া খাবার এড়িয়ে চলুন।
ব্লাড সুগার পর্যবেক্ষণ: রোজা রাখার সময় ব্লাড সুগারের মাত্রা নিয়মিতভাবে পরীক্ষা করুন এবং একটি ডায়েরিতে লিখে রাখুন। কোনো অস্বাভাবিকতা দেখলে দ্রুত ডাক্তারের সাথে যোগাযোগ করুন।
হাইপোলাইসেমিয়া (Hypoglycemia) ও হাইপারগ্লাইসেমিয়া (Hyperglycemia)-র লক্ষণ:
হাইপোলাইসেমিয়া (রক্তে সুগারের মাত্রা কমে যাওয়া): মাথা ঘোরা, দুর্বলতা, ঘাম, কাঁপুনি, দ্রুত হৃদস্পন্দন। এই লক্ষণ দেখা গেলে সাথে সাথে মিষ্টি খাবার বা ফলের রস গ্রহণ করুন এবং ডাক্তারের পরামর্শ নিন।
হাইপারগ্লাইসেমিয়া (রক্তে সুগারের মাত্রা বেড়ে যাওয়া): অতিরিক্ত তৃষ্ণা, ঘন ঘন প্রস্রাব, ক্লান্তি। এই লক্ষণ দেখা গেলে ইনসুলিনের ডোজ সমন্বয় করতে হতে পারে এবং ডাক্তারের পরামর্শ নেওয়া উচিত।
গুরুত্বপূর্ণ পরামর্শ:

রোজা রাখার সময় ব্যায়াম করা উচিত না।
পর্যাপ্ত পরিমাণে পানি পান করুন, বিশেষ করে ইফতার ও সাহরির মাঝে।
কোনো রকম জটিলতা দেখা দিলে (যেমন: শ্বাসকষ্ট, বুকে ব্যথা, দৃষ্টি ঝাপসা হয়ে যাওয়া) দ্রুত হাসপাতালে যান অথবা জরুরি স্বাস্থ্যসেবার সাথে যোগাযোগ করুন।
মনে রাখবেন, আপনার স্বাস্থ্য আপনার কাছে সবচেয়ে মূল্যবান। কোনো ঝুঁকি না নিয়ে ডাক্তারের পরামর্শ অনুযায়ী চলুন। সুস্থ থাকুন, ভালো থাকুন।

যদি আপনার আরো কিছু জানার থাকে, তবে জিজ্ঞাসা করতে দ্বিধা করবেন না।"
TigerLLM-9B,34,1,Special situations,গর্ভাবস্থায় ডায়াবেটিস কেন হয় বা হলে কি তা বাচ্চার ক্ষতি করতে পারে?,"আসসালামু আলাইকুম। আপনার প্রশ্নটি খুবই গুরুত্বপূর্ণ। গর্ভাবস্থায় ডায়াবেটিস হওয়ার কারণ এবং এটি বাচ্চার জন্য ক্ষতিকর কিনা, সেই বিষয়ে আমি আপনাকে বুঝিয়ে বলছি।

গর্ভাবস্থায় ডায়াবেটিস কেন হয়?

সাধারণত, গর্ভাবস্থায় মহিলাদের শরীরে হরমোনের পরিবর্তন ঘটে। এই হরমোনগুলো ইনসুলিনের কার্যকারিতা কমিয়ে দেয়। ইনসুলিন একটি গুরুত্বপূর্ণ হরমোন যা ব্লাড সুগার (রক্তে শর্করার) মাত্রা নিয়ন্ত্রণে সাহায্য করে। যখন ইনসুলিন ঠিকমতো কাজ করতে পারে না, তখন ব্লাড সুগারের মাত্রা বেড়ে যেতে পারে, যা ডায়াবেটিস বা গর্ভকালীন ডায়াবেটিস (Gestational Diabetes) নামে পরিচিত।

কিছু কারণ আছে যা এই ঝুঁকি বাড়াতে পারে:

পারিবারিক ইতিহাস (Family history): আপনার পরিবারে আগে কেউ গর্ভকালীন ডায়াবেটিসে আক্রান্ত হয়ে থাকলে।
অতিরিক্ত ওজন: গর্ভাবস্থার আগে অতিরিক্ত ওজন থাকলে।
বয়স: সাধারণত ৩৫ বছরের বেশি বয়সের মহিলাদের ক্ষেত্রে এটি হওয়ার সম্ভাবনা বেশি।
আগের গর্ভাবস্থায় ডায়াবেটিস: আগের গর্ভাবস্থায় ডায়াবেটিস হলে।
গর্ভাবস্থায় ডায়াবেটিস বাচ্চার ক্ষতি করতে পারে কিনা?

হ্যাঁ, গর্ভকালীন ডায়াবেটিস নিয়ন্ত্রণে না থাকলে তা আপনার বাচ্চার জন্য কিছু সমস্যা তৈরি করতে পারে। তবে, সঠিক চিকিৎসা ও যত্নের মাধ্যমে এই ঝুঁকি কমানো যায়। নিচে কয়েকটি সম্ভাব্য ঝুঁকি উল্লেখ করা হলো:

বাচ্চার আকার বড় হওয়া (Macrosomia): ব্লাড সুগার বেশি থাকলে বাচ্চা আকারে বড় হতে পারে, যার ফলে নরমাল ডেলিভারি (Normal delivery) নাও হতে পারে এবং সিজারিয়ান সেকশনের (Caesarean section) প্রয়োজন হতে পারে।
শ্বাসকষ্ট সিন্ড্রোম (Respiratory Distress Syndrome): বাচ্চার ফুসফুসের স্বাভাবিক বিকাশে সমস্যা হতে পারে।
হাইপোগ্লাইসেমিয়া (Hypoglycemia): জন্মের পর বাচ্চার ব্লাড সুগার কমে যেতে পারে।
জন্ডিস (Jaundice): বাচ্চার লিভারের (Liver) কার্যকারিতা কম থাকলে জন্ডিস হতে পারে।
টাইপ ২ ডায়াবেটিস হওয়ার ঝুঁকি: বাচ্চার ভবিষ্যতে টাইপ ২ ডায়াবেটিসের ঝুঁকি বাড়তে পারে।
করণীয়:

নিয়মিত ব্লাড সুগার পরীক্ষা করুন।
ডাক্তারের পরামর্শ অনুযায়ী একটি সঠিক ডায়েট (Diet) অনুসরণ করুন।
শারীরিক ব্যায়াম করুন, তবে অবশ্যই ডাক্তারের পরামর্শ নিয়ে।
প্রয়োজনে ইনসুলিন (Insulin) বা অন্যান্য ঔষধ সেবন করুন।
আপনার স্বাস্থ্য এবং বাচ্চার স্বাস্থ্যের দিকে বিশেষ নজর রাখুন।
মনে রাখবেন, আপনি একা নন। আপনার যেকোনো প্রয়োজনে আমি আছি। তবে, এই বিষয়ে আরও বিস্তারিত জানার জন্য এবং সঠিক চিকিৎসার জন্য একজন অভিজ্ঞ ডাক্তারের পরামর্শ নেওয়া খুবই জরুরি।

যদি আপনার অন্য কোনো প্রশ্ন থাকে, তাহলে জিজ্ঞাসা করতে দ্বিধা করবেন না। সুস্থ থাকুন, ভালো থাকুন।"
TigerLLM-9B,34,2,Special situations,গর্ভাবস্থায় ডায়াবেটিস কেন হয় বা হলে কি তা বাচ্চার ক্ষতি করতে পারে?,"আসসালামু আলাইকুম। আপনার প্রশ্নটি খুবই গুরুত্বপূর্ণ। গর্ভাবস্থায় ডায়াবেটিস হওয়ার কারণ এবং এটি বাচ্চার জন্য ক্ষতিকর কিনা, সেই বিষয়ে আমি আপনাকে বুঝিয়ে বলছি।

গর্ভাবস্থায় ডায়াবেটিস কেন হয়?

সাধারণত, গর্ভাবস্থায় মহিলাদের শরীরে হরমোনের পরিবর্তন ঘটে। এই হরমোনগুলো ইনসুলিনের কার্যকারিতা কমিয়ে দেয়। ইনসুলিন একটি হরমোন যা ব্লাড সুগার (রক্তে শর্করার) মাত্রা নিয়ন্ত্রণে সাহায্য করে। যখন ইনসুলিন ঠিকমতো কাজ করতে পারে না, তখন ব্লাড সুগারের মাত্রা বেড়ে যেতে পারে, যা ডায়াবেটিস বা গর্ভকালীন ডায়াবেটিস (Gestational Diabetes) নামে পরিচিত।

কিছু কারণ আছে যা এই ঝুঁকি বাড়াতে পারে:

পারিবারিক ইতিহাস: আপনার পরিবারে আগে কেউ গর্ভকালীন ডায়াবেটিসে আক্রান্ত হয়ে থাকলে।
অতিরিক্ত ওজন: গর্ভাবস্থার আগে অতিরিক্ত ওজন থাকলে।
বয়স: সাধারণত ৩০ বছরের বেশি বয়সে এই সমস্যা হওয়ার সম্ভাবনা বেশি।
অন্যান্য স্বাস্থ্য সমস্যা: উচ্চ রক্তচাপ বা পলিসিস্টিক ওভারি সিনড্রোম (PCOS) থাকলে।
বাচ্চার ক্ষতি হতে পারে কিনা?

গর্ভকালীন ডায়াবেটিস আপনার বাচ্চার জন্য কিছু ঝুঁকি তৈরি করতে পারে, তবে সঠিক যত্ন নিলে এই ঝুঁকি কমানো যায়। সম্ভাব্য কিছু ঝুঁকি হলো:

বাচ্চার আকার বড় হওয়া: ব্লাড সুগার বেশি থাকলে বাচ্চা আকারে বড় হতে পারে, যার কারণে নরমাল ডেলিভারি (normal delivery) নাও হতে পারে এবং সিজারিয়ান সেকশনের (cesarean section) প্রয়োজন হতে পারে।
শ্বাসকষ্ট সিন্ড্রোম: বাচ্চার ফুসফুসের স্বাভাবিক বিকাশে সমস্যা হতে পারে।
কম ব্লাড সুগার: জন্মের পর বাচ্চার ব্লাড সুগারের মাত্রা কমে যেতে পারে।
জন্ডিস: বাচ্চার শরীরে বিলিরুবিনের মাত্রা বেড়ে গিয়ে জন্ডিস হতে পারে।
পরবর্তী জীবনে ডায়াবেটিসের ঝুঁকি: বাচ্চার ভবিষ্যতে ডায়াবেটিস হওয়ার সম্ভাবনা বাড়তে পারে।
করণীয়:

নিয়মিত ব্লাড সুগার পরীক্ষা করানো খুব জরুরি। আপনার ডাক্তার আপনাকে একটি সঠিক ডায়েট (diet) পরিকল্পনা এবং ব্যায়ামের পরামর্শ দেবেন।
ইনসুলিনের প্রয়োজন হতে পারে, তবে অনেক ক্ষেত্রে ডায়েট এবং ব্যায়ামের মাধ্যমে ব্লাড সুগার নিয়ন্ত্রণে রাখা সম্ভব।
আপনার স্বাস্থ্যকর্মী (healthcare provider) এর সাথে নিয়মিত যোগাযোগ রাখুন এবং তাদের পরামর্শ অনুযায়ী চলুন।
যদি আপনার কোনো প্রশ্ন থাকে বা আপনি উদ্বিগ্ন হন, তাহলে অবশ্যই একজন ডাক্তারের সাথে পরামর্শ করুন। আপনার সুস্থতা এবং আপনার বাচ্চার সুস্থতা আমার কাছে খুবই গুরুত্বপূর্ণ।

মনে রাখবেন, আমি একটি এআই সহকারী। তাই, এই তথ্য শুধুমাত্র সাধারণ জ্ঞানের জন্য। এটি কোনোভাবেই ডাক্তারি পরামর্শের বিকল্প নয়।"
TigerLLM-9B,35,1,Special situations,"আমার বাবা-মায়ের ডায়াবেটিস আছে, আমার হওয়ার সম্ভাবনা কতটুকু?","জ্বি, আপনার প্রশ্নটি খুবই গুরুত্বপূর্ণ। আপনার বাবা-মায়ের ডায়াবেটিস থাকলে আপনারও এই রোগ হওয়ার ঝুঁকি কিছুটা বেড়ে যায়। তবে এটা নিশ্চিত নয় যে আপনারই হবে। কয়েকটি বিষয় এখানে কাজ করে:

বংশগতি (Genetic predisposition): যেহেতু আপনার বাবা-মায়ের ডায়াবেটিস আছে, তাই আপনি তাদের কাছ থেকে কিছু জিন পেয়েছেন যা আপনাকে ডায়াবেটিসের দিকে ঝুঁকতে সাহায্য করতে পারে।
জীবনযাপন পদ্ধতি (Lifestyle): আপনার খাদ্যাভ্যাস, শারীরিক কার্যকলাপ এবং ওজন - এই বিষয়গুলো ডায়াবেটিস হওয়ার সম্ভাবনাকে প্রভাবিত করে। স্বাস্থ্যকর খাবার খাওয়া এবং নিয়মিত ব্যায়াম করলে ঝুঁকি কমানো যায়।
অন্যান্য কারণ (Other factors): বয়স, জাতিসত্তা এবং অন্যান্য স্বাস্থ্য সমস্যাও এক্ষেত্রে ভূমিকা রাখতে পারে।
আপনার ঝুঁকি কমাতে যা করতে পারেন:

স্বাস্থ্যকর ডায়েট (Healthy diet): মিষ্টি ও শর্করা জাতীয় খাবার কম খান। প্রচুর ফল, সবজি এবং আঁশযুক্ত খাবার গ্রহণ করুন।
নিয়মিত ব্যায়াম (Regular exercise): প্রতিদিন অন্তত ৩০ মিনিটের জন্য হাঁটুন বা অন্য কোনো শারীরিক কার্যকলাপ করুন।
ওজন নিয়ন্ত্রণ (Weight management): অতিরিক্ত ওজন কমাতে চেষ্টা করুন।
নিয়মিত স্বাস্থ্য পরীক্ষা (Regular check-ups): ব্লাড সুগার এবং অন্যান্য স্বাস্থ্য বিষয়ক পরীক্ষা নিয়মিত করান।
যদি আপনার মনে হয় আপনার ডায়াবেটিসের লক্ষণ আছে অথবা আপনি চিন্তিত, তাহলে একজন ডাক্তারের সাথে পরামর্শ করা খুবই জরুরি। তারা আপনার ব্যক্তিগত ঝুঁকির মূল্যায়ন করতে পারবে এবং প্রয়োজনীয় পরামর্শ দিতে পারবে।

মনে রাখবেন, ডায়াবেটিস একটি গুরুতর রোগ, কিন্তু সঠিক যত্ন ও জীবনযাপন পদ্ধতির মাধ্যমে এটি নিয়ন্ত্রণ করা সম্ভব।

যদি আপনার অন্য কোনো প্রশ্ন থাকে, জিজ্ঞাসা করতে দ্বিধা করবেন না।"
TigerLLM-9B,35,2,Special situations,"আমার বাবা-মায়ের ডায়াবেটিস আছে, আমার হওয়ার সম্ভাবনা কতটুকু?","আব্বু-আম্মার ডায়াবেটিস থাকলে আপনারও এই রোগ হওয়ার সম্ভাবনা থাকে। তবে এটা নিশ্চিতভাবে বলা যায় না যে আপনিই হবেন কিনা। এটা নির্ভর করে আরও কিছু বিষয় এর ওপর।

আপনার ঝুঁকির মাত্রা বোঝার জন্য কয়েকটি বিষয় আলোচনা করা যাক:

বংশগতি (Family History): যেহেতু আপনার বাবা-মায়ের ডায়াবেটিস আছে, তাই আপনার জিনগতভাবে এই রোগের ঝুঁকি বেশি। প্রথম শ্রেণির আত্মীয়দের (বাবা-মা, ভাই-বোন) ডায়াবেটিস থাকলে ঝুঁকি আরও বাড়ে।
জীবনযাপন পদ্ধতি (Lifestyle): আপনার খাদ্যাভ্যাস, শারীরিক কার্যকলাপ এবং ওজন কেমন, তার ওপর অনেকটা নির্ভর করে রোগটি হবে কিনা। অস্বাস্থ্যকর খাবার খাওয়া, কম ব্যায়াম করা এবং অতিরিক্ত ওজন ডায়াবেটিসের ঝুঁকি বাড়ায়।
অন্যান্য স্বাস্থ্যগত অবস্থা (Other Health Conditions): উচ্চ রক্তচাপ (High Blood Pressure) বা কোলেস্টেরল (Cholesterol) থাকলে ডায়াবেটিসের ঝুঁকি বাড়তে পারে।
জাতিগত পরিচয় (Ethnicity): যদিও এটা সবার জন্য প্রযোজ্য নয়, তবে কিছু জাতিগোষ্ঠীর মধ্যে ডায়াবেটিসের প্রবণতা বেশি দেখা যায়।
করণীয় কী? (What to do?)

স্বাস্থ্যকর জীবনযাপন (Healthy Lifestyle): স্বাস্থ্যকর খাবার খান, নিয়মিত ব্যায়াম করুন এবং ওজন নিয়ন্ত্রণে রাখুন। মিষ্টি ও তেল জাতীয় খাবার কম খান।
নিয়মিত ব্লাড সুগার পরীক্ষা (Regular Blood Sugar Test): আপনার ব্লাড সুগার (Blood Sugar) নিয়মিত পরীক্ষা করানো উচিত। বিশেষ করে যদি আপনার ঝুঁকি বেশি মনে হয়। ডাক্তারের পরামর্শ অনুযায়ী বছরে একবার বা দুইবার ব্লাড সুগার পরীক্ষা করাতে পারেন।
ডাক্তারের পরামর্শ (Doctor's Advice): একজন ডাক্তারের সাথে কথা বলুন। তিনি আপনার স্বাস্থ্য ইতিহাস এবং অন্যান্য বিষয় বিবেচনা করে আপনাকে সঠিক পরামর্শ দিতে পারবেন।
যদি আপনার কোনো প্রশ্ন থাকে অথবা আপনি চিন্তিত হন, তবে অবশ্যই একজন ডাক্তারের সাথে যোগাযোগ করুন। নিজের শরীরের প্রতি খেয়াল রাখুন এবং সুস্থ থাকুন।

মনে রাখবেন, প্রতিরোধই হলো সেরা উপায়। তাই শুরু থেকেই সতর্ক হলে ডায়াবেটিস হওয়ার ঝুঁকি কমানো যেতে পারে।"
TigerLLM-9B,36,1,Special situations,ডায়াবেটিস হলে কি প্রেগনেন্সিতে কোন সমস্যা হয়?,"আসসালামু আলাইকুম। আপনার প্রশ্নটির জন্য ধন্যবাদ। ডায়াবেটিস (मधुमेह) থাকলে গর্ভাবস্থায় কিছু জটিলতা সৃষ্টি হতে পারে, তবে সঠিক যত্ন ও ব্যবস্থাপনার মাধ্যমে সুস্থ গর্ভাবস্থা সম্ভব।

ডায়াবেটিস এবং গর্ভাবস্থা - এই দুইটি বিষয় একসাথে থাকলে কয়েকটি বিশেষ সমস্যা দেখা দিতে পারে:

জন্মগত ত্রুটি (जन्म दोष): যদি গর্ভাবস্থার প্রথম দিকের সময় ব্লাড সুগার (রক্ত শর্করা) নিয়ন্ত্রণে না থাকে, তাহলে শিশুর জন্মগত ত্রুটি হওয়ার ঝুঁকি বাড়ে। যেমন - হৃদরোগ, মেরুদণ্ডের সমস্যা ইত্যাদি।
অতিরিক্ত ভ্রূণের বৃদ্ধি (বৃহৎ ভ্রূণ): উচ্চ ব্লাড সুগার (রক্ত শর্করা) বেড়ে গেলে শিশু আকারে বড় হতে পারে, যার কারণে ডেলিভারির সময় জটিলতা সৃষ্টি হতে পারে।
** premature জন্ম (অকাল প্রসব):** ডায়াবেটিস (मधुमेह) থাকলে সময়ের আগে প্রসব হওয়ার সম্ভাবনা থাকে।
গর্ভকালীন উচ্চ রক্তচাপ (गर्भकालीन उच्च रक्तचाप): ডায়াবেটিস (मधुमेह) এর কারণে গর্ভকালীন উচ্চ রক্তচাপের ঝুঁকি বাড়ে, যা মা ও শিশু উভয়ের জন্য ক্ষতিকর হতে পারে।
পরিকল্পনা করা গর্ভাবস্থা: ডায়াবেটিস (मधुमेह) থাকলে গর্ভাবস্থার পরিকল্পনা করা খুবই জরুরি। গর্ভাবস্থার আগে ব্লাড সুগার (রক্ত শর্করা) নিয়ন্ত্রণে নিয়ে আসা এবং ডাক্তারের পরামর্শ অনুযায়ী চলা উচিত।
নিয়মিত পর্যবেক্ষণ: গর্ভাবস্থায় ব্লাড সুগার (রক্ত শর্করা)-এর মাত্রা নিয়মিতভাবে পরীক্ষা করতে হবে এবং ডাক্তারের পরামর্শ অনুযায়ী ইনসুলিন (ইনসুলিন) বা ওষুধের ডোজ সমন্বয় করতে হতে পারে।
সুষম ডায়েট (পুষ্টিকর খাদ্য): ডাক্তার বা পুষ্টিবিদের পরামর্শ অনুযায়ী সুষম খাবার গ্রহণ করতে হবে।
শারীরিক কার্যকলাপ: হালকা ব্যায়াম ও শারীরিক কার্যকলাপ ব্লাড সুগার (রক্ত শর্করা) নিয়ন্ত্রণে সাহায্য করে। তবে অবশ্যই ডাক্তারের পরামর্শ নিয়ে ব্যায়াম করতে হবে।
আপনার যদি ডায়াবেটিস (मधुमेह) থাকে এবং আপনি গর্ভবতী হওয়ার পরিকল্পনা করছেন, তাহলে একজন অভিজ্ঞ এন্ডোক্রিনোলজিস্ট (endocrinologist) এবং গাইনিকোলজিস্টের (gynecologist) সাথে যোগাযোগ করে বিস্তারিত আলোচনা করুন।

মনে রাখবেন, আপনার স্বাস্থ্য আপনার কাছে সবচেয়ে মূল্যবান। কোনো ঝুঁকি না নিয়ে ডাক্তারের পরামর্শ নিন। সুস্থ থাকুন, ভালো থাকুন।

যদি আপনার অন্য কোনো প্রশ্ন থাকে, জিজ্ঞাসা করতে দ্বিধা করবেন না।"
TigerLLM-9B,36,2,Special situations,ডায়াবেটিস হলে কি প্রেগনেন্সিতে কোন সমস্যা হয়?,"আসসালামু আলাইকুম। আপনার প্রশ্নটির জন্য ধন্যবাদ। ডায়াবেটিস (मधुमेह) থাকলে গর্ভাবস্থায় কিছু জটিলতা সৃষ্টি হতে পারে, তবে সঠিক যত্ন ও ব্যবস্থাপনার মাধ্যমে সুস্থ গর্ভাবস্থা সম্ভব।

ডায়াবেটিস এবং গর্ভাবস্থা - এই দুইটি বিষয় একসাথে থাকলে কয়েকটি বিশেষ সমস্যা দেখা দিতে পারে:

জন্মগত ত্রুটি (जन्म दोष): যদি গর্ভাবস্থার প্রথম দিকের সময় ব্লাড সুগার (রক্ত শর্করা) নিয়ন্ত্রণে না থাকে, তাহলে শিশুর জন্মগত ত্রুটি হওয়ার ঝুঁকি বাড়ে। যেমন - হৃদরোগ, মেরুদণ্ডের সমস্যা ইত্যাদি।
অতিরিক্ত ভ্রূণের বৃদ্ধি (বৃহৎ ভ্রূণ): উচ্চ ব্লাড সুগার (রক্ত শর্করা) বেড়ে গেলে শিশু আকারে বড় হতে পারে, যার কারণে ডেলিভারির সময় জটিলতা সৃষ্টি হতে পারে।
** premature জন্ম (অকাল প্রসব):** ডায়াবেটিস (मधुमेह) থাকলে সময়ের আগে প্রসব হওয়ার সম্ভাবনা থাকে।
গর্ভকালীন উচ্চ রক্তচাপ (गर्भकालीन उच्च रक्तचाप): ডায়াবেটিস (मधुमेह) এর কারণে গর্ভকালীন উচ্চ রক্তচাপের ঝুঁকি বাড়ে, যা মা ও শিশু উভয়ের জন্য ক্ষতিকর হতে পারে।
পreeclampsia ( প্রি-এক্লাম্পসিয়া): এটি একটি গুরুতর অবস্থা যেখানে উচ্চ রক্তচাপ এবং প্রস্রাবে প্রোটিন দেখা যায়।
করণীয়:

পরিকল্পনা করা গর্ভাবস্থা: ডায়াবেটিস (मधुमेह) থাকলে গর্ভাবস্থার পরিকল্পনা করা খুবই জরুরি। গর্ভাবস্থার আগে ব্লাড সুগার (রক্ত শর্করা) নিয়ন্ত্রণে নিয়ে আসা এবং ডাক্তারের পরামর্শ অনুযায়ী চলা উচিত।
নিয়মিত পর্যবেক্ষণ: গর্ভাবস্থায় ব্লাড সুগার (রক্ত শর্করা)-এর মাত্রা নিয়মিতভাবে পরীক্ষা করতে হবে এবং ডাক্তারের পরামর্শ অনুযায়ী ইনসুলিন (ইনসুলিন) বা ওষুধের ডোজ সমন্বয় করতে হতে পারে।
সুষম ডায়েট (পুষ্টিকর খাদ্য): ডাক্তার বা পুষ্টিবিদের পরামর্শ অনুযায়ী সুষম খাবার গ্রহণ করতে হবে।
শারীরিক কার্যকলাপ: হালকা ব্যায়াম ও শারীরিক কার্যকলাপ ব্লাড সুগার (রক্ত শর্করা) নিয়ন্ত্রণে সাহায্য করে। তবে অবশ্যই ডাক্তারের পরামর্শ নিয়ে ব্যায়াম করতে হবে।
আপনার যদি ডায়াবেটিস (मधुमेह) থাকে এবং আপনি গর্ভবতী হওয়ার পরিকল্পনা করছেন অথবা গর্ভবতী, তাহলে একজন অভিজ্ঞ এন্ডোক্রিনোলজিস্ট (endocrinologist) এবং গাইনিকোলজিস্টের (gynecologist) সাথে যোগাযোগ করে বিস্তারিত আলোচনা করুন। তাঁরা আপনার শারীরিক অবস্থা অনুযায়ী সঠিক পরামর্শ দিতে পারবেন।

মনে রাখবেন, আপনার স্বাস্থ্য আপনার কাছে সবচেয়ে মূল্যবান। কোনো ঝুঁকি না নিয়ে ডাক্তারের পরামর্শ নিন। সুস্থ থাকুন, ভালো থাকুন।"
TigerLLM-9B,37,1,Special situations,ডায়াবেটিস কি বংশগত জটিলতা?,"আসসালামু আলাইকুম। আপনার প্রশ্নটির জন্য ধন্যবাদ।

ডায়াবেটিস (Diabetes) একটি জটিল রোগ এবং এর পেছনে বংশগতির একটা বড় ভূমিকা আছে। হ্যাঁ, এটা বংশগত হতে পারে। যদি আপনার পরিবারের সদস্যদের মধ্যে কেউ - বাবা, মা, ভাই, বোন বা দাদা-দাদী, নানা-নানী - কারো ডায়াবেটিস থাকে, তাহলে আপনারও এই রোগ হওয়ার ঝুঁকি বেড়ে যায়।

তবে শুধু বংশগতিই একমাত্র কারণ নয়। লাইফস্টাইল (lifestyle) বা জীবনযাপন পদ্ধতিও এক্ষেত্রে খুব গুরুত্বপূর্ণ। অস্বাস্থ্যকর খাদ্যাভ্যাস, শারীরিক পরিশ্রমের অভাব, অতিরিক্ত ওজন এবং ধূমপান-মশরাকের কারণে ডায়াবেটিসের ঝুঁকি আরও বাড়তে পারে।

বিষয়টা ভালোভাবে বোঝার জন্য আপনাকে কয়েকটি বিষয় জানতে হবে:

আপনার পরিবারের কার/কারো ডায়াবেটিস আছে?
আপনার নিজের স্বাস্থ্য কেমন? আপনি কি অতিরিক্ত ওজনের সমস্যায় ভুগছেন?
আপনার খাদ্যাভ্যাস এবং জীবনযাপন পদ্ধতি কেমন?
এই তথ্যগুলো জানা থাকলে আমি আপনাকে আরও ভালোভাবে পরামর্শ দিতে পারবো।

মনে রাখবেন, ডায়াবেটিস রোগটি নিয়ন্ত্রণ করা সম্ভব। সঠিক ডায়েট (diet), নিয়মিত ব্যায়াম এবং ডাক্তারের পরামর্শ অনুযায়ী ওষুধ সেবন করলে আপনি সুস্থ থাকতে পারেন।

যদি আপনার মনে কোনো প্রশ্ন থাকে বা আপনি চিন্তিত হন, তাহলে অবশ্যই একজন অভিজ্ঞ ডাক্তারের সাথে পরামর্শ করুন। দ্রুত রোগ নির্ণয় এবং সঠিক চিকিৎসার জন্য ডাক্তারের পরামর্শ নেওয়া খুবই জরুরি।

ভালো থাকবেন। আল্লাহ আপনার সহায় হোন।"
TigerLLM-9B,37,2,Special situations,ডায়াবেটিস কি বংশগত জটিলতা?,"আসসালামু আলাইকুম। আপনার প্রশ্নটির জন্য ধন্যবাদ।

ডায়াবেটিস (Diabetes) একটি জটিল রোগ, এবং এর কারণ বহুবিধ। আপনি জানতে চেয়েছেন এটি কি বংশগত জটিলতা - হ্যাঁ, ডায়াবেটিসের ক্ষেত্রে বংশগত প্রভাব একেবারে উড়িয়ে দেওয়া যায় না। যদি আপনার পরিবারের সদস্যদের মধ্যে আগে থেকেই ডায়াবেটিস থাকে (বাবা, মা, ভাই, বোন), তাহলে আপনারও এই রোগ হওয়ার ঝুঁকি তুলনামূলকভাবে বেশি।

তবে শুধু বংশগতিই একমাত্র কারণ নয়। জীবনযাপন পদ্ধতি, খাদ্যাভ্যাস, শারীরিক কার্যকলাপ এবং অন্যান্য স্বাস্থ্যগত বিষয়গুলোও এক্ষেত্রে গুরুত্বপূর্ণ ভূমিকা পালন করে।

বিষয়টি আরেকটু বুঝিয়ে বলি:

বংশগত প্রভাব (Genetic predisposition): আপনার জিনগত গঠন আপনার শরীরের ইনসুলিন (insulin) ব্যবহারের ক্ষমতাকে প্রভাবিত করতে পারে। ইনসুলিন হলো একটি হরমোন যা ব্লাড সুগার (blood sugar)-কে কোষের মধ্যে প্রবেশ করিয়ে শক্তি উৎপন্ন করতে সাহায্য করে।
জীবনযাপন পদ্ধতি (Lifestyle): অস্বাস্থ্যকর খাবার গ্রহণ, যেমন অতিরিক্ত চিনি ও ফ্যাটযুক্ত খাবার খাওয়া, এবং শারীরিক পরিশ্রম কম করা - এগুলো ডায়াবেটিসের ঝুঁকি বাড়ায়।
অন্যান্য কারণ (Other factors): বয়স বৃদ্ধি, ওজন বেশি থাকা, উচ্চ রক্তচাপ (high blood pressure) এবং গর্ভাবস্থায় ডায়াবেটিস হওয়া - এই বিষয়গুলোও ডায়াবেটিসের ঝুঁকি বাড়াতে পারে।
সুতরাং, আপনার পরিবারে ডায়াবেটিসের ইতিহাস থাকলেও হতাশ হওয়ার কিছু নেই। স্বাস্থ্যকর জীবনযাপন practices অনুসরণ করে আপনি ঝুঁকি কমাতে পারেন। নিয়মিত ব্লাড সুগার (blood sugar) পরীক্ষা করানো এবং ডাক্তারের পরামর্শ মেনে চলা খুবই জরুরি।

যদি আপনার মনে কোনো প্রশ্ন থাকে অথবা আপনি উদ্বিগ্ন হন, তাহলে অবশ্যই একজন ডাক্তারের সাথে পরামর্শ করুন। আপনার এলাকার নিকটস্থ স্বাস্থ্যকেন্দ্রে যোগাযোগ করতে পারেন।

ভালো থাকবেন।"
TigerLLM-9B,38,1,Special situations,ডায়াবেটিস হলে কি আমি স্বাভাবিক জীবন যাপন করতে পারব?,"আসসালামু আলাইকুম। আপনার প্রশ্নটি খুবই গুরুত্বপূর্ণ। ডায়াবেটিস (मधुमेह) রোগ হয়েছে জেনে আপনি নিশ্চয়ই চিন্তিত। তবে আমি আপনাকে আশ্বস্ত করতে চাই, সঠিক যত্ন ও ব্যবস্থাপনার মাধ্যমে ডায়াবেটিস রোগীদেরও একটি স্বাভাবিক জীবনযাপন করা সম্ভব।

বিষয়টা কিভাবে করবেন, তা কয়েকটি বিষয় এর উপর নির্ভর করে:

ডায়াবেটিসের ধরন: আপনার টাইপ ১ নাকি টাইপ ২ ডায়াবেটিস (Type 1 বা Type 2)। টাইপ ১ ডায়াবেটিসে ইনসুলিন (ইনসুলিন) নেবার প্রয়োজন হয়, যেখানে টাইপ ২ ডায়াবেটিসে খাদ্যাভ্যাস ও ব্যায়ামের মাধ্যমে ব্লাড সুগার (রক্তে শর্করার পরিমাণ) নিয়ন্ত্রণে রাখা যায়।
আপনার বয়স এবং সামগ্রিক স্বাস্থ্য: আপনার বয়স ও অন্যান্য শারীরিক অবস্থা কেমন, তার উপর নির্ভর করে চিকিৎসার পদ্ধতি ভিন্ন হতে পারে।
জীবনযাত্রার পরিবর্তন: কিছু পরিবর্তন আনতে হবে, যেমন - স্বাস্থ্যকর খাবার গ্রহণ, নিয়মিত ব্যায়াম করা এবং ধূমপান পরিহার করা।
ডায়াবেটিস নিয়ন্ত্রণে রাখতে আপনাকে যা করতে হবে:

১.  নিয়মিত ব্লাড সুগার পরীক্ষা: প্রতিদিন আপনার ব্লাড সুগার (রক্তে শর্করার পরিমাণ) মাপুন এবং একটি ডায়েরিতে লিখে রাখুন। এটি আপনার ডাক্তারকে সঠিক পরামর্শ দিতে সাহায্য করবে।
২.  সুষম খাদ্য গ্রহণ: একজন পুষ্টিবিদের (পুষ্টিবিদ) সাথে কথা বলে আপনার জন্য উপযুক্ত ডায়েট (ডায়েট) প্ল্যান তৈরি করুন। মিষ্টি ও শর্করা জাতীয় খাবার কম খান। ফল, সবজি এবং প্রোটিন খাবারের তালিকায় যোগ করুন।
৩.  নিয়মিত ব্যায়াম: প্রতিদিন অন্তত ৩০ মিনিটের জন্য হাঁটাচলা বা হালকা ব্যায়াম করুন।
৪.  ওজন নিয়ন্ত্রণ: অতিরিক্ত ওজন কমাতে চেষ্টা করুন।
৫.  মানসিক স্বাস্থ্য: মানসিক চাপ (মানসিক চাপ) নিয়ন্ত্রণে রাখুন। যোগা (যোগা) বা মেডিটেশন (মেডিটেশন) করতে পারেন।
৬.  নিয়মিত ডাক্তারের পরামর্শ: আপনার ডায়াবেটিস বিশেষজ্ঞের (ডায়াবেটিস বিশেষজ্ঞ) সাথে নিয়মিত যোগাযোগ রাখুন এবং তাঁর পরামর্শ অনুযায়ী চলুন।

আমি আপনাকে আবারও বলছি, ডায়াবেটিস একটি গুরুতর রোগ, তবে সঠিক যত্নের মাধ্যমে আপনি একটি সুন্দর ও স্বাভাবিক জীবনযাপন করতে পারবেন। কোনো কারণে আপনি খুব বেশি চিন্তিত হলে বা আপনার শারীরিক অবস্থার অবনতি হলে, দ্রুত ডাক্তারের পরামর্শ নিন।

আপনার আর কিছু জানার থাকলে জিজ্ঞাসা করতে পারেন। সুস্থ থাকুন!"
TigerLLM-9B,38,2,Special situations,ডায়াবেটিস হলে কি আমি স্বাভাবিক জীবন যাপন করতে পারব?,"আসসালামু আলাইকুম। আপনার প্রশ্নটি খুবই গুরুত্বপূর্ণ। ডায়াবেটিস (मधुमेह) রোগ থাকলে স্বাভাবিক জীবনযাপন করা অবশ্যই সম্ভব। তবে এর জন্য কিছু বিষয়ে ശ്രദ്ധ রাখতে হবে।

আমি আপনাকে কয়েকটি বিষয় বুঝিয়ে বলছি:

নিয়মিত চিকিৎসা: सबसे पहले, আপনার ব্লাড সুগার (রক্তে শর্করার মাত্রা) নিয়মিত পরীক্ষা করতে হবে এবং ডাক্তারের পরামর্শ অনুযায়ী ইনসুলিন (ইনসুলিন) বা ঔষধ সেবন করতে হবে।
সুষম খাদ্য: একটি স্বাস্থ্যকর ডায়েট (খাদ্য তালিকা) অনুসরণ করা খুব জরুরি। অতিরিক্ত মিষ্টি ও ভাজা খাবার পরিহার করে ফল, সবজি, শস্য এবং প্রোটিন খাবারের তালিকায় যোগ করুন। একজন পুষ্টিবিদের (পুষ্টিবিদ) পরামর্শ নিতে পারেন।
শারীরিক কার্যকলাপ: প্রতিদিন হালকা ব্যায়াম বা হাঁটাচলা করা আপনার ব্লাড সুগার নিয়ন্ত্রণে সাহায্য করবে। তবে কোনো কঠিন ব্যায়াম শুরু করার আগে ডাক্তারের পরামর্শ নিন।
মানসিক স্বাস্থ্য: ডায়াবেটিস একটি দীর্ঘমেয়াদী রোগ, তাই মানসিক চাপ (মানসিক চাপ) মোকাবেলা করা গুরুত্বপূর্ণ। প্রয়োজন হলে একজন মনোবিদের (মনোবিজ্ঞানী) সাথে কথা বলতে পারেন।
নিয়মিত চেকআপ: বছরে অন্তত একবার চক্ষু বিশেষজ্ঞ (চোখের ডাক্তার), কিডনি বিশেষজ্ঞ (বৃক্কের ডাক্তার) এবং অন্যান্য প্রয়োজনীয় ডাক্তারের কাছে স্বাস্থ্য পরীক্ষা করানো উচিত।
ডায়াবেটিস রোগটি নিয়ন্ত্রণে রাখতে পারলে আপনি স্বাভাবিক জীবনযাপন করতে পারবেন - কাজ করতে পারবেন, পরিবার ও বন্ধুদের সাথে সময় কাটাতে পারবেন এবং আপনার পছন্দের কাজগুলো করতে পারবেন।

তবে, মনে রাখবেন, আমি একজন ভার্চুয়াল সহকারী (ভার্চুয়াল সহকারী) মাত্র। আপনার শারীরিক অবস্থা সম্পর্কে বিস্তারিত জানার জন্য এবং সঠিক চিকিৎসার জন্য একজন অভিজ্ঞ ডাক্তারের পরামর্শ নেওয়া অপরিহার্য। কোনো জটিলতা দেখা দিলে বা অন্য কোনো প্রশ্ন থাকলে অবশ্যই ডাক্তারের সাথে যোগাযোগ করুন।

আপনার সুস্বাস্থ্য কামনা করি। আর কিছু জানার আছে কি?"
TigerLLM-9B,39,1,Special situations,ডায়াবেটিস কি কোনোদিনও ভালো হয় না?,"আসসালামু আলাইকুম। আপনার প্রশ্নটি খুবই গুরুত্বপূর্ণ।

ডায়াবেটিস (मधुमेह) একটি দীর্ঘস্থায়ী রোগ, এবং বর্তমানে পর্যন্ত এটা সম্পূর্ণরূপে নিরাময় করা যায়নি। তবে, এর মানে এই নয় যে জীবনযাপন করা কঠিন। সঠিক যত্ন ও চিকিৎসার মাধ্যমে ব্লাড সুগার (রক্তে শর্করার মাত্রা) নিয়ন্ত্রণে রাখা সম্ভব, এবং সুস্থ জীবনযাপন করা যেতে পারে।

বিষয়টি ভালোভাবে বোঝার জন্য আপনাকে কিছু জিনিস জানতে হবে:

টাইপ ১ ডায়াবেটিস: এটি সাধারণত ছোট বয়সে হয় এবং এখানে শরীর ইনসুলিন তৈরি করতেই পারে না। এর জন্য ইনসুলিন ইনজেকশন বা পাম্পের মাধ্যমে শরীরে নিতে হয়।
টাইপ ২ ডায়াবেটিস: এটি বয়স্কদের মধ্যে বেশি দেখা যায়, তবে আজকাল অল্প বয়সীদের মধ্যেও হচ্ছে। এক্ষেত্রে শরীর হয়তো ইনসুলিন তৈরি করে, কিন্তু সেটি যথেষ্ট নয় অথবা শরীরের কোষগুলো ইনসুলিনের প্রতি সংবেদনশীল থাকে না। ডায়েট (খাবার), ব্যায়াম এবং ওষুধের মাধ্যমে এটি নিয়ন্ত্রণ করা যায়।
ডায়াবেটিস নিয়ন্ত্রণে রাখতে পারলে জটিলতাগুলো এড়ানো যায়, যেমন - হৃদরোগ, কিডনি রোগ, অন্ধত্ব ইত্যাদি।

আমি আপনাকে পরামর্শ দিচ্ছি, আপনার ব্লাড সুগার নিয়মিত পরীক্ষা করুন এবং ডাক্তারের সাথে যোগাযোগ রাখুন। তিনি আপনার শারীরিক অবস্থা অনুযায়ী সঠিক চিকিৎসা এবং ডায়েট প্ল্যান (খাবার তালিকা) দিতে পারবেন।

যদি আপনার অন্য কোনো প্রশ্ন থাকে, তবে জিজ্ঞাসা করতে দ্বিধা করবেন না। আপনার সুস্থ জীবনযাপন আমার কাম্য।

মনে রাখবেন, আমি একটি এআই সহকারী। যেকোনো গুরুতর স্বাস্থ্য সমস্যার জন্য সরাসরি একজন ডাক্তারের পরামর্শ নেওয়া জরুরি।

ধন্যবাদ।"
TigerLLM-9B,39,2,Special situations,ডায়াবেটিস কি কোনোদিনও ভালো হয় না?,"আসসালামু আলাইকুম। আপনার উদ্বেগের জন্য ধন্যবাদ।

ডায়াবেটিস (Diabetes) নিয়ে আপনার প্রশ্নটি খুবই গুরুত্বপূর্ণ। আপনি জানতে চেয়েছেন ডায়াবেটিস কি কোনোদিনও ভালো হয় না?

देखिए, ডায়াবেটিস একটি দীর্ঘমেয়াদী রোগ। এর মানে হলো এটি সহজে সারানো যায় না। তবে, এটা এমন নয় যে ডায়াবেটিস একেবারে ভালোই হবে না। সঠিক যত্ন ও চিকিৎসার মাধ্যমে ব্লাড সুগার (Blood Sugar) নিয়ন্ত্রণে রাখা সম্ভব।

নিয়মিত ঔষধ সেবন, স্বাস্থ্যকর ডায়েট (Diet), এবং জীবনযাত্রার পরিবর্তন - এই তিনটি জিনিস মেনে চললে ইনসুলিনের (Insulin) অভাব পূরণ করা যায় এবং জটিলতাগুলো কমানো যায়। অনেক সময়, লাইফস্টাইল পরিবর্তনের মাধ্যমে শুধু ডায়েট ও ব্যায়ামের মাধ্যমেই ব্লাড সুগার নিয়ন্ত্রণ করা সম্ভব হয়, সেক্ষেত্রে ওষুধের প্রয়োজন নাও হতে পারে।

তবে, কিছু ক্ষেত্রে ইনসুলিন ইনজেকশন বা অন্যান্য ওষুধের প্রয়োজন হতে পারে।

গুরুত্বপূর্ণ বিষয় হলো:

নিয়মিত আপনার ডাক্তারের পরামর্শ নিন।
ব্লাড সুগারের মাত্রা নিয়মিত পরীক্ষা করুন।
ডাক্তার님이 দেওয়া খাদ্যতালিকা (Food List) অনুসরণ করুন।
শারীরিক ব্যায়াম করুন।
মানসিক চাপ কমানোর চেষ্টা করুন।
মনে রাখবেন, ডায়াবেটিস নিয়ন্ত্রণে থাকলে আপনি একটি সুস্থ জীবনযাপন করতে পারবেন।

যদি আপনার অন্য কোনো প্রশ্ন থাকে, তবে জিজ্ঞাসা করতে দ্বিধা করবেন না। আপনার সুস্বাস্থ্য কামনা করি। আল্লাহ আপনাকে সুস্থ রাখুন।

[Disclaimer: আমি একজন ভার্চুয়াল সহকারী। আমার পরামর্শ যেনো ডাক্তারের বিকল্প হিসেবে বিবেচিত না হয়। যেকোনো স্বাস্থ্য বিষয়ক উদ্বেগের জন্য অবশ্যই একজন qualified ডাক্তারের পরামর্শ নিন।]"
TigerLLM-9B,40,1,Special situations,ডায়াবেটিস রোগীর জন্য রমজান মাসে ডায়েট চার্ট কেমন হবে?,"আসসালামু আলাইকুম। রমজান মাসে ডায়াবেটিস রোগীদের জন্য খাদ্য পরিকল্পনা (ডায়েট চার্ট) একটি গুরুত্বপূর্ণ বিষয়। যেহেতু আপনি ডায়াবেটিসের রোগী, তাই আপনার জন্য কিছু বিশেষ পরামর্শ দিচ্ছি। তবে মনে রাখবেন, এটা সাধারণ গাইডলাইন। আপনার শারীরিক অবস্থা ও ওষুধের মাত্রা অনুযায়ী একজন ডাক্তারের পরামর্শ নেওয়া সবচেয়ে ভালো।

রমজান মাসে ডায়াজবেটিস রোগীদের জন্য খাদ্য পরিকল্পনা:

১. সেহরি (Sahri):

সময়: সূর্যোদয়ের কাছাকাছি সময়ে সেহরি করুন। তাড়াহুড়ো না করে ধীরে সুস্থে খান।
খাবার:
জটিল শর্করা (Complex Carbohydrate): রুটি (আটা বা লাল আটার), ওটস, সবজি দিয়ে তৈরি পরোটা অথবা ভাত অল্প পরিমাণে খেতে পারেন। এগুলো ধীরে ধীরে হজম হয় এবং ব্লাড সুগার নিয়ন্ত্রণে রাখতে সাহায্য করে।
প্রোটিন: ডিম, বাদাম, বীজ (যেমন কুমড়োর বিচি, তিলের বীজ) সেহরিতে অন্তর্ভুক্ত করুন। এগুলো দীর্ঘক্ষণ পেট ভরা রাখে।
ফাইবার: প্রচুর পরিমাণে সবজি (যেমন পালং শাক, লাউ, বেগুন) এবং ফল (যেমন পেয়ারা, আপেল - তবে মিষ্টি কম আছে এমন) খান।
স্বাস্থ্যকর ফ্যাট: অল্প পরিমাণে বাদাম বা বীজ থেকে পাওয়া ফ্যাট আপনার জন্য উপকারী।
পানীয়: পর্যাপ্ত পরিমাণে জল পান করুন। ডাবের জল বা চিনি ছাড়া লেবু জলও খেতে পারেন।
২. ইফতার (Iftar):

সময়: সূর্যাস্তের সাথে সাথেই ইফতার করুন।
খাবার:
খেজুর: ২-৩টি খেজুর খেতে পারেন, তবে বেশি নয়। কারণ এতে শর্করার পরিমাণ থাকে।
ফল: মিষ্টি কম আছে এমন ফল (যেমন পেয়ারা, তরমুজ) খেতে পারেন।
প্রোটিন: ছোলা বা মুগ ডাল সেদ্ধ অথবা ডিম সেদ্ধ ইফতারের সাথে রাখতে পারেন।
সবজি: শসা, গাজর, টমেটো ইত্যাদি খান।
পরিমিত খাবার: অতিরিক্ত তেল-মশলাযুক্ত খাবার এড়িয়ে চলুন। ভাজাভুজি ও মিষ্টি জাতীয় খাবার (যেমন রসগোল্লা, সন্দেশ) একদমই খাবেন না।
পানীয়: চিনি ছাড়া লেবু জল বা ডাবের জল পান করুন।
৩. রাতের খাবার (Rater Khabar):

সময়: ইফতারের ৩-৪ ঘণ্টা পর রাতের খাবার খান।
খাবার:
হালকা খাবার: সবজি, মাছ অথবা মাংসের ঝোল, এবং অল্প ভাত/রুটি খেতে পারেন।
ডাল: মুগ বা মসুর ডাল খেতে পারেন।
মিষ্টি এড়িয়ে চলুন: মিষ্টি জাতীয় খাবার সম্পূর্ণভাবে বাদ দিন।
কিছু অতিরিক্ত পরামর্শ:

ব্লাড সুগার নিয়মিত পরীক্ষা করুন: সেহরি ও ইফতারের আগে এবং রাতের খাবারের পরে ব্লাড সুগার (রক্তে শর্করার পরিমাণ) পরীক্ষা করুন।
ইনসুলিন/ওষুধ: আপনার ডাক্তার আপনাকে যে ইনসুলিন বা ওষুধ দিয়েছেন, তা ঠিকমতো নিন। রমজানে ওষুধের মাত্রা পরিবর্তনের প্রয়োজন হতে পারে, তাই ডাক্তারের পরামর্শ নিন।
ব্যায়াম: হালকা ব্যায়াম করতে পারেন, তবে রোজা রেখে ভারী ব্যায়াম করা উচিত নয়।
পর্যাপ্ত ঘুম: প্রতিদিন ৬-৮ ঘণ্টা ঘুমানো জরুরি।
গুরুত্বপূর্ণ সতর্কতা:

যদি আপনি কোনো জটিলতা অনুভব করেন (যেমন দুর্বলতা, মাথা ঘোরা, অতিরিক্ত তৃষ্ণা), তাহলে দ্রুত ডাক্তারের সাথে যোগাযোগ করুন।
এই পরামর্শগুলো শুধুমাত্র সাধারণ তথ্যের জন্য। আপনার ব্যক্তিগত স্বাস্থ্য পরিস্থিতির জন্য একজন অভিজ্ঞ ডাক্তারের পরামর্শ নেওয়া অত্যাবশ্যক।
আপনার সুস্বাস্থ্য কামনা করি। আল্লাহ আপনাকে সুস্থ রাখুন। আর কোনো প্রশ্ন থাকলে জিজ্ঞাসা করতে পারেন।"
TigerLLM-9B,40,2,Special situations,ডায়াবেটিস রোগীর জন্য রমজান মাসে ডায়েট চার্ট কেমন হবে?,"আসসালামু আলাইকুম। রমজান মাসে ডায়াবেটিস রোগীদের জন্য খাদ্য তালিকা (ডায়েট চার্ট) নিয়ে আপনার প্রশ্নটির জন্য ধন্যবাদ। আমি বুঝতে পারছি আপনি এই বিষয়ে জানতে আগ্রহী। রমজান মাসে রোজা রাখা অবস্থায় ব্লাড সুগার নিয়ন্ত্রণে রাখাটা খুবই গুরুত্বপূর্ণ, তাই একটি সঠিক ডায়েট প্ল্যান অনুসরণ করা দরকার।

তবে মনে রাখবেন, আমি একজন এআই সহকারী। আপনার ব্যক্তিগত স্বাস্থ্য পরিস্থিতি বিবেচনা করে একজন ডাক্তার বা ডায়েটিশিয়ান আপনাকে সবচেয়ে ভালো পরামর্শ দিতে পারবেন। এই যে আমি বলছি, এগুলো সাধারণ নির্দেশিকা মাত্র।

রমজান মাসে ডায়াবেটিস রোগীদের জন্য একটি সম্ভাব্য খাদ্য তালিকা নিচে দেওয়া হলো:

ইফতার (iftar):

খেজুর (khajur): ৩-৪টি (ব্লাড সুগার ধীরে ধীরে বাড়াতে সাহায্য করে)
প্রোটিন: ডিম সেদ্ধ ১টি অথবা বাদাম (যেমন কাঠবাদাম, চীনাবাদাম) ৫-৬টি।
সবজি: শসা, গাজর, টমেটো ইত্যাদি।
স্যুপ: সবজির স্যুপ বা চিকেন স্যুপ (কম তেল দিয়ে তৈরি)।
ফল: মিষ্টি ফল পরিহার করে অন্য ফল (যেমন পেঁপে, তরমুজ) অল্প পরিমাণে খেতে পারেন।
ইফতারের খাবার: ভাজাভুজি বা অতিরিক্ত মিষ্টি খাবার এড়িয়ে চলুন। বরং সেদ্ধ খাবার অথবা হালকা খাবার বেছে নিন। যেমন - গ্রিলড চিকেন/মাছ অথবা সবজির সাথে রুটি।
মহরি (muhrat/pre-dawn meal):

জটিল শর্করা (complex carbohydrate): ওটস, আটার রুটি, বা ব্রাউন রাইস।
প্রোটিন: ডিম, চিকেন, মাছ অথবা ডাল।
সবজি: প্রচুর পরিমাণে সবুজ শাকসবজি (যেমন পালং, লাউ শাক)।
দুধ/দই: চিনি ছাড়া দুধ অথবা দই।
সেহরি (sehri):

মহরির মতোই খাবার গ্রহণ করুন। তবে রাতের খাবারের চেয়ে সেহরিতে একটু বেশি প্রোটিন রাখার চেষ্টা করুন।
ব্লাড সুগার নিয়ন্ত্রণে রাখার জন্য ধীরে ধীরে হজম হয় এমন খাবার বেছে নিন।
কিছু অতিরিক্ত পরামর্শ:

নিয়মিত ব্লাড সুগার পরীক্ষা: রোজা রাখার সময় আপনার ব্লাড সুগার নিয়মিতভাবে পরীক্ষা করা খুব জরুরি।
পর্যাপ্ত জল পান: রোজা রাখার সময় শরীরকে ডিহাইড্রেশন থেকে বাঁচাতে প্রচুর পরিমাণে জল পান করুন।
শারীরিক কার্যকলাপ: হালকা ব্যায়াম অথবা হাঁটাচলা করতে পারেন, তবে অতিরিক্ত শারীরিক পরিশ্রম এড়িয়ে চলুন।
মিষ্টি খাবার পরিহার: মিষ্টি খাবার ও পানীয় সম্পূর্ণভাবে ত্যাগ করুন।
ডাক্তারের পরামর্শ: আপনার ডাক্তারের সাথে কথা বলে আপনার জন্য উপযুক্ত ডায়েট প্ল্যান তৈরি করুন এবং ইনসুলিন বা ওষুধের ডোজ সম্পর্কে জেনে নিন।
যদি আপনি কোনো জটিলতা অনুভব করেন, যেমন - দুর্বলতা, মাথা ঘোরা, অতিরিক্ত পিপাসা অথবা ব্লাড সুগার খুব বেশি কমে যায়, তাহলে দ্রুত ডাক্তারের পরামর্শ নিন। নিজের ইচ্ছামতো ওষুধ পরিবর্তন করবেন না।

আপনার সুস্থ জীবন কামনা করি। আর কিছু জানার থাকলে জিজ্ঞাসা করতে পারেন। আল্লাহ হাফেজ।"
Qwen3.6-35B-A3B,1,1,Dietary,ডায়াবেটিস হলে কি আমি দিনে তিন বেলা ভাত খেতে পারব নাকি ভাতের বদলে রুটি খাওয়া যাবে?,"হ্যাঁ, ডায়াবেটিস থাকলেও আপনি দিনে তিন বেলা ভাত খেতে পারবেন। তবে এখানে কিছু গুরুত্বপূর্ণ বিষয় মাথায় রাখা জরুরি:
১. ভাতের পরিমাণ নিয়ন্ত্রণ: ভাত খাওয়ার সময় খেয়াল রাখবেন যেন আপনার প্লেটে ভাতের পরিমাণ খুব বেশি না হয়। সাধারণত এক বেলার খাবারে ভাতের পরিমাণ আঙুলের তিনটি আঙুলের সমান (হাতের মুঠোর সমান) রাখা ভালো।

২. রুটি খাওয়া সম্ভব: আপনি চাইলে ভাতের বদলে রুটি খেতে পারেন, বিশেষ করে যদি আপনি মাল্টিগ্রেন রুটি বা ওটসের রুটি খান। সাধারণ সাদা ময়দার রুটি (Refined Flour/White Flour) খাওয়া থেকে বিরত থাকা উচিত, কারণ এটি দ্রুত ব্লাড সুগার বাড়িয়ে দিতে পারে।

৩. ভাতের ধরন: সাদা ভাতের চেয়ে কাঁচা ভাত বা মিশ্র ধানের ভাত (যেমন: ব্রাউন রাইস, বা জোয়ার-বাঁশের ভাত) খাওয়া ডায়াবেটিস রোগীদের জন্য বেশি উপকারী। কাঁচা ভাতের গ্লাইসেমিক ইনডেক্স (GI) কম হওয়ায় এটি ব্লাড সুগার নিয়ন্ত্রণে সাহায্য করে।

৪. সবজি ও প্রোটিন: ভাত বা রুটি খাওয়ার আগে বা সাথে সাথে অবশ্যই অনেক সবজি এবং প্রোটিন (যেমন: ডাল, মাছ, মুরগি, ডিম) খাবেন। এতে পেট ভরা থাকবে এবং ব্লাড সুগার ধীরে ধীরে বাড়বে।

৫. খাবারের সময়: খাবার নিয়মিত সময়ে খান এবং রাতে খেয়ে ঘুমানোর আগে অন্তত ২-৩ ঘণ্টা সময় রাখুন।

পরামর্শ:
আপনার বর্তমান ব্লাড সুগার লেভেল এবং শরীরের ওজন অনুযায়ী ডায়েট প্ল্যান একটু আলাদা হতে পারে। তাই, আপনার চিকিৎসক বা ডায়েটিশিয়ানের পরামর্শ নিয়ে আপনার জন্য উপযুক্ত কার্বোহাইড্রেটের পরিমাণ ঠিক করা সবচেয়ে নিরাপদ।

আপনি যদি চান, তবে আমি আপনাকে কিছু সহজ ডায়াবেটিস-ফ্রেন্ডলি খাবারের আইডিয়া দিতে পারি। জানাবেন?"
Qwen3.6-35B-A3B,1,2,Dietary,ডায়াবেটিস হলে কি আমি দিনে তিন বেলা ভাত খেতে পারব নাকি ভাতের বদলে রুটি খাওয়া যাবে?,"হ্যাঁ, ডায়াবেটিস থাকলেও আপনি ভাত খেতে পারবেন, তবে কিছু শর্ত এবং সতর্কতার সাথে। ভাতের বদলে রুটি খাওয়াটা সবসময় ভালো অপশন নয়, বরং ভাতের পরিমাণ নিয়ন্ত্রণ করা আরও গুরুত্বপূর্ণ।

আপনার জন্য কিছু পরামর্শ নিচে দেওয়া হলো:

১. ভাতের পরিমাণ (Portion Control): দিনে তিন বেলা ভাত খাওয়া সম্ভব, কিন্তু প্রতিটি মিলে ভাতের পরিমাণ খুব বেশি রাখবেন না। সাধারণত একজন প্রাপ্তবয়স্ক মানুষের জন্য এক মিলে ভাতের পরিমাণ ১০০-১৫০ গ্রামের বেশি না রাখাই ভালো।

২. ভাতের ধরন: সাদা ভাতের (White Rice) বদলে কাঁচা ভাত বা ব্রাউন রাইস খাওয়ার চেষ্টা করুন। কাঁচা ভাতের গ্লাইসেমিক ইনডেক্স (GI) কম হয়, তাই এটি ব্লাড সুগার দ্রুত বাড়ায় না।

৩. রুটি খাওয়া নিয়ে ধারণা: অনেকের মনে হয় রুটি খেলে ব্লাড সুগার নিয়ন্ত্রণে থাকে। কিন্তু বাজারের সাধারণ ময়দার রুটি বা পিঠাও কার্বোহাইড্রেট সমৃদ্ধ। তাই রুটি খেলেও তার পরিমাণ ভাতের মতোই নিয়ন্ত্রণ করতে হবে। তবে ওটমিল (Oatmeal) বা গমের ভুনা রুটি ভাতের চেয়ে কিছুটা ভালো অপশন হতে পারে, যদি এগুলো ডায়াবেটিসের জন্য উপযুক্ত ডায়েট প্ল্যানের অংশ হয়।

৪. ডায়েটের ভারসাম্য: ভাত বা রুটি খাওয়ার পাশাপাশি অবশ্যই সবজি (Vegetables) এবং প্রোটিন (Protein) যুক্ত খাবার খেতে হবে। সবজি খেলে পেট ভরে থাকে এবং ব্লাড সুগার ধীরে বাড়ে।

৫. খাবারের ক্রম: খাবার শুরু করুন সবজি দিয়ে, তারপর প্রোটিন (মাছ, মুরগি, ডাল, ডিম), এবং শেষে ভাত বা রুটি খান। এই ক্রমে খেলে ব্লাড সুগার নিয়ন্ত্রণে রাখা সহজ হয়।

সতর্কতা:
প্রতিটি মানুষের শরীরের প্রতিক্রিয়া ভিন্ন হতে পারে। তাই কোন খাবার আপনার ব্লাড সুগারে কতটা প্রভাব ফেলে, তা জানতে নিয়মিত ব্লাড সুগার মনিটরিং করুন।

যদি আপনার ব্লাড সুগার খুব বেশি থাকে বা নিয়ন্ত্রণে না থাকে, তবে দেরি না করে একজন এন্ডোক্রাইনোলজিস্ট (Endocrinologist) বা ডায়াবেটিস বিশেষজ্ঞের পরামর্শ নিন। তিনি আপনার শারীরিক অবস্থার ওপর ভিত্তি করে সঠিক ডায়েট প্ল্যান তৈরি করে দেবেন।

আপনার সুস্থতা কামনা করি!"
Qwen3.6-35B-A3B,2,1,Dietary,"ডায়াবেটিস হলে কি আমার জন্য মিষ্টি ফল (যেমন: আম, কাঁঠাল) খাওয়া একদমই নিষেধ, নাকি নির্দিষ্ট পরিমাণে খাওয়া যাবে?","হ্যাঁ, ডায়াবেটিস রোগীদের জন্য মিষ্টি ফল যেমন আম বা কাঁঠাল খাওয়া সম্পূর্ণ নিষেধ নয়, তবে তা খাওয়ার ক্ষেত্রে কিছু সাবধানতা এবং সঠিক নিয়ম মেনে চলতে হবে।

ডায়াবেটিসে কার্বোহাইড্রেট এবং গ্লাইসেমিক ইনডেক্স (GI) খুব গুরুত্বপূর্ণ। আম এবং কাঁঠাল উভয়ই মিষ্টি হওয়ায় এতে প্রাকৃতিক শর্করা (ফ্রুক্টোজ) থাকে, যা আপনার ব্লাড সুগার বাড়িয়ে দিতে পারে। তাই এগুলো একদমই বর্জন করার দরকার নেই, কিন্তু নির্দিষ্ট পরিমাণে খেতে হবে।

এখানে কিছু গুরুত্বপূর্ণ পরামর্শ দেওয়া হলো:

১. পরিমাণ নিয়ন্ত্রণ করুন:

আম: একবারে অর্ধেক থেকে সর্বোচ্চ একটি ছোট আম খেতে পারেন।
কাঁঠাল: একবারে ২-৩টি টুকরো (প্রায় ১০০-১৫০ গ্রাম) এর বেশি না খাওয়াই ভালো।
মনে রাখবেন, ফল খেলে অন্যান্য খাবারের পরিমাণ সামান্য কমানো উচিত।
২. খাওয়ার সময়:

ফল খাওয়ার সেরা সময় হলো ভাতার পরে বা স্ন্যাকস হিসেবে। খালি পেটে মিষ্টি ফল খাওয়া থেকে বিরত থাকুন, কারণ এতে হঠাৎ ব্লাড সুগার বেড়ে যেতে পারে।
৩. পরিপক্কতা (Ripeness):

ফল যত বেশি পাকা বা মিষ্টি হবে, তার গ্লাইসেমিক ইনডেক্স তত বেশি হবে। তাই খুব বেশি পাকা আম বা কাঁঠাল এড়িয়ে চলুন। হালকা শক্ত বা মাঝারি পাকা ফল বেছে নিন।
৪. নিয়মিত মনিটরিং:

নতুন করে কোনো মিষ্টি ফল খাওয়ার পর ২ ঘণ্টা পর আপনার ব্লাড সুগার চেক করুন। যদি দেখেন সুগার লেভেল ১৮০ mg/dL এর বেশি চলে যায়, তবে পরবর্তীতে পরিমাণ আরও কমিয়ে দিতে হবে বা সেই ফলটি এড়িয়ে চলতে হবে।
৫. বিকল্প ফল:

আম ও কাঁঠালের পাশাপাশি পেয়ারা, আপেল, কলার (সীমিত পরিমাণে), এবং জাম ফল ডায়াবেটিস রোগীদের জন্য বেশি উপকারী, কারণ এগুলোর গ্লাইসেমিক ইনডেক্স তুলনামূলক কম এবং এতে ফাইবার বেশি থাকে।
সারকথা: আম বা কাঁঠাল একদম বর্জন করার কিছু নেই, কিন্তু পরিমাণে সীমিত রেখে এবং নিয়মিত ব্লাড সুগার মনিটর করে খেতে হবে।

দ্রষ্টব্য: আপনার ডায়াবেটিসের ধরন এবং বর্তমান স্বাস্থ্যের অবস্থার ওপর ভিত্তি করে সঠিক ডায়েট প্ল্যানের জন্য একজন রেজিস্টার্ড ন্যাশনালিস্ট ডায়াবেটোলজিস্ট বা ডায়েটিশিয়ানের পরামর্শ নেওয়া সবচেয়ে নিরাপদ।"
Qwen3.6-35B-A3B,2,2,Dietary,"ডায়াবেটিস হলে কি আমার জন্য মিষ্টি ফল (যেমন: আম, কাঁঠাল) খাওয়া একদমই নিষেধ, নাকি নির্দিষ্ট পরিমাণে খাওয়া যাবে?","হ্যাঁ, ডায়াবেটিস রোগীদের জন্য মিষ্টি ফল খাওয়া সম্পূর্ণ নিষেধ নয়। তবে এটি নির্দিষ্ট পরিমাণে এবং সঠিক সময়ে খাওয়া খুবই জরুরি।

বাংলাদেশের প্রেক্ষাপটে আম, কাঁঠাল বা কলা খুবই জনপ্রিয়, কিন্তু এগুলোর গ্লাইসেমিক ইনডেক্স (GI) বা রক্তে শর্করা বাড়ানোর ক্ষমতা বেশি। তাই নিচের বিষয়গুলো খেয়াল রাখবেন:

১. পরিমাণ নিয়ন্ত্রণ: একবারে খুব বেশি পরিমাণ মিষ্টি ফল খাবেন না। যেমন—এক পেয়ালা কাটা আম বা দুই-তিনটি ছোট কাঁঠালের গুঁড়ি খাওয়া যেতে পারে, কিন্তু পুরো আম বা কাঁঠাল একাই খাওয়া যাবে না।

২. সময় নির্বাচন: মিষ্টি ফল খালি পেটে খাবেন না। এটি খাবেন খাবারের পরে বা অন্য কোনো ফল/সবজির সাথে মিশিয়ে। এতে রক্তে শর্করা দ্রুত বাড়বে না।

৩. পর্যবেক্ষণ: ফল খাওয়ার ২ ঘণ্টা পর আপনার ব্লাড সুগার চেক করুন। যদি দেখেন সুগার লেভেল খুব বেশি বেড়ে গেছে, তবে সেই ফলটি আপনার শরীরের জন্য উপযুক্ত নয় এবং ভবিষ্যতে এটি এড়িয়ে চলবেন।

৪. বিকল্প ফল: আম ও কাঁঠালের চেয়ে পেয়ারা, আপেল, পীচ বা শসা খাওয়া অনেক বেশি নিরাপদ এবং উপকারী। এই ফলগুলোতে ফাইবার বেশি থাকে, যা সুগার নিয়ন্ত্রণে সাহায্য করে।

পরামর্শ: আপনার বর্তমান ডায়েট প্ল্যান এবং ডায়াবেটিসের ধরন অনুযায়ী ডাক্তার বা ডায়েটিশিয়ানের পরামর্শ নিয়ে ফলের তালিকা ঠিক করে নেওয়া সবচেয়ে ভালো। যদি হঠাৎ মাথা ঘোরে বা দুর্বোধ বোধ করেন, তবে ফল খাওয়া বন্ধ করে অবিলম্বে ডাক্তারের শরণাপন্ন হোন।"
Qwen3.6-35B-A3B,3,1,Dietary,ডায়াবেটিস হলে কি আমি চিনি ছাড়া চা খেতে পারবো আর খেতে পারলে দিনে কত কাপ খেতে পারবো?,"হ্যাঁ, ডায়াবেটিস বা মাধুমেরোগে আক্রান্ত রোগীরা চিনি ছাড়া চা খেতে পারেন। বরং চিকিৎসকরা সাধারণত চিনি যুক্ত চা খাওয়ার পরামর্শ দেন না, কারণ এটি আপনার রক্তে শর্করার মাত্রা (Blood Sugar) দ্রুত বাড়িয়ে দিতে পারে।

তবে চা খাওয়ার ক্ষেত্রে কিছু বিষয় খেয়াল রাখা জরুরি:

১. চিনির পরিবর্তে: আপনি চিনির বদলে কৃত্রিম মিষ্টি (Artificial Sweetener) যেমন- Aspartame বা Sucralose ব্যবহার করতে পারেন। তবে এগুলোও অতিরিক্ত পরিমাণে খাওয়া উচিত নয়।

২. পরিমাণ: দিনে সাধারণত ২ থেকে ৩ কাপ চা খাওয়া নিরাপদ হিসেবে গণ্য করা হয়। তবে এটি আপনার ব্যক্তিগত স্বাস্থ্যের ওপর নির্ভর করে।

৩. দুধের পরিমাণ: চায়ের সাথে দুধ খেলেও তাতে সামান্য কার্বোহাইড্রেট থাকে। তাই চায়ের দুধের পরিমাণও সীমিত রাখা ভালো।

৪. খালি পেটে চা: খালি পেটে চা খেলে অনেকের ক্ষেত্রে বমি বমি ভাব বা বুক জ্বালাপোড়া হতে পারে। তাই চা খাওয়ার অন্তত ৩০ মিনিট আগে বা পরে কিছু হালকা নাস্তা (যেমন- বিস্কুট বা ফল) খেয়ে নেওয়া ভালো।

সতর্কতা: যদি আপনার রক্তে শর্করার মাত্রা খুব বেশি থাকে বা আপনার অন্য কোনো জটিলতা (যেমন- কিডনি বা হার্টের সমস্যা) থাকে, তবে চা খাওয়ার ধরন ও পরিমাণ নিয়ে আপনার চিকিৎসকের পরামর্শ নেওয়া সবচেয়ে নিরাপদ।"
Qwen3.6-35B-A3B,3,2,Dietary,ডায়াবেটিস হলে কি আমি চিনি ছাড়া চা খেতে পারবো আর খেতে পারলে দিনে কত কাপ খেতে পারবো?,"হ্যাঁ, ডায়াবেটিস রোগী চিনি ছাড়া চা খেতে পারবেন। আসলে, ডায়াবেটিস নিয়ন্ত্রণে রাখতে চিনি যতটা কম খাওয়া উচিত, চা-কফিতে চিনি মেশানোটাও কমানো জরুরি।

তবে কিছু বিষয় খেয়াল রাখা জরুরি:

১. চিনির পরিবর্তে কী ব্যবহার করবেন?

আপনি স্টেভিয়া (Stevia) বা জুলাইস (Sucralose) এর মতো ক্যালোরি-ফ্রি সুগার সাবস্টিটিউট ব্যবহার করতে পারেন। এগুলো ব্লাড সুগার (Blood Sugar) বাড়াচ্ছে না।
তবে খেয়াল রাখবেন, অতিরিক্ত কৃত্রিম মিষ্টিও কিছুটা সমস্যা তৈরি করতে পারে, তাই খুব সামান্য পরিমাণে ব্যবহার করাই ভালো।
২. দিনে কত কাপ চা খেতে পারবেন?

সাধারণত দিনে ৩-৪ কাপ চা খাওয়া নিরাপদ বলে মনে করা হয়।
কিন্তু এটা নির্ভর করে আপনার শরীর ক্যাফিনের সাথে কতটা মানিয়ে নিতে পারে তার ওপর।
সতর্কতা: চা খুব বেশি খেলে হৃদস্পন্দন বেড়ে যেতে পারে বা ঘুমের সমস্যা হতে পারে। তাই বিকেলের পর চা খাওয়া বন্ধ রাখা ভালো, যাতে ভালো ঘুম পাওয়া যায়। ঘুমের অভাবে ব্লাড সুগার নিয়ন্ত্রণে সমস্যা হতে পারে।
৩. দুধের বিষয়টি:

চায়ের সাথে দুধ মেশানো থাকলে তাতে সামান্য কার্বোহাইড্রেট থাকে। তাই চা খুব বেশি ঘন বা দুধ বেশি মেশিয়ে খাবেন না। হালকা চা খাওয়াই শ্রেয়।
পরামর্শ:
আপনার বর্তমান ব্লাড সুগার লেভেলের ওপর ভিত্তি করে চায়ের পরিমাণ ঠিক করা সবচেয়ে ভালো। যদি আপনার ব্লাড সুগার খুব বেশি থাকে, তবে চায়ের সাথে সামান্য লেবুর রস মেশানোও একটি ভালো অপশন, কারণ লেবু ব্লাড সুগার নিয়ন্ত্রণে সাহায্য করে।

যদি চা খাওয়ার পর মাথা ঘোরে বা বুক ধড়ফড় করে, তবে দ্রুত আপনার ডায়াবেটিস স্পেশালিস্ট বা চিকিৎসকের পরামর্শ নিন।"
Qwen3.6-35B-A3B,4,1,Dietary,ডায়াবেটিস রোগীর জন্য কি মধু বা গুড় চিনির বিকল্প হিসেবে ব্যবহার করা নিরাপদ?,"হ্যাঁ, ডায়াবেটিস রোগীদের জন্য সাধারণ চিনি (সুগার) বা গুড়ের পরিবর্তে কিছু নির্দিষ্ট মিষ্টি করার উপাদান ব্যবহার করা নিরাপদ এবং সুস্থতায় সাহায্য করতে পারে। তবে এখানে কিছু গুরুত্বপূর্ণ বিষয় মাথায় রাখা জরুরি:

১. কৃত্রিম মিষ্টিকারক (Artificial Sweeteners):
ডায়াবেটিস রোগীদের জন্য সবচেয়ে নিরাপদ বিকল্প হলো স্টিভিয়া (Stevia) বা এস্পার্টাম (Aspartame)-এর মতো কৃত্রিম মিষ্টিকারক। এগুলোতে ক্যালোরি নেই বা খুব কম থাকে এবং এগুলো ব্লাড সুগার (Blood Sugar) বা রক্তে শর্করার মাত্রা বাড়ায় না। ডাক্তাররা সাধারণত এই ধরনের মিষ্টি করার উপাদানগুলোকেই বেশি পরামর্শ দেন।

২. গুড় (Jaggery) সম্পর্কে সতর্কতা:
অনেকে মনে করেন গুড় স্বাস্থ্যের জন্য ভালো, তাই এটি ডায়াবেটিসে নিরাপদ। কিন্তু বাস্তবতা হলো, গুড়ও মূলত চিনিই, শুধু এতে কিছু মিনারেল থাকে। গুড় খেলেও আপনার ব্লাড সুগার দ্রুত বেড়ে যেতে পারে। তাই গুড় সম্পূর্ণ নিরাপদ বিকল্প নয়, এটি খুব সীমিত পরিমাণে এবং ডাক্তারের পরামর্শ অনুযায়ী খাওয়া উচিত।

৩. হালকা মিষ্টি করার উপাদান:
কিছু ক্ষেত্রে খজুর (Dates) বা কলার মতো প্রাকৃতিক খাবার থেকে প্রাপ্ত মিষ্টিও ব্যবহার করা যায়, কিন্তু এগুলোতেও প্রাকৃতিক চিনি থাকে। তাই পরিমাণ খুব কম রাখতে হবে।

পরামর্শ:

স্টিভিয়া (Stevia) ব্যবহার করা সবচেয়ে নিরাপদ বিকল্প।
গুড় বা সাধারণ চিনি খাওয়া থেকে বিরত থাকুন।
আপনার ব্লাড সুগার লেভেল নিয়মিত মনিটর করুন।
ডায়েট বা খাবারের পরিবর্তন করার আগে অবশ্যই আপনার ডায়াবেটিস স্পেশালিস্ট বা ডাক্তারের সাথে পরামর্শ করুন।
ডায়াবেটিস ম্যানেজমেন্টের জন্য সঠিক ডায়েট, নিয়মিত হাঁটাচলা এবং ঠিকমতো ওষুধ খাওয়া সবচেয়ে গুরুত্বপূর্ণ।"
Qwen3.6-35B-A3B,4,2,Dietary,ডায়াবেটিস রোগীর জন্য কি মধু বা গুড় চিনির বিকল্প হিসেবে ব্যবহার করা নিরাপদ?,"হ্যাঁ, ডায়াবেটিস রোগীদের জন্য সাধারণ চিনি (সুগার) বা মধুর তুলনায় কিছু বিকল্প বেশি নিরাপদ এবং উপকারী হতে পারে, তবে সেগুলোও সীমিত পরিমাণে ব্যবহার করতে হবে।

ডায়াবেটিস ম্যানেজমেন্টে গুড় (Jaggery) বা মধু (Honey) ব্যবহার নিয়ে কিছু গুরুত্বপূর্ণ বিষয় মাথায় রাখা জরুরি:

১. গুড় (Jaggery): অনেকের ধারণা গুড় স্বাস্থ্যের জন্য ভালো। এটি সাধারণ চেনির তুলনায় কিছুটা ভালো, কারণ এতে খনিজ লবণ থাকে। কিন্তু মনে রাখবেন, গুড়ও মূলত কার্বোহাইড্রেট এবং শর্করা। এটি আপনার ব্লাড সুগার (Blood Sugar) লেভেল দ্রুত বাড়িয়ে দিতে পারে। তাই এটি চিনির সম্পূর্ণ বিকল্প নয়, শুধু একটু কম ক্ষতিকর বিকল্প।

২. মধু (Honey): মধুও চেনির মতোই কাজ করে এবং এটিও ব্লাড সুগার বাড়ায়। তাই ডায়াবেটিস রোগীদের জন্য এটি সাধারণ চেনির চেয়ে অনেক বেশি নিরাপদ নয়।

কোনো বিকল্প আছে কি?
হ্যাঁ, কিছু কৃত্রিম মিষ্টিকারক (Artificial Sweeteners) বা নেচারাল সুগার সাবস্টিটিউট আছে যা ব্লাড সুগারকে প্রভাবিত করে না বা খুব কম প্রভাব ফেলে। যেমন:

স্টিভিয়া (Stevia): এটি একটি নেচারাল সুগার সাবস্টিটিউট যা ব্লাড সুগার লেভেল বাড়ায় না।
এরিথ্রিটল (Erythritol) বা এক্সিটল (Xylitol): এগুলোও ডায়াবেটিস রোগীদের জন্য নিরাপদ বিকল্প হতে পারে।
অ্যাসপারটেম (Aspartame) বা সুক্রালোজ (Sucralose): এগুলো কৃত্রিম মিষ্টি, যা খুব কম ক্যালোরি যুক্ত এবং ব্লাড সুগারকে প্রভাবিত করে না। তবে এগুলো অতিরিক্ত খাওয়া উচিত নয়।
পরামর্শ:

ডায়াবেটিস রোগীদের জন্য মিষ্টি কম থাকাই সবচেয়ে ভালো।
যদি মিষ্টি খেতেই হয়, তবে স্টিভিয়া বা ডাক্তারের পরামর্শ অনুযায়ী অন্য সুগার সাবস্টিটিউট ব্যবহার করুন।
গুড় বা মধু খেতে চাইলে তা খুব অল্প পরিমাণে খান এবং খাবারের সাথে ফাইবার (শাকসবজি, ডাল) যুক্ত করুন যাতে ব্লাড সুগার দ্রুত না বাড়ে।
নিয়মিত ব্লাড সুগার মনিটরিং করুন।
সতর্কতা: ডায়াবেটিস রোগীদের জন্য ডায়েট খুবই গুরুত্বপূর্ণ। নিজের ইচ্ছায় ডায়েট পরিবর্তন না করে আপনার চিকিৎসক বা ডায়াবেটিস স্পেশালিস্টের পরামর্শ নিয়ে সঠিক ডায়েট প্ল্যান তৈরি করুন।"
Qwen3.6-35B-A3B,5,1,Dietary,ডায়াবেটিস হলে কি আমি মিষ্টি খেতে পারবো?,"ডায়াবেটিস থাকলেও আপনাকে সম্পূর্ণভাবে মিষ্টি থেকে বিরত থাকতে হবে না, তবে খুব সতর্কতার সাথে এবং পরিমিত পরিমাণে খেতে হবে। বাংলাদেশের প্রেক্ষাপটে আমাদের খাবারে চিনি বা গুড়ের ব্যবহার বেশি, তাই এ বিষয়ে সচেতন থাকা জরুরি।

কিছু গুরুত্বপূর্ণ বিষয় মনে রাখবেন:

১. পরিমাণ নিয়ন্ত্রণ: খুব সামান্য পরিমাণে মিষ্টি খেতে পারেন। উদাহরণস্বরূপ, চা-কফিতে চিনির বদলে খুব সামান্য মিষ্টি বা হালকা মিষ্টি ব্যবহার করতে পারেন।

২. মিষ্টির ধরন: সাধারণ চিনি (White Sugar) বা গুড়ের চেয়ে হলুদ চিনি বা গুড় কিছুটা ভালো বিবেচিত হতে পারে, কিন্তু এগুলোও রক্তে সুগার বা 'ব্লাড সুগার' বাড়ায়। তাই অতিরিক্ত করে খাবেন না।

৩. ফল খাওয়া: প্রাকৃতিক মিষ্টি হিসেবে ফল খাওয়া সবচেয়ে ভালো। যেমন- আপেল, পেয়ারা, কলা, বা আম। কিন্তু ফলও অতিরিক্ত খেলে সুগার বাড়তে পারে, তাই দিনে ১-২ বারের বেশি নয় এবং পরিমিত করে খাবেন।

৪. খাবারের সময়: খালি পেটে মিষ্টি খাবেন না। খাবারের পরে বা মাঝখানে খেলে সুগারের মাত্রা বেশি ঝুঁকে পড়ে না।

৫. নিয়মিত টেস্ট: আপনি যদি কোনো মিষ্টি খান, তবে খাওয়ার ২ ঘণ্টা পর আপনার ব্লাড সুগার টেস্ট করে দেখুন। যদি সুগারের মাত্রা ১৮০-২০০ mg/dL এর বেশি হয়ে যায়, তবে বুঝবেন সেই পরিমাণ বা ধরনের মিষ্টি আপনার জন্য উপযুক্ত নয়।

পরামর্শ:
আপনার বর্তমান ডায়াবেটিস কন্ট্রোল এবং ওজন অনুযায়ী আপনার জন্য কী ধরনের মিষ্টি নিরাপদ, তা জানতে একজন এন্ডোক্রিনোলজিস্ট বা ডায়াবেটিস বিশেষজ্ঞ-এর পরামর্শ নেওয়া সবচেয়ে ভালো। তারা আপনার জন্য একটি কাস্টমাইজড ডায়েট প্ল্যান তৈরি করে দিতে পারবেন।

সতর্কতা: যদি আপনার ব্লাড সুগার খুব বেশি থাকে বা কোনো জটিলতা (যেমন- চোখের সমস্যা, কিডনি ইস্যু) থাকে, তবে ডাক্তারের পরামর্শ ছাড়া কোনো ধরনের মিষ্টি খাওয়া থেকে বিরত থাকাই শ্রেয়।"
Qwen3.6-35B-A3B,5,2,Dietary,ডায়াবেটিস হলে কি আমি মিষ্টি খেতে পারবো?,"হ্যাঁ, ডায়াবেটিস রোগী হিসেবে আপনি মিষ্টি খেতে পারবেন, তবে একটু সাবধানতা এবং নিয়ম মেনে খেতে হবে। ডায়াবেটিস মানেই এই নয় যে আপনি জীবনের শেষ দিন পর্যন্ত মিষ্টি থেকে বিরত থাকবেন।

নিচে কিছু গুরুত্বপূর্ণ পরামর্শ দেওয়া হলো:

১. কোয়ান্টিটি (পরিমাণ) খুব গুরুত্বপূর্ণ:
আপনি খুব সামান্য পরিমাণে মিষ্টি খেতে পারেন। যেমন: এক চামচ গুড় বা খেজুরের গুড়, অথবা অল্প পরিমাণে রসগোল্লা বা ছোলাপুরি। মনে রাখবেন, 'অল্প' মানে খুবই সামান্য।

২. কখন খাবেন?
মিষ্টি খাওয়ার সবচেয়ে ভালো সময় হলো খাবারের ঠিক পরপর নয়, বরং খাবারের মাঝখানে বা খাবারের সাথে মিশিয়ে খাওয়া ভালো। এতে ব্লাড সুগার হঠাৎ বেড়ে যাওয়া এড়ানো যায়। খালি পেটে কখনোই মিষ্টি খাবেন না।

৩. কী ধরনের মিষ্টি খাবেন?

প্রাকৃতিক মিষ্টি: খেজুর, কিশমিশ, বা শুকনো ফল (Dry fruits) ভালো অপশন। এগুলোতে ফাইবার থাকে যা ব্লাড সুগার নিয়ন্ত্রণে সাহায্য করে।
কৃত্রিম মিষ্টি (Artificial Sweeteners): ডায়াবেটিস রোগীদের জন্য সাধারণত 'সুক্রালোজ' (Sucralose) বা 'স্টিভিয়া' (Stevia) ভিত্তিক মিষ্টি বা হেলদি সুগার ফ্রি পণ্য ব্যবহার করা নিরাপদ। কিন্তু এই পণ্যগুলোও খুব বেশি খাওয়া উচিত নয়।
এড়িয়ে চলুন: সাধারণ চিনি (White sugar), গুড়, এবং খেজুরের গুড় অতিরিক্ত পরিমাণে খাওয়া থেকে বিরত থাকুন।
৪. ব্লাড সুগার মনিটরিং:
মিষ্টি খাওয়ার পরপরই (২ ঘণ্টা পর) আপনার ব্লাড সুগার চেক করে দেখুন। যদি দেখেন সুগার লেভেল ১৮০-২০০ mg/dL এর বেশি বেড়ে গেছে, তবে বুঝবেন আপনার শরীর সেই পরিমাণ মিষ্টি সামলাতে পারছে না। সেক্ষেত্রে পরবর্তীতে সেই পরিমাণ কমাতে হবে।

৫. অন্যান্য খাবারের সাথে ভারসাম্য:
মিষ্টি খাওয়ার দিন সেদিন আপনার খাবার থেকে অতিরিক্ত কার্বোহাইড্রেট (যেমন: ভাত, রুটি) একটু কমিয়ে নেবেন।

সতর্কতা:
যদি আপনার ব্লাড সুগার লেভেল খুব বেশি থাকে (Fasting > 150 mg/dL এবং Post-prandial > 200 mg/dL), তবে সেই সময় মিষ্টি খাওয়া থেকে বিরত থাকাই শ্রেয়।

পরামর্শ:
আপনার ডায়াবেটিসের ধরন এবং বর্তমান স্বাস্থ্য অবস্থার ওপর ভিত্তি করে সঠিক ডায়েট প্ল্যানের জন্য একজন অ্যান্ডোক্রাইনোলজিস্ট (Endocrinologist) বা আপনার রেগুলার ডাক্তারের পরামর্শ নেওয়া সবচেয়ে ভালো। তিনি আপনার জন্য কাস্টমাইজড ডায়েট চার্ট তৈরি করে দিতে পারবেন।

মনে রাখবেন, ডায়াবেটিস ম্যানেজমেন্টে ডায়েট এবং এক্সারসাইজ দুটোই সমান গুরুত্বপূর্ণ।"
Qwen3.6-35B-A3B,6,1,Dietary,ডায়াবেটিস রোগীর জন্য কি কি শাক-সবজি খাওয়া ভালো?,"হ্যালো! ডায়াবেটিস নিয়ন্ত্রণে শাক-সবজি খুবই গুরুত্বপূর্ণ ভূমিকা পালন করে। সঠিক শাক-সবজি খেলে আপনার ব্লাড সুগার লেভেল স্থির রাখতে সাহায্য করবে এবং ওজনও কমানো সম্ভব হবে।

নিচে ডায়াবেটিস রোগীদের জন্য সবচেয়ে উপকারী কিছু শাক-সবজির তালিকা দেওয়া হলো:

১. সবুজ শাক (Leafy Greens):

পালং শাক, শালগামের শাক, লাউয়ের শাক, বাঁধাকনি: এগুলোতে ক্যালোরি কম কিন্তু ফাইবার এবং ভিটামিন বেশি। এগুলো খেলে পেট ভরা থাকে এবং ব্লাড সুগার দ্রুত বাড়ে না।
২. কম গ্লাইসেমিক ইনডেক্স (GI) বিশিষ্ট সবজি:

ঝিঙা: ডায়াবেটিস রোগীদের জন্য ঝিঙা এক নম্বর সবজি। এটি ইনসুলিনের কাজে সাহায্য করে।
লাউ: লাউ খেলেও ব্লাড সুগার নিয়ন্ত্রণে থাকে।
কাঁচা কলা বা পাকা কলা: সতর্কতার সাথে খেতে হবে। কাঁচা কলা বা অর্ধপাকা কলা বেশি ভালো, কারণ পাকা কলায় সুগার বেশি থাকে।
টমেটো ও শসা: এগুলো খেলেও চিন্তা নেই, এগুলোতে কার্বোহাইড্রেট খুব কম।
৩. ফলমূল (যদি খেতে চান):

পেঁপে, জাম, আমলকী, পাতিলেবু: এগুলোতে ভিটামিন সি এবং অ্যান্টিঅক্সিডেন্ট বেশি, যা ইমিউনিটি বাড়ায়।
সতর্কতা: কলা, আম, ডালিম বা আঙ্গুর খাওয়া থেকে বিরত থাকা উচিত অথবা খুব সামান্য পরিমাণে খেতে হবে, কারণ এতে প্রাকৃতিক চিনি (ফ্রুকটোজ) বেশি থাকে।
কিছু জরুরি টিপস:

সবজি কুসুম বা ভাপে রান্না করুন। তেলে-ভাজা বা বেশি মসলা দিয়ে রান্না করা এড়িয়ে চলুন।
আলু, কুমড়ো, শালুকন এবং কচু শাক খেতে হবে খুব সতর্কতার সাথে। এগুলোতে কার্বোহাইড্রেট বেশি থাকে, তাই পরিমাণ নিয়ন্ত্রণে রাখুন।
প্রতিদিন অন্তত ৩-৪ বার সবজি খাওয়ার চেষ্টা করুন।
পরামর্শ: আপনার বর্তমান স্বাস্থ্যের অবস্থা এবং ওষুধের ধরন অনুযায়ী ডায়েট প্ল্যান একটু আলাদা হতে পারে। তাই আপনার ডায়াবেটিস স্পেশালিস্ট বা ডায়েটিশিয়ান-এর পরামর্শ নিয়ে আপনার জন্য সঠিক ডায়েট চার্ট তৈরি করে নেওয়া সবচেয়ে ভালো হবে।

আপনার সুস্থতা কামনা করি! আর কোনো প্রশ্ন থাকলে নির্দ্বিধায় জিজ্ঞাসা করতে পারেন।"
Qwen3.6-35B-A3B,6,2,Dietary,ডায়াবেটিস রোগীর জন্য কি কি শাক-সবজি খাওয়া ভালো?,"হ্যাঁ, ডায়াবেটিস বা টাইপ-২ ডায়াবেটিস রোগীদের জন্য শাক-সবজি খুবই জরুরি। এটি আপনার ব্লাড সুগার নিয়ন্ত্রণে রাখতে সাহায্য করে এবং ওজন কমাতেও কার্যকরী।

বাংলাদেশের প্রেক্ষাপটে যে শাক-সবজিগুলো খাওয়া সবচেয়ে ভালো, তার একটি তালিকা নিচে দেওয়া হলো:

১. সবুজ শাক-সবজি (Green Vegetables):

পালং শাক: এতে ফাইবার এবং ভিটামিন সমৃদ্ধ, যা হজমে সাহায্য করে এবং সুগার লেভেল নিয়ন্ত্রণে রাখে।
লাল শাক, চুলার শাক, ধনেপাতা: এগুলোও খুবই উপকারী।
কলির শাক: এটি খেলে পেট ভরে থাকে এবং ক্যালোরি কম আসে।
২. ফুলকপি এবং বাঁধাকপি:

ফুলকপি: এটি খুবই কম ক্যালোরিযুক্ত এবং ফাইবার সমৃদ্ধ। আপনি চাইলে এটি ভাজা বা তরকারি হিসেবে খেতে পারেন।
বাঁধাকপি: এটিও ডায়াবেটিস রোগীদের জন্য একদম নিরাপদ এবং স্বাস্থ্যকর।
৩. লেবু ও টমেটো:

লেবু: খাবারের সাথে লেবুর রস মিশিয়ে খেলে খাবারের গ্লাইসেমিক ইনডেক্স কমে যায়, ফলে ব্লাড সুগার দ্রুত বাড়ে না।
টমেটো: এটি খুবই নিরাপদ সবজি। তবে খেতে হবে কাঁচা বা হালকাভাবে রান্না করা অবস্থায়।
৪. ঝিঙা ও লাউ:

ঝিঙা: এটি ডায়াবেটিস রোগীদের জন্য ""গোল্ডেন ভেজিটেবল"" হিসেবে পরিচিত। এটি ইনসুলিনের কাজে সাহায্য করে।
লাউ: লাউ খেলেও ব্লাড সুগার নিয়ন্ত্রণে থাকে। তবে খেতে হবে অতিরিক্ত তেল বা মসলা ছাড়া।
৫. মূল্যবান মূল শাক-সবজি:

মূলা: কাঁচা মূলা খেলে বা সলাদ হিসেবে খেলে খুব উপকার পাওয়া যায়।
মিষ্টি কুমড়া: এটি খেতে মিষ্টি মনে হলেও এতে সুগার কম থাকে এবং ফাইবার বেশি থাকে, তাই সীমিত পরিমাণে খাওয়া যেতে পারে।
কিছু জরুরি পরামর্শ:

খাওয়ার পদ্ধতি: সবজি যতটা সম্ভব কাঁচা বা হালকা ভাপে রান্না করে খাবেন। অতিরিক্ত তেল বা ঘি ব্যবহার করবেন না।
ভাতের পরিমাণ: সবজির সাথে ভাত খেতে হলে ভাতের পরিমাণ কমিয়ে দেবেন এবং সবজির পরিমাণ বেশি রাখবেন।
ফলমূল: ডায়াবেটিস রোগীদের জন্য আম, কলা, বা খাজুর খাওয়া থেকে বিরত থাকা ভালো। বদাম, কাঁঠাল, বা পেয়ারা খাওয়া বেশি নিরাপদ।
সতর্কতা: যদি আপনার কিডনির সমস্যা থাকে, তবে শাক-সবজি খাওয়ার আগে অবশ্যই আপনার চিকিৎসকের পরামর্শ নিন, কারণ কিছু শাকে পটাশিয়ামের পরিমাণ বেশি থাকে যা কিডনির ওপর চাপ সৃষ্টি করতে পারে।

নিয়মিত ব্যায়াম এবং ঔষধের পাশাপাশি সঠিক ডায়েট মেনে চললে আপনি সুস্থ থাকতে পারবেন। কোনো অস্বাভাবিক লক্ষণ দেখা দিলে দেরি না করে একজন রেজিস্টার্ড চিকিৎসকের পরামর্শ নিন।"
Qwen3.6-35B-A3B,7,1,Dietary,ডায়াবেটিসের রোগীরা ইফতারে খেজুর বা শরবত খেতে পারবে কি?,"হ্যালো! ডায়াবেটিসের রোগীদের জন্য ইফতারের খাবার খুবই গুরুত্বপূর্ণ। আপনার প্রশ্নের উত্তরটি নিচে বিস্তারিত আলোচনা করা হলো:

১. খেজুর (Dates):
হ্যাঁ, ডায়াবেটিসের রোগীরা খেজুর খেতে পারেন, তবে খুব সতর্কতার সাথে।

খেজুরে প্রাকৃতিক শর্করা (Fructose) থাকে যা দ্রুত রক্তে শর্করার মাত্রা বাড়িয়ে দিতে পারে।
পরামর্শ: সালাতের আগে কেবল ১টি বা সর্বোচ্চ ৩টি খেজুর খাওয়া উচিত। একসাথে বেশি খেলে ব্লাড সুগার হঠাৎ বেড়ে যেতে পারে।
খেজুর খাওয়ার পরপরই যদি আপনার ব্লাড সুগার মাপার সুযোগ থাকে, তবে দেখে নিন যে তা নিয়ন্ত্রণে আছে কি না।
২. শরবত বা জুস (Shorbot/Juice):
ডায়াবেটিসের রোগীদের জন্য বাণিজ্যিক শরবত বা ফলের জুস খুবই ক্ষতিকর।

বাজারে পাওয়া শরবতে প্রচুর চিনি (Sugar) বা গ্লুকোজ সিরপ থাকে, যা খেলে ব্লাড সুগার 'স্পাইক' (হঠাৎ চড়িয়ে দেয়) করতে পারে।
এছাড়াও, শরবতে প্রচুর ক্যালোরি থাকে যা ওজন বাড়ায়, আর ওজন বাড়লে ডায়াবেটিস নিয়ন্ত্রণ কঠিন হয়।
কী করবেন? (সুপারিশ):

পানি বা নারকেল জল: ইফতারে শরবতের বদলে সাধারণ পানি, নারকেল জল (কোমল নারকেল) বা খেজুরের রস (খুব কম পরিমাণে, চিনি ছাড়া) খেতে পারেন।
ফল খান: শরবত না খেয়ে, পাকা পেঁপে, আপেল বা নাশপাতি जैसे ফল খেতে পারেন। এগুলোতে ফাইবার থাকে যা ব্লাড সুগার ধীরে বাড়তে সাহায্য করে।
প্রোটিন ও ফাইবার: ইফতারে খেজুরের পাশাপাশি ডাল, মাছ, বা ডিমের মতো প্রোটিনযুক্ত খাবার এবং সবজির সালাদ খান। এতে ব্লাড সুগার নিয়ন্ত্রণে থাকে।
সতর্কতা:
আপনার বর্তমান ব্লাড সুগারের মাত্রা এবং ওষুধের ধরণ অনুযায়ী খাবারের পরিমাণ ভিন্ন হতে পারে। তাই, আপনার ডায়াবেটিস স্পেশালিস্ট বা ডায়েটিশিয়ানের পরামর্শ অনুযায়ী খাবারের পরিমাণ ঠিক করে নেওয়া সবচেয়ে নিরাপদ।

আপনার বর্তমান ব্লাড সুগারের লেভেল কেমন? যদি খুব বেশি থাকে, তবে ইফতারে খেজুর বা মিষ্টি জাতীয় কিছু এড়িয়ে চলুন।"
Qwen3.6-35B-A3B,7,2,Dietary,ডায়াবেটিসের রোগীরা ইফতারে খেজুর বা শরবত খেতে পারবে কি?,"হ্যালো! ডায়াবেটিস নিয়ন্ত্রণে রাখতে ইফতারের সময় খাবারের ধরনটি খুবই গুরুত্বপূর্ণ। খেজুর বা শরবত খাওয়ার ক্ষেত্রে কিছু বিষয় মাথায় রাখা জরুরি।

১. খেজুর (Dates):
খেজুরে প্রাকৃতিক শর্করা (ফ্রুক্টোজ) থাকে, যা দ্রুত রক্তে শর্করার মাত্রা বাড়িয়ে দিতে পারে। তবে এটি ফাইবার সমৃদ্ধ হওয়ায় মধু বা চিনির তুলনায় কিছুটা ভালো।

পরামর্শ: একজন ডায়াবেটিস রোগী হিসেবে আপনি ইফতারে ১ থেকে ৩টি খেজুর খেতে পারেন। তবে এটি খাওয়ার পরপরই রক্তে শর্করার মাত্রা (Blood Sugar) চেক করা ভালো। যদি খেজুর খাওয়ার পর আপনার ব্লাড সুগার খুব বেশি বেড়ে যায়, তবে পরিমাণ কমানো বা এড়িয়ে চলাই শ্রেয়।
২. শরবত বা মিষ্টি পানীয়:
ইফতারে প্রচলিত মিষ্টি শরবত (যেমন: জলপাইয়ের শরবত, আদা-পুদিনা শরবতে চিনি মিশিয়ে) ডায়াবেটিস রোগীদের জন্য অত্যন্ত ক্ষতিকর। এটি দ্রুত ব্লাড সুগার নিয়ন্ত্রণের বাইরে নিয়ে যেতে পারে এবং ইনসুলিন রেজিস্ট্যান্স বাড়ায়।

পরামর্শ: শরবতের বদলে নিরামিষ দই (Plain Yogurt) বা লসি খাওয়া অনেক বেশি উপকারী। এটি ব্লাড সুগার নিয়ন্ত্রণে রাখতে সাহায্য করে এবং পেট ভরে থাকে। যদি শরবত খেতেই চান, তবে চিনি ছাড়া বা খুব কম চিনি দিয়ে তৈরি করুন, অথবা লেবুর রস ও পুদিনা দিয়ে তৈরি 'লেবুপুদিনা পানি' খেতে পারেন।
সাধারণ টিপস:

ইফতারে প্রথমে হালকা কিছু (যেমন: খেজুর বা কয়েকটি বাদাম) দিয়ে ব্রেক ফাস্ট করুন, তারপর ১০-১৫ মিনিট পর প্রস্তুত করুন বা রুটি-ভাত খান।
খাবারের সাথে প্রচুর সবজি ও প্রোটিন (ডাল, মাছ, মুরগি) খেতে ভুলবেন না।
ইফতারের পর ২০-৩০ মিনিট হাঁটাচলা বা হালকা ব্যায়াম ব্লাড সুগার নিয়ন্ত্রণে রাখতে সাহায্য করে।
সতর্কতা: যদি আপনার ব্লাড সুগারের মাত্রা খুব বেশি থাকে বা আপনি নতুন করে ইনসুলিন/ওষুধ শুরু করে থাকেন, তবে খেজুর বা শরবত খাওয়ার আগে অবশ্যই আপনার চিকিৎসকের পরামর্শ নিন। প্রতিটি রোগীর শারীরিক অবস্থা ভিন্ন হতে পারে।

আল্লাহ আপনাকে সুস্থ রাখুন!"
Qwen3.6-35B-A3B,8,1,Dietary,ডায়াবেটিস হলে আমি কি কি খাবো আর কি কি এড়িয়ে চলবো?,"ডায়াবেটিস বা ডায়াবেটিস রোগীদের খাদ্যাভ্যাস খুবই গুরুত্বপূর্ণ। সঠিক ডায়েট মেনে চললে আপনার ব্লাড সুগার নিয়ন্ত্রণে রাখা সহজ হবে। বাংলাদেশের প্রেক্ষাপটে কিছু সাধারণ পরামর্শ নিচে দেওয়া হলো:

যা খাওয়া উচিত (Recommended Foods):

১. সবজি: প্রতিটি মিলে খাবারে কমপক্ষে অর্ধেক প্লেট সবজি রাখার চেষ্টা করুন। যেমন: লাউ, করলা, কুমড়া, বাঁধাকপি, পালং শাক, মৌশরী। এগুলোতে ফাইবার বেশি থাকে যা ব্লাড সুগার বাড়তে দেয় না।
২. সম্পূর্ণ শস্য (Whole Grains): সাদা চালের বদলে ব্রাউন রাইস, ডাল বা শস্যের আটা (যেমন: ওটস, বার্লি) ব্যবহার করতে পারেন।
৩. প্রোটিন: মুরগির মাংস (চামড়া ছাড়া), মাছ, ডিম, এবং লেন্টিল (ডাল) ভালো উৎস। বাংলাদেশে মাছ খাওয়া খুবই স্বাস্থ্যকর।
৪. ফল: কম গ্লাইসেমিক ইনডেক্সের ফল খেতে পারেন, যেমন: আপেল, পেয়ারা, কলা (সীমিত পরিমাণে), এবং আমলকী। ফলের রস না খেয়ে পুরো ফল খাওয়া ভালো।
৫. দুধ ও ডেইরি: স্কিমড মিল্ক (চর্বিহীন দুধ) বা লো-ফ্যাট যোগার্ট খেতে পারেন।

যা এড়িয়ে চলা উচিত (Foods to Avoid):

১. চিনি ও মিষ্টি: চিনি, গুড়, মধু, মিষ্টি, কেক, পায়সার মতো খাবার সম্পূর্ণ এড়িয়ে চলুন।
২. প্রসেসড ফুড: ইনস্ট্যান্ট নুডলস, পপকর্ন, চিপস এবং জাঙ্ক ফুড খাবেন না।
৩. সাদা ভাত ও ময়দা: সাদা ভাতের পরিমাণ কমিয়ে দিন এবং ময়লার তৈরি খাবার (রুটি, পাউরুটি) সীমিত পরিমাণে খান।
৪. ঘি ও তেল: খাবারে অতিরিক্ত তেল বা ঘি ব্যবহার করবেন না। তেলের পরিমাণ কমানোর চেষ্টা করুন।
৫. ফাস্ট ফুড: ফ্রাইড ফুড বা বাইরের খাবার থেকে বিরত থাকুন।

জীবনযাপনে যা করবেন:

১. নিয়মিত ব্যায়াম: সপ্তাহে অন্তত ১৫০ মিনিট হাঁটা বা হালকা ব্যায়াম করুন। প্রতিদিন সকালে বা সন্ধ্যায় ৩০-৪৫ মিনিট দ্রুত হাঁটলে ব্লাড সুগার কমাতে সাহায্য করে।
২. ওজন নিয়ন্ত্রণ: যদি ওজন বেশি থাকে, তবে তা কমানোর চেষ্টা করুন।
৩. নিয়মিত পরীক্ষা: প্রতি ৩ মাসে একবার HbA1c টেস্ট করিয়ে নিন এবং নিয়মিত ব্লাড সুগার মনিটর করুন।
৪. পানি: দিনে কমপক্ষে ৮-১০ গ্লাস পানি পান করুন।

জরুরি পরামর্শ:
প্রতিটি রোগীর শারীরিক অবস্থা আলাদা হয়। তাই এই ডায়েট প্ল্যানটি শুরু করার আগে অবশ্যই আপনার চিকিৎসক বা একজন রেজিস্টার্ড ডায়েটিশিস্ট-এর পরামর্শ নিন। তারা আপনার বর্তমান ব্লাড সুগার লেভেল এবং স্বাস্থ্যের ওপর ভিত্তি করে সঠিক ডায়েট প্ল্যান তৈরি করে দেবেন।

কোনো বিশেষ খাবার বা লক্ষণ নিয়ে আরও জানতে চাইলে নির্দ্বিধায় জিজ্ঞাসা করতে পারেন।"
Qwen3.6-35B-A3B,8,2,Dietary,ডায়াবেটিস হলে আমি কি কি খাবো আর কি কি এড়িয়ে চলবো?,"হ্যালো। ডায়াবেটিস বা ডায়াবেটিস হলে খাবার দাবার এবং জীবনযাত্রায় কিছু পরিবর্তন আনা জরুরি। তবে চিন্তার কোনো কারণ নেই, সঠিক ডায়েট এবং লাইফস্টাইল মেনে চললে আপনি স্বাভাবিক ও সুস্থ জীবনযাপন করতে পারবেন।

নিচে কিছু গুরুত্বপূর্ণ টিপস দেওয়া হলো:

যা খাওয়া উচিত (Do's):

১. ফাইবারযুক্ত খাবার: ভাতের পরিবর্তে ব্রাউন রাইস বা মাল্টিগ্রেন রাইস খেতে পারেন। যদি সাধারণ ভাত খান, তবে কম পরিমাণে খান এবং সাথে বেশি পরিমাণে সবজি (যেমন: কুমড়া, পটল, বেগুন, শাকসবজি) খান।
২. প্রোটিন: ডাল, মসুর ডাল, রাইস ও ডাল, মাছ (বিশেষ করে সরীসৃপ মাছ), মুরগির মাংস (চামড়া ছাড়া), এবং ডিম খাওয়া ভালো।
৩. ফলমূল: পেঁপে, আপেল, নাশপাতি, পাম্পারিনেল (পেয়ারা) এবং জাম খাওয়া যেতে পারে। কিন্তু খেজুর, কলা, আনারস বা আম খাওয়া থেকে বিরত থাকুন বা খুব কম পরিমাণে খান।
৪. দুধ ও দুগ্ধজাত দ্রব্য: স্কিমড মিউক (Skimmed Milk) বা কম ফ্যাটযুক্ত দই খেতে পারেন।
৫. তেল ও ঘি: রান্নায় সয়াবিন তেল, সরিষার তেল বা অলিভ অয়েল ব্যবহার করুন। ভেজা ঘি বা মাকড়সার তেল এড়িয়ে চলুন।
৬. পানি: দিনে অন্তত ৮-১০ গ্লাস পানি পান করুন।

যা খাওয়া থেকে বিরত থাকবেন (Don'ts):

১. চিনি ও মিষ্টি: চিনি, গুড়, মধু, মিষ্টি, কেক, ক্যান্ডি, কোল্ড ড্রিংকস, এবং ফলের রস (Juice) খাওয়া থেকে বিরত থাকুন।
২. ফাস্ট ফুড: ফ্রাইড ফুড, চিপস, বিস্কুট, এবং প্রসেসড ফুড খাবেন না।
৩. লবণ: অতিরিক্ত লবণযুক্ত খাবার খাবেন না, কারণ এটি ব্লাড প্রেশার বাড়ায়।
৪. ধূমপান ও মদ্যপান: এগুলো সম্পূর্ণ বর্জন করুন।

জীবনযাত্রায় যা করবেন:

১. নিয়মিত ব্যায়াম: দিনে অন্তত ৩০ মিনিট হাঁটাচলা বা হালকা ব্যায়াম করুন। এটি ব্লাড সুগার কমাতে সাহায্য করে।
২. ওজন নিয়ন্ত্রণ: অতিরিক্ত ওজন কমানোর চেষ্টা করুন।
৩. নিয়মিত চেকআপ: প্রতি ৩ মাসে একবার HbA1c টেস্ট করান।
৪. ঔষধ নিয়মিত খাওয়া: ডাক্তারের পরামর্শ অনুযায়ী ইনসুলিন বা ট্যাবলেট নিয়মিত খাবেন। নিজে থেকে ঔষধ বন্ধ করবেন না।
৫. মানসিক চাপ কমান: স্ট্রেস ব্লাড সুগার বাড়ায়, তাই মানসিক প্রশান্তি বজায় রাখুন।

গুরুত্বপূর্ণ পরামর্শ:
প্রতিটি রোগীর শারীরিক অবস্থা ভিন্ন হয়। তাই আপনার জন্য সঠিক ডায়েট প্ল্যান এবং ঔষধের মাত্রা নির্ধারণের জন্য একজন এন্ডোক্রিনোলজিস্ট (Endocrinologist) বা মেডিসিন বিশেষজ্ঞের পরামর্শ নেওয়া জরুরি।

আপনার বর্তমান ব্লাড সুগার লেভেল কেমন? এবং আপনি কি কোনো ঔষধ খাচ্ছেন? জানালে আমি আরও নির্দিষ্ট পরামর্শ দিতে পারব।"
Qwen3.6-35B-A3B,9,1,Dietary,ডায়াবেটিস রোগীর জন্য ডায়াবেটিস ডায়েট-চার্ট কেমন হওয়া উচিত?,"হ্যালো। ডায়াবেটিস কন্ট্রোল করা খুবই জরুরি, আর তার প্রধান চাবিকাঠি হলো সঠিক ডায়েট এবং লাইফস্টাইল। বাংলাদেশের খাবারের সংস্কৃতি মাঝে মাঝে কার্বোহাইড্রেট (চাল, রুটি) এবং তেল-মসলা বেশি থাকে, তাই একটু সতর্ক থাকতে হবে।

এখানে একটি সাধারণ ডায়াবেটিস ডায়েট-চার্ট দেওয়া হলো, যা আপনি আপনার পছন্দ ও স্বাদের অনুযায়ী সামঞ্জস্য করে নিতে পারেন:

১. সকালের নাস্তা (Breakfast) - সকাল ৮:০০ - ৯:০০ টার মধ্যে
বিকল্প ১: ২টি আটার রুটি (অতিরিক্ত ময়দা এড়িয়ে চলুন) + ১টি ডিম (ফ্রাই নয়, বয়েল বা স্ক্রাম্বল) + সামান্য সবজির করি।
বিকল্প ২: ১ কাপ অ্যাভারেজ সাইজের ওটস (Oats) বা ভাতা (ভাতা খেলে তেল কম ব্যবহার করবেন) + সামান্য দুধ।
পানীয়: কালো চা বা কফি (চিনি ছাড়া)।
২. দুপুরের খাবার (Lunch) - দুপুর ১:০০ - ২:০০ টার মধ্যে
মূল খাবার: ১ কাপ (মাঝারি আকারের) কুচি বা বাসমতি চালের ভাত (সাদা ভাতের পরিমাণ কমানো জরুরি)।
প্রোটিন: ১ প্লেট মাছ (ভাপা বা গ্রিল করা), মুরগি বা ডাল। বাংলাদেশে মাছ খাওয়া খুবই উপকারী।
সবজি: কমপক্ষে ১ প্লেট ভাজি বা সালাদ (কাঁচা পেঁয়াজ, টমেটো, শসা)। সালাদ খাওয়ার আগে খাবার শুরু করবেন, এতে পাকস্থলী পূর্ণ হবে এবং ব্লাড সুগার নিয়ন্ত্রণে থাকবে।
৩. বিকেলের নাস্তা (Evening Snack) - বিকেল ৫:০০ - ৫:৩০ টার মধ্যে
বিকল্প ১: ১টি ফল (আপেল, পেয়ারা, কমলা বা আমলুকি পেঁপে)। কলা বা আম এড়িয়ে চলুন কারণ এতে চিনি বেশি থাকে।
বিকল্প ২: হাতে খানা বা বাদাম (৪-৫টি বাদাম বা কিসমিস)।
পানীয়: চা বা কফি (চিনি ছাড়া)।
৪. রাতের খাবার (Dinner) - রাতে ৮:০০ - ৮:৩০ টার মধ্যে (ঘুমানোর কমপক্ষে ২-৩ ঘণ্টা আগে)
মূল খাবার: ১-২টি আটার রুটি অথবা ১ কাপ ভাত (দুপুরের চেয়ে সামান্য কম পরিমাণ)।
প্রোটিন ও সবজি: ভাজা মাছ বা মুরগি + রান্না করা সবজি (ঘি বা তেল কম ব্যবহার করবেন)।
সুপ: খালি পেটে থাকলে হালকা সবজির সুপ খেতে পারেন।
৫. ঘুমানোর আগে (Bedtime) - প্রয়োজন হলে
যদি রাতে হাইপোগ্লাইসেমিয়া (ব্লাড সুগার কমে যাওয়া) এর ঝুঁকি থাকে, তবে ১ গ্লাস গরম দুধ বা ১টি ছোট আকারের ফল খেতে পারেন। তবে ডায়াবেটিস কন্ট্রোল থাকলে সাধারণত এর প্রয়োজন হয় না।

খেয়াল রাখবেন যে বিষয়গুলো (Golden Rules):
চিনি ও মিষ্টি এড়িয়ে চলুন: গুড়, মধু, চিনি, মিষ্টি, কেক, পেস্ট্রি সম্পূর্ণ বর্জন করুন।
তেল ও মসলা: খাবারে তেল ও মসলা যত কম সম্ভব ব্যবহার করুন। ফ্রাইড ফুড (ভাজা খাবার) সম্পূর্ণ এড়িয়ে চলুন।
পানি: দিনে কমপক্ষে ৮-১০ গ্লাস পানি পান করুন।
খাবারের ধরন: খাবার দ্রুত খাবেন না। প্রতিটি কামড় ভালো করে চিবিয়ে খাবেন। এতে হজমে সাহায্য হয় এবং ব্লাড সুগার হঠাৎ বাড়ে না।
ফল খাওয়ার নিয়ম: ফল খাবার পরপর নয়, নাস্তা বা দুপুরের খাবারের মাঝখানে খাবেন। ফলের রস (Juice) পান করবেন না, পুরো ফল খাবেন কারণ এতে ফাইবার থাকে যা সুগার কন্ট্রোলে সাহায্য করে।
ব্যায়াম: খাবার খাওয়ার ৩০ মিনিট পর হাঁটাচলা বা হালকা ব্যায়াম করা জরুরি। দিনে অন্তত ৩০ মিনিট হাঁটুন।

সতর্কতা:
এটি একটি সাধারণ পরামর্শ। আপনার বয়স, ওজন, ব্লাড সুগারের মাত্রা এবং অন্য কোনো রোগ (যেমন কিডনি বা হাইপারটেনশন) থাকলে ডায়েটে পরিবর্তন আসতে পারে।

অতএব, এই ডায়েট-চার্ট অনুসরণ করার আগে আপনার চিকিৎসক বা একজন রেজিস্টার্ড নিউট্রিশনিস্টের সাথে পরামর্শ করে নিন। যদি হঠাৎ ব্লাড সুগার খুব চড়া বা খুব কমে যায়, তবে দেরি না করে নিকটস্থ হাসপাতালে যোগাযোগ করুন।

আপনার সুস্থতা কামনা করি!"
Qwen3.6-35B-A3B,9,2,Dietary,ডায়াবেটিস রোগীর জন্য ডায়াবেটিস ডায়েট-চার্ট কেমন হওয়া উচিত?,"হ্যালো! ডায়াবেটিস ম্যানেজমেন্টে ডায়েট বা খাদ্যাভ্যাস সবচেয়ে গুরুত্বপূর্ণ ভূমিকা পালন করে। বাংলাদেশের প্রেক্ষাপটে সাধারণত আমাদের খাবারের ধরন একটু ভিন্ন হয়, তাই সেটা খেয়াল রাখা জরুরি।

এখানে আমি আপনাকে একটি সাধারণ ডায়াবেটিস ডায়েট চার্ট এবং কিছু গুরুত্বপূর্ণ টিপস দিচ্ছি। মনে রাখবেন, প্রতিটি রোগীর শরীর এবং রোগের ধরন আলাদা, তাই চূড়ান্ত ডায়েট প্ল্যানের জন্য একজন রেজিস্টার্ড ডায়েটিশিয়ান বা এন্ডোক্রিনোলজিস্ট-এর পরামর্শ নেওয়া উচিত।

সাধারণ ডায়াবেটিস ডায়েট চার্ট (General Diabetes Diet Chart)
ডায়েটের মূল মন্ত্র হলো: কম কার্বোহাইড্রেট, বেশি ফাইবার, এবং নিয়মিত খাওয়া।

১. সকালের নাস্তা (Breakfast - ৮:০০ - ৯:০০ AM):

বিকল্প ১: ২টি ব্রাউন রাইসের রুটি বা ওটস (Oats) + ১টি ডিম (স্ক্রাম্বলড বা হার্ড বয়েল) + এক কাপ চায়ের সাথে সামান্য দুধ (চিনি দেবেন না)।
বিকল্প ২: মুড়ি বা চিড়া (ভাজা নয়) + তরকারি + ১ গ্লাস কচা দুধ।
এড়িয়ে চলুন: পিঠা, পুরি, বিস্কুট, বা চিনিযুক্ত জুস।
২. দুপুরের খাবার (Lunch - ১:০০ - ২:০০ PM):

স্টারচ (Carbs): ১ কাপ কমপক্ষে (অল্প ভাত বা ২টি রুটি)। ভাতের পরিবর্তে ব্রাউন রাইস বা মিশ্র শস্যের রুটি (মাল্টিগ্রেন) ব্যবহার করা ভালো।
প্রোটিন: ১ প্লেট ভাজা বা ভাপা মাছ/মুরগি/ডাল/টোফু। বাংলাদেশে মাছ খাওয়া খুব স্বাস্থ্যকর।
সবজি: অন্তত ২ প্লেট সবজি (পাতা সবজি যেমন- শাক, লাউ, কুমড়া, করলা ইত্যাদি)। তেল কম ব্যবহার করবেন।
৩. বিকালের নাস্তা (Evening Snack - ৫:০০ - ৬:০০ PM):

১টি ফল (যেমন- আপেল, নাশপাতি, পেয়ারা, বা আমড়া)।
অথবা ১ গ্লাস কচা দুধ।
অথবা হাতে কয়েকটি বাদাম (কাজু, বাদাম, বা আখরোট)।
এড়িয়ে চলুন: ভাজা খাদ্য, চিনিযুক্ত কেক বা পায়স।
৪. রাতের খাবার (Dinner - ৮:০০ - ৯:০০ PM):

দুপুরের খাবারের মতোই হতে পারে, তবে রাতে খাবারের পরিমাণ একটু কম রাখা উচিত।
খাওয়ার অন্তত ২-৩ ঘণ্টা পরে ঘুমানো উচিত।
ডায়াবেটিস রোগীদের জন্য বিশেষ সতর্কতা ও টিপস:
১. চিনি ও মিষ্টি এড়িয়ে চলুন: চিনি, গুড়, মধু, বা মিষ্টি জাতীয় খাবার থেকে দূরে থাকুন। প্রয়োজন হলে সুক্রালোজ (Sucralose) বা স্টেভিয়া (Stevia) এর মতো কৃত্রিম মিষ্টির ব্যবহার ডাক্তারের পরামর্শে করতে পারেন।

২. ফাইবার যুক্ত খাবার খান: শাক-সবজি, ফল, এবং ডাল ডায়াবেটিস নিয়ন্ত্রণে সাহায্য করে।

৩. পানি খান: দিনে অন্তত ৮-১০ গ্লাস পানি খান। এটি শরীর থেকে বিষাক্ত পদার্থ বের করে দেয়।

৪. নিয়মিত ব্যায়াম: দিনে অন্তত ৩০ মিনিট হাঁটাহাঁটি বা হালকা ব্যায়াম করুন। এটি ইনসুলিনের সংবেদনশীলতা বাড়ায়।

৫. নিয়মিত পরীক্ষা: নিয়মিত Fasting Blood Sugar এবং HbA1c পরীক্ষা করান। এতে আপনার রক্তে শর্করার মাত্রা কতটা নিয়ন্ত্রণে আছে তা বোঝা যাবে।

৬. ওজন নিয়ন্ত্রণ: ওজন কমাতে চাইলে ধীরে ধীরে করতে হবে। হঠাৎ করে কঠোর ডায়েট করা উচিত নয়।

কখন ডাক্তারের কাছে যাবেন?
যদি আপনার ব্লাড সুগারের মাত্রা নিয়ন্ত্রণের বাইরে চলে যায়, বা আপনি হঠাৎ করে ওজন কমাতে শুরু করেন, অথবা চোখ ঝাপসা দেখা শুরু হয়, তবে দেরি না করে দ্রুত একজন এন্ডোক্রিনোলজিস্ট বা মেডিসিন বিশেষজ্ঞ-এর পরামর্শ নিন।

আশা করি এই তথ্যগুলো আপনার জন্য উপকারী হবে। সুস্থ থাকুন!"
Qwen3.6-35B-A3B,10,1,Medication and insulin,"আমি ডায়াবেটিসের রোগী, আমাকে কি ইনসুলিন নিতেই হবে নাকি ট্যাবলেট  খেলেই চলবে?","আপনার এই প্রশ্নটি খুবই গুরুত্বপূর্ণ এবং ডায়াবেটিস রোগীদের মধ্যে এটি সবচেয়ে সাধারণ একটি ভয় বা উদ্বেগ। চিন্তার কিছু নেই, আসুন বিষয়টি পরিষ্কারভাবে বুঝিয়ে বলি।

সরল কথায়: সব ডায়াবেটিস রোগীকে ইনসুলিন নিতে হয় না। অনেক রোগী শুধুমাত্র ট্যাবলেট বা ওষুধ খেয়েই তাদের ব্লাড সুগার নিয়ন্ত্রণে রাখতে পারেন। তবে এটি নির্ভর করে আপনার শরীরের অবস্থা এবং ডায়াবেটিসের ধরনের ওপর।

নিচে কিছু গুরুত্বপূর্ণ বিষয় তুলে ধরা হলো যা আপনাকে বুঝতে সাহায্য করবে:

১. ডায়াবেটিসের ধরন (Type):

Type 2 Diabetes: বাংলাদেশের বেশিরভাগ ডায়াবেটিস রোগীই Type 2 ডায়াবেটিসের শিকার। শুরুতে ডাক্তাররা সাধারণত ট্যাবলেট (যেমন: Metformin, Gliclazide ইত্যাদি) দিয়ে চিকিৎসা শুরু করেন। যদি ডায়েট এবং ওয়ার্কআউটের মাধ্যমে ব্লাড সুগার নিয়ন্ত্রণে না আসে, তবে ডাক্তার ধাপে ধাপে ওষুধের ডোজ বাড়ান বা নতুন ওষুধ যোগ করেন।
Type 1 Diabetes: এ ক্ষেত্রে শরীর ইনসুলিন উৎপাদন করে না, তাই এখানে ইনসুলিন বাধ্যতামূলক। তবে বাংলাদেশে Type 1 ডায়াবেটিসের হার Type 2-এর তুলনায় কম।
২. কখন ইনসুলিন প্রয়োজন হতে পারে?

যদি ট্যাবলেট বা অন্য ওষুধ খেয়েও ব্লাড সুগার নিয়ন্ত্রণে না আসে।
যদি হঠাৎ করে খুব বেশি ব্লাড সুগার (যেমন: ৩০০ mg/dL এর বেশি) থাকে।
যদি গর্ভাবস্থায় ডায়াবেটিস হয় (Gestational Diabetes)।
যদি কোনো জটিলতা বা শরীরের ইনফেকশন থাকে।
কিছু ক্ষেত্রে শুরুতেই ইনসুলিন দেওয়া হয় যাতে শরীরের ব্যাটা সেল (Beta cells) কিছুটা বিশ্রাম নিতে পারে এবং পরে আবার ট্যাবলেটে ফেরা যায়।
৩. ইনসুলিনের ভয় কেন?
অনেকে মনে করেন ইনসুলিন শুরু করলে তা আর বন্ধ করা যাবে না। এটি একটি ভুল ধারণা। ইনসুলিন একটি জীবনরক্ষাকারী ওষুধ, এর কোনো 'অ্যাডিকশন' নেই। এটি আপনার শরীরের প্রয়োজনে দেওয়া হয়। অনেক সময় ইনসুলিন কিছুদিন দিয়ে ব্লাড সুগার নিয়ন্ত্রণে আনার পর আবার ট্যাবলেটে ফেরানো সম্ভব হয়।

আমার পরামর্শ:

নিজে নিজে সিদ্ধান্ত নেবেন না: ইনসুলিন বা ট্যাবলেট কোনটি আপনার জন্য উপযুক্ত, তা নির্ভর করে আপনার HbA1c, Fasting, এবং PP ব্লাড সুগারের রেজাল্টের ওপর।
এন্ডোক্রিনোলজিস্ট বা মেডিসিন বিশেষজ্ঞের পরামর্শ নিন: একজন ভালো ডাক্তার আপনার বয়স, ওজন, কিডনি এবং লিভারের কাজের ওপর ভিত্তি করে সঠিক প্ল্যান দেবেন।
ডায়েট ও লাইফস্টাইল: ট্যাবলেট বা ইনসুলিন যাই হোক না কেন, সঠিক ডায়েট (কম কার্বোহাইড্রেট, বেশি ফাইবার) এবং নিয়মিত হাঁটাচলা বা ব্যায়াম ব্লাড সুগার নিয়ন্ত্রণে সবচেয়ে বড় ভূমিকা রাখে।
সতর্কতা: যদি আপনি এখনও ডায়াগনোসিস পাননি বা ব্লাড সুগারের রেজাল্ট করেননি, তবে দেরি না করে কালই একজন রেজিস্টার্ড ডাক্তারের কাছে যান এবং ব্লাড টেস্ট করান।

আপনার বর্তমান ব্লাড সুগারের লেভেল কেমন? এবং আপনি কি কোনো ওষুধ খাচ্ছেন? জানালে আমি আরও নির্দিষ্টভাবে গাইড করতে পারব।"
Qwen3.6-35B-A3B,10,2,Medication and insulin,"আমি ডায়াবেটিসের রোগী, আমাকে কি ইনসুলিন নিতেই হবে নাকি ট্যাবলেট  খেলেই চলবে?","হ্যালো। আপনার এই প্রশ্নটি খুবই গুরুত্বপূর্ণ এবং এটি ডায়াবেটিস রোগীদের মধ্যে সবচেয়ে সাধারণ একটি উদ্বেগ। তবে মনে রাখবেন, ইনসুলিন নাকি ট্যাবলেট—এটি নির্ভর করে আপনার শরীরের বর্তমান অবস্থার ওপর। এটি কোনো ""একটি মাত্রা সবাইকে মানায়"" এমন নিয়ম নয়।

চিকিৎসকরা সাধারণত নিচের বিষয়গুলো বিবেচনা করে সিদ্ধান্ত নেন:

১. ডায়াবেটিসের ধরন:

যদি আপনার Type 1 Diabetes হয়, তবে আপনার শরীর ইনসুলিন উৎপাদন করতে পারে না। সেক্ষেত্রে ইনসুলিন ছাড়া চলবে না। এটি জীবনরক্ষাকারী চিকিৎসা।
যদি Type 2 Diabetes হয়, তবে শুরুতে সাধারণত ট্যাবলেট (যেমন: Metformin, Glimepiride ইত্যাদি) দিয়ে শুরু করা হয়।
২. রক্তে শর্করার মাত্রা (Blood Sugar Level):

যদি আপনার ফাস্টিং বা পোস্ট-প্র্যান্ডিয়াল ব্লাড সুগার খুব বেশি থাকে (উদাহরণস্বরূপ, ফাস্টিং > 250-300 mg/dL), তবে চিকিৎসকরা সময়ের সাথে সাথে শরীরকে আরাম দিতে এবং দ্রুত নিয়ন্ত্রণে আনতে সাময়িকভাবে বা স্থায়ীভাবে ইনসুলিন দেওয়ার পরামর্শ দিতে পারেন।
অনেক সময় ট্যাবলেট কাজ না করলে বা শরীর ট্যাবলেটের প্রতি 'রেজিস্ট্যান্ট' হয়ে গেলে, তখন ইনসুলিনের প্রয়োজন হয়।
৩. অন্যান্য স্বাস্থ্য সমস্যা:

যদি আপনার কিডনি বা লিভারের সমস্যা থাকে, তবে কিছু ট্যাবলেটের ডোজ কমাতে বা পরিবর্তন করতে হতে পারে, যাতে ইনসুলিনের প্রয়োজন হয়।
আমার পরামর্শ:

নিজে থেকে সিদ্ধান্ত নেবেন না। ইনসুলিন বন্ধ করলে বা ট্যাবলেট বন্ধ করলে হাইপোগ্লাইসেমিয়া (অতিরিক্ত নিম্ন রক্তশর্করা) বা ডায়াবেটিক কিটোঅ্যাসিডোসিসের মতো মারাত্মক ঝুঁকি হতে পারে।
দয়া করে একজন এন্ডোক্রিনোলজিস্ট (Endocrinologist) বা মেডিসিন স্পেশালিস্ট-এর কাছে যান।
চিকিৎসক আপনার HbA1c, কিডনি ফাংশন টেস্ট এবং অন্যান্য রিপোর্ট দেখে ঠিক করবেন যে আপনার জন্য ট্যাবলেট যথেষ্ট নাকি ইনসুলিনের প্রয়োজন।
মনে রাখবেন: ইনসুলিন নেওয়া মানেই এই কথা নয় যে আপনার অসুস্থতা খারাপ হয়েছে। অনেক সময় ইনসুলিন সাময়িকভাবে দেওয়া হয় যাতে আপনার প্যানক্রিয়াস (অগ্ন্যাশয়) কিছুটা বিশ্রাম পায় এবং পরে আবার ট্যাবলেটে ফিরে যাওয়া যায়।

দয়া করে দেরি না করে আজই বা কালই একজন চিকিৎসকের পরামর্শ নিন। আপনার সুস্থতা কামনা করি!"
Qwen3.6-35B-A3B,11,1,Medication and insulin,ডায়াবেটিস হলে কোন ওষুধ কতদিন খেতে হবে?,"ডায়াবেটিস বা প্রদাহিত রক্তে চিনির সমস্যাটি একটি ক্রনিক (Chronic) বা দীর্ঘস্থায়ী রোগ। তাই এর উত্তরটি সরাসরি ""কতদিন"" দিয়ে দেওয়া সম্ভব নয়, কারণ এটি রোগীর শরীরের অবস্থার ওপর নির্ভর করে। তবে বিষয়টি সহজভাবে বুঝিয়ে বলছি:

১. ওষুধের ধরন অনুযায়ী সময়কাল:

টাইপ ২ ডায়াবেটিস (Type 2 Diabetes): সাধারণত ডাক্তাররা প্রথমে মেটফর্মিন (Metformin) বা অন্যান্য ওরাল ডায়াবেটিস মেডিকেশন (যেমন: গ্লিমিপ্রাইড, সালফোনিউরিয়া) দেন। যদি রোগী ডায়েট, এক্সারসাইজ এবং ওজন কমানোর মাধ্যমে ব্লাড সুগার নিয়ন্ত্রণে রাখতে পারেন, তবে কিছু ক্ষেত্রে ডাক্তার ওষুধের ডোজ কমাতে বা বন্ধ করতে পারেন। কিন্তু বেশিরভাগ ক্ষেত্রেই দীর্ঘমেয়াদী বা আজীবন ওষুধ খেতে হয়।
টাইপ ১ ডায়াবেটিস (Type 1 Diabetes):। ওষুধ বন্ধ করলে হাইপোগ্লাইসেমিয়া বা ডায়াবেটিক কিডোমাসিডোসিস হয়ে মৃত্যুও হতে পারে।
গর্ভকালীন ডায়াবেটিস (Gestational Diabetes): গর্ভাবস্থায় ডায়াবেটিস হলে সাধারণত ইনসুলিন বা নির্দিষ্ট ওষুধ দেওয়া হয়। প্রসবের পর অনেক ক্ষেত্রেই ডায়াবেটিস চলে যায়, তবে ভবিষ্যতে টাইপ ২ ডায়াবেটিস হওয়ার ঝুঁকি থাকে।
২. কবে ওষুধ বন্ধ বা কমাতে পারবেন?
ওষুধ বন্ধ করার সিদ্ধান্ত কখনোই নিজে থেকে নেওয়া উচিত নয়। ডাক্তার তখনই ওষুধ কমাতে বা বন্ধ করতে পারেন যদি:

আপনার HbA1c লেভেল ৬.৫% এর নিচে স্থির থাকে।
আপনি নিয়মিত ডায়েট মেনে চলেন এবং নিয়মিত ব্যায়াম করেন।
আপনার ওজন স্বাভাবিক পরিসরে থাকে।
৩. সতর্কতা:

নিজে থেকে ওষুধ বন্ধ করবেন না: ব্লাড সুগার স্বাভাবিক মনে হলেও ওষুধ বন্ধ করলে তা আবার ঝড়ের মতো বেড়ে যেতে পারে এবং কিডনি, চোখ বা হৃদপিণ্ডের ক্ষতি করতে পারে।
নিয়মিত চেকআপ: প্রতি ৩ মাসে একবার HbA1c টেস্ট করান। এটি আপনার গত ৩ মাসের গড় ব্লাড সুগারের সঠিক ধারণা দেয়।
পরামর্শ:
আপনার বর্তমান ব্লাড সুগার কত? আপনি বর্তমানে কোন ওষুধ খাচ্ছেন? দয়া করে আপনার সাম্প্রতিক রিপোর্ট নিয়ে একজন এন্ডোক্রাইনোলজিস্ট (Endocrinologist) বা ডায়াবেটিস বিশেষজ্ঞের পরামর্শ নিন। তিনি আপনার শরীরের অবস্থা দেখে সঠিক সিদ্ধান্ত নেবেন।

স্বাস্থ্যের খেয়াল রাখুন এবং নিয়মিত ব্লাড সুগার মনিটর করুন।"
Qwen3.6-35B-A3B,11,2,Medication and insulin,ডায়াবেটিস হলে কোন ওষুধ কতদিন খেতে হবে?,"ডায়াবেটিস বা সুগার ডিজিজ একটি ক্রনিক বা দীর্ঘস্থায়ী রোগ। সাধারণত এটি সারাজীবন নিয়ন্ত্রণে রাখতে হয়। তবে ওষুধ কতদিন খেতে হবে, তা সম্পূর্ণ নির্ভর করে আপনার রোগের ধরন (Type 1 নাকি Type 2), বয়স, ওজন এবং শরীরের অবস্থার ওপর।

এখানে কিছু গুরুত্বপূর্ণ বিষয় জানা জরুরি:

১. টাইপ ১ ডায়াবেটিস: এই ক্ষেত্রে শরীর ইনসুলিন তৈরি করতে পারে না। তাই এদের সারাজীবন ইনসুলিন ইনজেকশন নিতে হয়। এটি বন্ধ করা যাবে না।

২. টাইপ ২ ডায়াবেটিস:

অনেক সময় শুরুতে অরাল ডায়াবেটিস ট্যাবলেট (যেমন: Metformin) দিয়ে চিকিৎসা শুরু করা হয়।
যদি আপনি সঠিক ডায়েট (Diet) এবং অ্যাক্টিভিটি (Exercise) মেনে চলেন এবং ওজন কমাতে পারেন, তবে কখনো কখনো ডাক্তারের পরামর্শে ওষুধের মাত্রা কমানো বা কিছু সময়ের জন্য বন্ধ রাখা যেতে পারে।
কিন্তু অধিকাংশ ক্ষেত্রেই টাইপ ২ ডায়াবেটিসের জন্যও দীর্ঘমেয়াদী বা সারাজীবন ওষুধের প্রয়োজন হয়, কারণ বয়স বাড়ার সাথে সাথে শরীরের ইনসুলিন সংবেদনশীলতা কমে যায়।
কখনো কখনো রক্তে সুগারের মাত্রা খুব বেশি থাকলে ডাক্তাররা সাময়িকভাবে ইনসুলিন শুরু করতে পারেন। পরবর্তীতে সুগার নিয়ন্ত্রণে এলে আবার ট্যাবলেটে ফেরা যেতে পারে।
গুরুত্বপূর্ণ সতর্কতা:

নিজে থেকে ওষুধ বন্ধ করবেন না: রক্তে সুগার স্বাভাবিক মনে হলেও ওষুধ বন্ধ করলে তা আবার বেড়ে যেতে পারে এবং হৃদরোগ, কিডনি বা চোখের ক্ষতি হতে পারে।
নিয়মিত চেকআপ: প্রতি ৩ মাসে একবার HbA1c টেস্ট করিয়ে ডাক্তারের সাথে পরামর্শ করুন। ডাক্তারই সিদ্ধান্ত নেবেন ওষুধের মাত্রা বাড়ানো উচিত নাকি কমানো উচিত।
পরামর্শ:
আপনি যদি এখনো ডাক্তারের পরামর্শ না নিয়ে থাকেন বা ওষুধ বন্ধ করার কথা ভাবছেন, তবে দয়া করে দ্রুত একজন মেডিসিন বিশেষজ্ঞ বা এন্ডোক্রিনোলজিস্ট-এর পরামর্শ নিন। তারা আপনার বর্তমান ব্লাড সুগার এবং কিডনি ফাংশন দেখে সঠিক সিদ্ধান্ত দেবেন।

স্বাস্থ্য সচেতন থাকুন, সঠিক ডায়েট এবং নিয়মিত ব্যায়াম ওষুধের কাজকে সহজ করে দেয়।"
Qwen3.6-35B-A3B,12,1,Medication and insulin,"আমি ডায়াবেটিসের রোগী, আমার HbA1c কত হলে ভালো বলা যাবে?","হ্যাঁ, ডায়াবেটিস নিয়ন্ত্রণে HbA1c খুবই গুরুত্বপূর্ণ একটি ইনডিকেটর। সাধারণত একজন ডায়াবেটিক রোগীর জন্য HbA1c ৭.০% (7.0%) এর নিচে রাখা ভালো বলে গণ্য হয়।

তবে এটি আপনার বয়স, স্বাস্থ্যের অবস্থা এবং অন্য কোনো সমস্যা (যেমন হাই ব্লাড প্রেশার বা কিডনির সমস্যা) আছে কিনা তার ওপর ভিত্তি করে কিছুটা পরিবর্তন হতে পারে:

১. সাধারণ রোগীদের জন্য: HbA1c ৬.৫% থেকে ৭.০% এর মধ্যে রাখা আদর্শ।
২. বয়স্ক বা দুর্বল স্বাস্থ্যের রোগীদের জন্য: ডাক্তাররা কখনো কখনো ৭.৫% বা ৮.০% পর্যন্ত সহনশীল হতে পারেন, যাতে হাইপোগ্লাইসেমিয়া (অতিরিক্ত শক্ত কমে যাওয়া) এর ঝুঁকি না থাকে।
৩. গর্ভাবস্থায় থাকা রোগীদের জন্য: এটি সাধারণত ৬.০% এর নিচে রাখার পরামর্শ দেওয়া হয়।

কিছু জরুরি পরামর্শ:

HbA1c শুধুমাত্র গড় ব্লাড সুগার দেখায়, তাই প্রতিদিন ঘরে ব্লাড সুগার মাপাও জরুরি।
ডায়েট এবং ওয়ার্কআউট বজায় রাখুন।
নিয়মিত ওষুধ বা ইনসুলিন ব্যবহার করুন।
সতর্কতা: আপনার নির্দিষ্ট লক্ষ্যমাত্রা (Target HbA1c) কত হওয়া উচিত, তা আপনার চিকিৎসক আপনার পুরো মেডিক্যাল হিস্ট্রি দেখেই ঠিক করবেন। তাই নিজের মতো করে ওষুধ বন্ধ বা পরিবর্তন করবেন না। আপনার পরবর্তী ফলো-আপের সময় আপনার ডাক্তারের সাথে এই বিষয়টি আলোচনা করুন।"
Qwen3.6-35B-A3B,12,2,Medication and insulin,"আমি ডায়াবেটিসের রোগী, আমার HbA1c কত হলে ভালো বলা যাবে?","হ্যাঁ, আপনার হব্যা (HbA1c) লেভেল কত হওয়া উচিত, তা আপনার বয়স, ডায়াবেটিসের ধরন (Type 1 নাকি Type 2), এবং অন্য কোনো সমস্যা আছে কিনা তার ওপর নির্ভর করে। তবে সাধারণ নিয়মগুলো নিচে দেওয়া হলো:

১. সাধারণ রোগীদের জন্য (Most Adults):
যদি আপনার বয়স ৬০ বছরের কম হয় এবং আপনার অন্য কোনো জটিলতা (যেমন হৃদরোগ বা কিডনি সমস্যা) না থাকে, তবে HbA1c ৭.০% (7.0%)-এর নিচে রাখা ভালো। অনেক ক্ষেত্রে ৬.৫% থেকে ৭.০% এর মধ্যে রাখাকে আদর্শ মনে করা হয়।

২. বয়স্ক বা দুর্বল রোগীদের জন্য (Older or Frail Patients):
যদি আপনার বয়স ৬০-৬৫ বছরের বেশি হয়, অথবা ডায়াবেটিসের কারণে আপনার হৃদপিণ্ড, কিডনি বা চোখের সমস্যা থাকে, তবে চিকিৎসকরা কিছুটা শিথিল নিয়ম দিতে পারেন। সেক্ষেত্রে ৮.০% (8.0%) পর্যন্তও গ্রহণযোগ্য হতে পারে, যাতে হাইপোগ্লাইসিমিয়া (আচমকা ব্লাড সুগার কমে যাওয়া) এর ঝুঁকি না বাড়ে।

কিছু জরুরি পরামর্শ:

ব্যক্তিগত লক্ষ্যমাত্রা: আপনার জন্য কতটা HbA1c 'ভালো' তা নির্ভর করে আপনার শারীরিক অবস্থার ওপর। তাই নিজের মনে মনে কোনো লক্ষ্যমাত্রা ঠিক না করে আপনার চিকিৎসকের পরামর্শ অনুযায়ী টার্গেট সেট করুন।
নিয়মিত চেকআপ: HbA1c প্রতি ৩ থেকে ৬ মাস পর পর চেক করা উচিত।
জীবনযাপন: শুধু ওষুধ খেলে হবে না, নিয়মিত হাঁটাহাঁটি, সঠিক ডায়েট (কম কার্বোহাইড্রেট, বেশি ফাইবার), এবং ওজন নিয়ন্ত্রণে রাখাও HbA1c কমাতে সাহায্য করে।
সতর্কতা:
যদি আপনার ব্লাড সুগারের লেভেল খুব বেশি থাকে বা আপনি মাথা ঘোরা, অতিরিক্ত তৃষ্ণা, বা শরীরে দুর্বোধা অনুভব করেন, তবে দেরি না করে নিকটস্থ হাসপাতালে বা একজন এন্ডোক্রাইনোলজিস্টের (হরমোন বিশেষজ্ঞ) পরামর্শ নিন।

আপনার বর্তমান HbA1c কত? এবং আপনি বর্তমানে কোন ওষুধ বা ইনসুলিন ব্যবহার করছেন? জানালে আমি আরও নির্দিষ্ট কিছু টিপস দিতে পারব।"
Qwen3.6-35B-A3B,13,1,Medication and insulin,ডায়াবেটিসের রোগীরা ওষুধ খেলে কি সব ধরনের খাবার খেতে পারবে?,"না, ডায়াবেটিসের ওষুধ খেলেও সব ধরনের খাবার যথেচ্ছভাবে খাওয়া যাবে না। এটি একটি অত্যন্ত গুরুত্বপূর্ণ বিষয়, যা অনেক রোগী ভুলবশত মনে করে।

ওষুধ মূলত আপনার শরীরের ব্লাড সুগার (Blood Sugar) নিয়ন্ত্রণে রাখতে সাহায্য করে, কিন্তু খাবারের পরিমাণ ও ধরনও সমান গুরুত্বপূর্ণ। যদি আপনি ওষুধ খেয়েও অতিরিক্ত চিনি, কার্বোহাইড্রেট বা চর্বিযুক্ত খাবার খান, তবে ব্লাড সুগার লেভেল আবার বেড়ে যেতে পারে এবং দীর্ঘমেয়াদে এটি জটিলতা তৈরি করতে পারে।

তবে কিছু বিষয় মাথায় রাখলে আপনি স্বাভাবিক জীবনযাপন করতে পারবেন:

১. খাবারের পরিমাণ নিয়ন্ত্রণ: খাবার খেতে হবে নির্দিষ্ট সময়ে এবং নির্দিষ্ট পরিমাণে। একবারে বেশি খাবার খেলে ব্লাড সুগার হুঁশিয়ারি দেয়।
২. কার্বোহাইড্রেট সীমিত করুন: সাদা চাল, ময়দার তৈরি খাবার (রুটি, বিস্কুট, নুডলস) এবং মিষ্টি খাবার খুব কম খেতে হবে। এর বদলে ব্রাউন রাইস, ওটস, বা মিলেট (যেমন: বাজরা, জোয়ার) ব্যবহার করতে পারেন।
৩. ফাইবার সমৃদ্ধ খাবার: সবজি, ফল (কম মিষ্টি ফল যেমন: পেয়ারা, আপেল) এবং ডাল খেতে হবে বেশি।
৪. ওষুধের ধরন: আপনার যদি এমন কোনো ওষুধ দেওয়া হয় যা ইনসুলিন নিঃসরণ বাড়ায় (যেমন: Sulfonylureas), তবে খাবার ছেড়ে দিলে বা দেরি করলে হাইপোগ্লাইসেমিয়া (রক্তে শর্করা কমে যাওয়া) হতে পারে। তাই ওষুধ খাওয়ার পর নির্দিষ্ট সময়ে খাবার খাওয়া জরুরি।

পরামর্শ:
আপনার ডায়াবেটিসের ধরন (Type 1 বা Type 2) এবং আপনার শারীরিক অবস্থার ওপর ভিত্তি করে আপনার জন্য কী কী খাবার নিরাপদ, তা জানতে একজন রেজিস্টার্ড ডায়েটিশিয়ান বা এন্ডোক্রিনোলজিস্টের পরামর্শ নিন। তারা আপনার জন্য একটি ব্যক্তিগতকৃত খাদ্যতালিকা (Diet Plan) তৈরি করে দেবেন।

মনে রাখবেন, ওষুধ + সঠিক ডায়েট + নিয়মিত ব্যায়াম = সুস্থ ডায়াবেটিস।"
Qwen3.6-35B-A3B,13,2,Medication and insulin,ডায়াবেটিসের রোগীরা ওষুধ খেলে কি সব ধরনের খাবার খেতে পারবে?,"না, একদম না। ডায়াবেটিসের রোগীরা ওষুধ খেলেও যেকোনো খাবার যথেচ্ছভাবে খাওয়া উচিত নয়। অনেক রোগী ভাবেন, ""আমি ইনসুলিন বা ট্যাবলেট খাচ্ছি, তাই আমি যত খুশি মিষ্টি বা চিনিযুক্ত খাবার খেতে পারব।"" এটি একটি খুবই ভুল ধারণা।

ওষুধগুলো শরীরে ব্লাড সুগার নিয়ন্ত্রণে রাখতে সাহায্য করে, কিন্তু এটি খাবারের পরিমাণ বা গুণমানের বিকল্প নয়। যদি আপনি ওষুধ সত্ত্বেও অতিরিক্ত কার্বোহাইড্রেট (যেমন: সাদা চাল, ময়দার তৈরি খাবার, মিষ্টি) খান, তবে আপনার ব্লাড সুগার আবার বেড়ে যেতে পারে।

কিছু গুরুত্বপূর্ণ পরামর্শ:

১. কার্বোহাইড্রেট নিয়ন্ত্রণ: সাদা চালের বদলে ব্রাউন রাইস বা মাল্টigrain চাল খেতে পারেন। ময়দার জায়গায় ওটস বা সয়াবিন ফ্লোর ব্যবহার করুন।
২. মিষ্টি এড়িয়ে চলুন: গুড়, মধু, ক্যান্ডি, কেক বা চিনিযুক্ত পানীয় এড়িয়ে চলুন।
৩. প্রোটিন ও ফাইবার: প্রতিটি খাবারে প্রচুর সবজি, ডাল, মাছ বা মুরগির মাংস রাখুন। এটি ব্লাড সুগার হঠাৎ বাড়তে দেয় না।
৪. খাবারের সময়সূচি: নিয়মিত সময়ে খাবার খান। খালি পেটে ওষুধ খেলে হাইপোগ্লাইসেমিয়া (ব্লাড সুগার অতিরিক্ত কমে যাওয়া) হতে পারে।

মনে রাখবেন: ডায়াবেটিস ম্যানেজমেন্টের মূল চাবিকাঠি হলো ডায়েট + ওষুধ + নিয়মিত ব্যায়াম। শুধু ওষুধের ওপর নির্ভর করলে রোগটি নিয়ন্ত্রণে রাখা কঠিন হয়ে পড়ে।

আপনার বর্তমান ব্লাড সুগারের লেভেল কেমন? যদি খাবার খাওয়ার পর ব্লাড সুগার বারবার বেড়ে যায়, তবে দয়া করে আপনার চিকিৎসকের সাথে পরামর্শ করুন। তিনি আপনার ডায়েট প্ল্যান আপডেট করে দিতে পারেন।"
Qwen3.6-35B-A3B,14,1,Medication and insulin,ডায়াবেটিসের ওষুধ কি কিডনি বা হার্ট এর জন্য ক্ষতিকর?,"আপনার প্রশ্নটি খুবই গুরুত্বপূর্ণ এবং অনেক ডায়াবেটিস রোগীই এই বিষয়ে চিন্তিত থাকেন। চিন্তার কোনো কারণ নেই, কারণ আধুনিক চিকিৎসা বিজ্ঞানে ডায়াবেটিসের বেশিরভাগ ওষুধই নিরাপদ এবং বরং কীডনি বা হার্টকে রক্ষা করে। আসুন বিষয়টি বিস্তারিত বুঝে নেওয়া যাক:

১. কীডনির ওপর প্রভাব:
অনেকের ধারণা ডায়াবেটিসের ওষুধ কীডনি নষ্ট করে। কিন্তু বাস্তবে, অনিয়ন্ত্রিত উচ্চ রক্তে চিনি (High Blood Sugar) কীডনির ক্ষতি করে। ডায়াবেটিসের সঠিক ওষুধ সেবন করলে ব্লাড সুগার নিয়ন্ত্রণে থাকে, যা কীডনির রক্ষা করে।

SGLT2 Inhibitors (যেমন: Dapagliflozin, Empagliflozin): এই ধরনের ওষুধ বর্তমানে কীডনি এবং হার্টের জন্য অত্যন্ত উপকারী বলে প্রমাণিত হয়েছে। এগুলো কীডনির ফিল্ট্রেশন রেট ঠিক রাখতে সাহায্য করে।
Metformin: এটি সবচেয়ে নিরাপদ ওষুধগুলোর একটি। তবে যদি আপনার কীডনির সমস্যা আগে থেকেই থাকে (CKD), তবে ডাক্তার আপনার ক্রিয়েটিনিন লেভেল দেখে ডোজ সামঞ্জস্য করবেন।
২. হার্টের ওপর প্রভাব:
ডায়াবেটিস রোগীদের হার্টের সমস্যা হওয়ার ঝুঁকি বেশি থাকে। কিন্তু কিছু আধুনিক ওষুধ হার্টকে শক্তিশালী করে:

GLP-1 Receptor Agonists (যেমন: Liraglutide, Semaglutide): এই ইনজেকশন বা ট্যাবলেটগুলো হার্টের ঝুঁকি কমায় এবং ওজন কমাতেও সাহায্য করে।
Sulfonylureas (যেমন: Glimepiride): কিছু পুরনো ওষুধের দিক থেকে হার্টের ঝুঁকির কথা বলা হতো, কিন্তু বর্তমানে ডাক্তাররা নিরাপদ বিকল্পগুলোই বেশি প্রেসক্রাইব করেন।
গুরুত্বপূর্ণ বিষয়:
ডায়াবেটিসের ওষুধ বন্ধ করলে বা সঠিকভাবে না খেলে যে উচ্চ রক্তে চিনি থেকে যায়, তাই কীডনি এবং হার্টের সবচেয়ে বড় শত্রু। তাই ওষুধ সেবন বন্ধ করা ঠিক নয়।

আমার পরামর্শ:
১. কোনো ওষুধ বন্ধ করবেন না বা ডোজ পরিবর্তন করবেন না ডাক্তারের পরামর্শ ছাড়া।
২. নিয়মিত আপনার HbA1c, Serum Creatinine (কীডনি চেক করার জন্য) এবং Lipid Profile (হার্ট চেক করার জন্য) চেক করান।
৩. যদি আপনি এখনো Metformin বা অন্য ওষুধ খাচ্ছেন এবং কীডনি নিয়ে উদ্বেগ থাকে, তবে পরবর্তী ভিজিটে আপনার ডাক্তারকে জানান। তিনি আপনার রিপোর্ট দেখে হয়তো আপনার ওষুধের ধরন পরিবর্তন করে এমন ওষুধ দেবেন যা কীডনি ও হার্টের জন্য বেশি উপকারী।

সতর্কতা: যদি আপনার শরীরে ফোলা ভাব, প্রস্রাবে রক্ত পড়া, বা বুকে ব্যথা অনুভব করেন, তবে দেরি না করে অবিলম্বে একজন মেডিসিন বিশেষজ্ঞ বা ন্যাফ্রোলজিস্টের পরামর্শ নিন।

ডায়াবেটিস নিয়ন্ত্রণে রাখলে আপনি স্বাভাবিক ও সুস্থ জীবনযাপন করতে পারবেন। আত্মবিশ্বাস রাখুন এবং ডাক্তারের পরামর্শ মেনে চলুন।"
Qwen3.6-35B-A3B,14,2,Medication and insulin,ডায়াবেটিসের ওষুধ কি কিডনি বা হার্ট এর জন্য ক্ষতিকর?,"হ্যাঁ, এটি একটি খুবই গুরুত্বপূর্ণ এবং সাধারণ প্রশ্ন। অনেক রোগী ভাবেন যে ডায়াবেটিসের ওষুধ খেলে কিডনি বা হার্ট নষ্ট হয়ে যায়, কিন্তু বাস্তবতাটা একটু আলাদা। আসলে, অনিয়ন্ত্রিত উচ্চ রক্তে শর্করা (High Blood Sugar) কিডনি এবং হার্টের জন্য ওষুধের চেয়ে অনেক বেশি ক্ষতিকর।

তবে বিষয়টি বিস্তারিত বুঝিয়ে বলি:

১. কিডনির ওপর প্রভাব:

সাধারণ ওষুধ: বেশিরভাগ ডায়াবেটিসের ওষুধ, যেমন মেটফরমিন (Metformin), সাধারণত কিডনির জন্য নিরাপদ। বরং এটি কিডনির ক্ষতি রোধ করতে সাহায্য করে।
সতর্কতা: যদি আপনার কিডনি ফাংশন ইতিমধ্যেই খারাপ হয়ে থাকে (যেমন: CKD বা Chronic Kidney Disease), তবে কিছু ওষুধের ডোজ কমাতে হয় বা বাদ দিতে হয়। যেমন: মেটফরমিনের ক্ষেত্রে কিডনির ফিল্ট্রেশন রেট (eGFR) কম থাকলে সতর্কতা প্রয়োজন।
নতুন ওষুধ: বর্তমানে SGLT2 ইনহিবিটর (যেমন: এম্পাগ্লিফ্লোজিন) এবং GLP-1 রিসেপ্টর এগোনিষ্ট (যেমন: সেমাগ্লুটাইড) নামক ওষুধগুলো কিডনি এবং হার্ট—উভয়কেই সুরক্ষা দেয় বলে জানা গেছে।
২. হার্টের ওপর প্রভাব:

ডায়াবেটিস থাকলে হার্টের রোগের ঝুঁকি বাড়ে। সঠিক ওষুধ সেবন করলে এই ঝুঁকি কমে।
আবার, কিছু প্রাচীন ওষুধ (যেমন: সালফোনাইলইউরিয়া) হার্টের ওপর কিছুটা চাপ সৃষ্টি করতে পারে বা ওজন বাড়িয়ে দিতে পারে, যা পরোক্ষভাবে হার্টের জন্য ভালো নয়। তাই ডাক্তাররা এখন হার্ট-সুরক্ষাকারী ওষুধ পছন্দ করেন।
সঠিক পরামর্শ:
ডায়াবেটিসের ওষুধ কখনোই নিজে নিজে শুরু বা বন্ধ করবেন না। আপনার কিডনি (Creatinine/eGFR) এবং হার্টের অবস্থা দেখে একজন মেডিসিন স্পেশালিস্ট বা এন্ডোক্রিনোলজিস্ট সঠিক ওষুধ নির্ধারণ করবেন।

আপনার করণীয়:
১. নিয়মিত রক্তে শর্করা (Blood Sugar) এবং HbA1c টেস্ট করান।
২. বছরে অন্তত একবার কিডনি ফাংশন টেস্ট (Urine Albumin/Creatinine Ratio) করান।
৩. উচ্চ রক্তচাপ (BP) এবং কোলেস্টেরল নিয়ন্ত্রণে রাখুন, কারণ এগুলো হার্ট ও কিডনির জন্য ডায়াবেটিসের চেয়েও বেশি জরুরি।

আপনি যদি বর্তমানে কোনো ওষুধ খাচ্ছেন এবং পাশে ব্যথা বা অস্বস্তি অনুভব করেন, তবে দেরি না করে আপনার চিকিৎসকের সাথে যোগাযোগ করুন।"
Qwen3.6-35B-A3B,15,1,Medication and insulin,ওষুধ না খেয়ে শুধু ডায়েট মেনে চললে কি ডায়াবেটিস নিয়ন্ত্রণে রাখা সম্ভব?,"হ্যাঁ, সম্ভব। তবে এটি সম্পূর্ণ নির্ভর করছে আপনার ডায়াবেটিসের ধরন (Type) এবং অবস্থার ওপর।

সাধারণত Type 2 Diabetes-এর শুরুতে, যদি রোগী ওভারওয়েট বা অতিরিক্ত ওজনযুক্ত হন এবং রোগটি নতুন ধরা পড়ে থাকে, তবে শুধুমাত্র ডায়েট এবং লাইফস্টাইল পরিবর্তনের মাধ্যমে ব্লাড সুগার নিয়ন্ত্রণে রাখা সম্ভব। অনেক ক্ষেত্রে ডাক্তাররা প্রথমে ৩-৬ মাস পর্যন্ত ওষুধ ছাড়াই ট্রায়াল করেন।

কিন্তু কিছু বিষয় খেয়াল রাখা জরুরি:

১. ডায়েটের সঠিক ব্যবস্থাপনা: শুধু ""খাবার কম খাওয়া"" যথেষ্ট নয়। আপনাকে কার্বোহাইড্রেট (চাউল, রুটি, আলু), চিনি এবং ফ্যাটের পরিমাণ সঠিকভাবে নিয়ন্ত্রণ করতে হবে। বাংলাদেশের খাবারের তালিকায় চালের পরিবর্তে ভাতের পরিমাণ কমানো বা ব্রাউন রাইস/মিলেট ব্যবহার করা ভালো।

২. নিয়মিত ব্যায়াম: সপ্তাহে অন্তত ১৫০ মিনিট মাঝারি ধরনের ব্যায়াম (যেমন: দ্রুত হাঁটা) করা জরুরি।

৩. নিয়মিত মনিটরিং: ডায়েট মেনে চললেও প্রতি ৩ মাসে একবার HbA1c টেস্ট করানো উচিত, যাতে দেখা যায় ব্লাড সুগার নিয়ন্ত্রণে আছে কিনা।

কখন ওষুধের প্রয়োজন হতে পারে?

যদি আপনি Type 1 Diabetes রোগী হন, তবে ইনসুলিন ছাড়া চলা সম্ভব নয়।
যদি ডায়েট ও ব্যায়ামের পরেও ব্লাড সুগার নিয়ন্ত্রণে না আসে।
যদি রোগটি দীর্ঘদিন ধরে চালু থাকে এবং প্যানক্রিয়াসের কাজ কমে যায়।
পরামর্শ:
দয়া করে নিজে নিজে ওষুধ বন্ধ করবেন না। আপনার বর্তমান ব্লাড সুগারের লেভেল এবং HbA1c রেজাল্ট দেখিয়ে একজন Endocrinologist বা Diabetologist-এর পরামর্শ নিন। তিনি আপনার শারীরিক অবস্থা বুঝে সিদ্ধান্ত দেবেন যে ডায়েট alone যথেষ্ট কিনা।

সতর্কতা: যদি আপনি মাথা ঘোরা, অতিরিক্ত তৃষ্ণা, বা প্রস্রাবের পরিমাণ বেড়ে যাওয়ার মতো লক্ষণ অনুভব করেন, তবে দেরি না করে দ্রুত ডাক্তারের শরণাপন্ন হোন।"
Qwen3.6-35B-A3B,15,2,Medication and insulin,ওষুধ না খেয়ে শুধু ডায়েট মেনে চললে কি ডায়াবেটিস নিয়ন্ত্রণে রাখা সম্ভব?,"হ্যাঁ, সম্পূর্ণ সম্ভব। অনেক ক্ষেত্রে শুধুমাত্র ডায়েট এবং লাইফস্টাইল পরিবর্তনের মাধ্যমেই ডায়াবেটিস নিয়ন্ত্রণে রাখা যায়। তবে এটি নির্ভর করছে আপনার ডায়াবেটিসের ধরন (Type 1 নাকি Type 2) এবং রোগের তীব্রতার ওপর।

সাধারণত টাইপ ২ ডায়াবেটিসের শুরুতে বা হালকা অবস্থায় ডাক্তাররা প্রথমে ওষুধ না দিয়েই ডায়েট ও ব্যায়ামের পরামর্শ দেন। যদি আপনার শরীর ওজন কমাতে এবং রক্তে শর্করা নিয়ন্ত্রণে রাখতে সাহায্য করে, তবে ওষুধ ছাড়াই চলতে পারেন।

ডায়াবেটিস নিয়ন্ত্রণে রাখতে আপনাকে এই বিষয়গুলো খেয়াল রাখতে হবে:

১. কার্বোহাইড্রেট কমানো: সাদা চাল, রুটি, ময়দাজাত দ্রব্য (বিস্কুট, নুডলস) খুব কমিয়ে দিন। এর বদলে ব্রাউন রাইস, ওটস, বা মুড়ি খেতে পারেন।
২. শাকসবজি ও ফাইবার: প্রতিটি খাবারে পর্যাপ্ত সবজি রাখুন। এটি ব্লাড সুগার বাড়তে দেয় না।
৩. চিনি ও মিষ্টি পরিহার: চা-কফিতে চিনি দেবেন না। মিষ্টি, কেক, পায়জা বাদ দিন।
৪. নিয়মিত ব্যায়াম: দিনে অন্তত ৩০-৪৫ মিনিট হাঁটাচলা বা হালকা ব্যায়াম করুন। এটি ইনসুলিনের কাজকে সহজ করে।
৫. ওজন নিয়ন্ত্রণ: যদি ওজন বেশি থাকে, তবে ৫-১০% ওজন কমানো ব্লাড সুগার নিয়ন্ত্রণে বিস্ময়কর প্রভাব ফেলে।

সতর্কতা:
আপনি যদি শুধু ডায়েট মেনে চলেন, তবে নিয়মিত ব্লাড সুগার চেক করতে ভুলবেন না। প্রতি ৩ মাসে একবার HbA1c টেস্ট করিয়ে দেখুন আপনার গড় সুগার লেভেল কেমন আছে।

যদি ডায়েট ও ব্যায়াম মেনে চলার পরেও ব্লাড সুগার নিয়ন্ত্রণে না আসে, তবে ওষুধ বা ইনসুলিনের প্রয়োজন হতে পারে। তখন ডাক্তারের পরামর্শ ছাড়া ওষুধ বন্ধ করবেন না।

আপনার বর্তমান ব্লাড সুগার লেভেল কেমন? এবং আপনি কি টাইপ ১ নাকি টাইপ ২ ডায়াবেটিসে আক্রান্ত? জানালে আমি আরও সঠিক পরামর্শ দিতে পারব।"
Qwen3.6-35B-A3B,16,1,Medication and insulin,ডায়াবেটিসের চিকিৎসায় ভেজষ বা হোমিওপ্যাথিক কি ভালো কাজ করে?,"স্বাগতম। ডায়াবেটিস বা ডায়াবেটিস মেলিটাস একটি গুরুতর এবং দীর্ঘস্থায়ী রোগ, যার সঠিক ব্যবস্থাপনা না করলে হৃদরোগ, কিডনি ফেইলিওর বা চোখের সমস্যার মতো জটিলতা দেখা দিতে পারে।

আপনার প্রশ্নের উত্তরটি খুব স্পষ্ট এবং বিজ্ঞানসম্মতভাবে নিচে দেওয়া হলো:

১. আয়ুর্বেদ বা হোমিওপ্যাথির ভূমিকা:
বর্তমান চিকিৎসা বিজ্ঞান (Evidence-based Medicine) অনুযায়ী, ডায়াবেটিসের মূল চিকিৎসায় ইনসুলিন বা অরাল ডায়াবেটিসের ওষুধ (যেমন: Metformin, Glibenclamide ইত্যাদি) একমাত্র কার্যকরী ও প্রমাণিত উপায়। আয়ুর্বেদ বা হোমিওপ্যাথিক ঔষধ ডায়াবেটিসের চিকিৎসা হিসেবে বিবেচিত হয় না। অর্থাৎ, এগুলো দিয়ে ব্লাড সুগারকে স্বাভাবিক পরিসরে আনা সম্ভব নয়।

২. সাহায্যকারী হিসেবে ব্যবহার:
কিছু আয়ুর্বেদিক বা হার্বাল ঔষধ (যেমন: কটুম্বী, মেথি, করলা, কুইনোয়া ইত্যাদি) বা হোমিওপ্যাথিক ঔষধ রক্তে শর্করার মাত্রা কিছুটা কমাতে বা ইনসুলিনের সংবেদনশীলতা বাড়াতে সহায়ক হিসেবে কাজ করতে পারে। তবে এগুলো কখনোই মূল ওষুধের বিকল্প হতে পারে না।

৩. সতর্কতা ও পরামর্শ:

ওষুধ বন্ধ করবেন না: যদি আপনি ইতিমধ্যে আপনার ডাক্তারের পরামর্শে ইনসুলিন বা ট্যাবলেট খাচ্ছেন, তবে আয়ুর্বেদ বা হোমিওপ্যাথিক ঔষধ শুরু করার সময় কখনোই আপনার বর্তমান ডায়াবেটিসের ওষুধ বন্ধ করবেন না। হঠাৎ ওষুধ বন্ধ করলে হাইপোগ্লাইসেমিয়া (রক্তে শর্করা অতিরিক্ত কমে যাওয়া) বা ডায়াবেটিক কিটোঅ্যাসিডোসিসের মতো মারাত্মক অবস্থা দেখা দিতে পারে যা প্রাণঘাতী হতে পারে।
ডাক্তারের পরামর্শ নিন: যদি আপনি আয়ুর্বেদ বা হোমিওপ্যাথিক চিকিৎসা নিতে চান, তবে অবশ্যই আপনার ডায়াবেটিস বিশেষজ্ঞ (Endocrinologist) বা মেডিসিন বিশেষজ্ঞকে জানাবেন। তারা আপনার বর্তমান ওষুধের সাথে কোনো পারস্পরিক প্রভাব (Interaction) আছে কিনা তা যাচাই করে দেবেন।
জীবনযাপনই মূল চিকিৎসা: ডায়াবেটিস নিয়ন্ত্রণে ওষুধের চেয়েও বেশি গুরুত্বপূর্ণ হলো ডায়েট এবং ব্যায়াম।
চিনি, মিষ্টি, সাদা ভাত এবং প্রক্রিয়াজাত খাবার এড়িয়ে চলুন।
প্রতিদিন অন্তত ৩০ মিনিট হাঁটাচলা বা ব্যায়াম করুন।
নিয়মিত ব্লাড সুগার চেক করুন।
সারকথা: আয়ুর্বেদ বা হোমিওপ্যাথি ডায়াবেটিসের সম্পূর্ণ চিকিৎসা নয়। এগুলো শুধুমাত্র সহায়ক হিসেবে ব্যবহার করা যেতে পারে, তবে সেটিও আপনার চিকিৎসকের তত্ত্বাবধানে। ডায়াবেটিস নিয়ন্ত্রণে সেরা উপায় হলো নিয়মিত ওষুধ সেবন, সঠিক ডায়েট এবং নিয়মিত চেকআপ।

আপনার যদি বর্তমানে ব্লাড সুগারের সমস্যা থাকে বা ওষুধের ডোজ নিয়ে কোনো দ্বিধা থাকে, তবে দেরি না করে একজন রেজিস্টার্ড ডাক্তারের পরামর্শ নিন।"
Qwen3.6-35B-A3B,16,2,Medication and insulin,ডায়াবেটিসের চিকিৎসায় ভেজষ বা হোমিওপ্যাথিক কি ভালো কাজ করে?,"ভাইয়া/আপু, ডায়াবেটিস বা ডায়াবেটিসের চিকিৎসায় ভেষজ বা হোমিওপ্যাথিক ওষুধের বিষয়ে আপনার প্রশ্নটি খুবই গুরুত্বপূর্ণ। আমি একজন মেডিকেল AI অ্যাসিস্ট্যান্ট হিসেবে আপনাকে স্পষ্ট ও নিরাপদ পরামর্শ দিচ্ছি।

সরাসরি উত্তর: বর্তমান আধুনিক চিকিৎসা বিজ্ঞান (Evidence-based Medicine) অনুযায়ী, ডায়াবেটিসের মতো একটি গুরুতর এবং জটিল রোগের চিকিৎসায় হোমিওপ্যাথিক বা শুধুমাত্র ভেষজ ওষুধকে প্রধান চিকিৎসা হিসেবে গ্রহণ করা বিপজ্জনক হতে পারে।

কেন এটি ঝুঁকিপূর্ণ, তার কিছু কারণ নিচে দেওয়া হলো:

১. ব্লাড সুগার নিয়ন্ত্রণে অপ্রমাণিত ফলাফল: হোমিওপ্যাথিক ওষুধ বা অনেক ভেষজ প্রস্তুতির বৈজ্ঞানিক প্রমাণ নেই যে এগুলো দীর্ঘমেয়াদে ব্লাড সুগারকে স্থিতিশীল রাখতে পারে। ডায়াবেটিসে ব্লাড সুগার নিয়ন্ত্রণ না থাকলে তা হৃদরোগ, কিডনি ব্যর্থতা, বা চোখের সমস্যার মতো গুরুতর জটিলতায় নিয়ে যেতে পারে।

২. ইনসুলিন বা মেটফর্মিনের বিকল্প নয়: ডায়াবেটিস টাইপ ১-এর ক্ষেত্রে ইনসুলিন ছাড়া অন্য কিছুই কাজ করে না। টাইপ ২ ডায়াবেটিসেও অনেক সময় ইনসুলিন বা মেটফর্মিন (Metformin) এর মতো ওষুধ প্রয়োজন হয়। ভেষজ ওষুধ দিয়ে এই ওষুধগুলো বন্ধ করলে রক্তে সুগারের মাত্রা হঠাৎ বেড়ে যেতে পারে (Hyperglycemia), যা জীবনহানিকর হতে পারে।

৩. ভেষজ ওষুধের পার্শ্বপ্রতিক্রিয়া: অনেক ভেষজ ওষুধে লিভার বা কিডনির উপর নেতিবাচক প্রভাব পড়তে পারে, বিশেষ করে যদি আপনি আগে থেকেই অন্য কোনো ওষুধ খান।

আমার পরামর্শ (Recommendation):

অবিলম্বে ডাক্তারের পরামর্শ নিন: আপনি যদি ডায়াবেটিসে ভুগছেন, তবে একজন মেডিসিন বিশেষজ্ঞ (Medicine Specialist) বা এন্ডোক্রিনোলজিস্ট (Endocrinologist)-এর পরামর্শ নিন।
নিয়মিত টেস্ট: আপনার HbA1c, Fasting Blood Sugar, এবং Post-prandial Blood Sugar নিয়মিত চেক করুন।
জীবনযাত্রার পরিবর্তন: ডায়াবেটিস নিয়ন্ত্রণে ওষুধের চেয়েও গুরুত্বপূর্ণ হলো ডায়েট (Diet) এবং ব্যায়াম (Exercise)। কম কার্বোহাইড্রেট, বেশি ফাইবারযুক্ত খাবার এবং নিয়মিত হাঁটাচলা ডায়াবেটিস নিয়ন্ত্রণে সবচেয়ে কার্যকর।
সতর্কতা: কোনো হোমিওপ্যাথিক বা ভেষজ চিকিৎসককে আপনার বর্তমান ডায়াবেটিসের ওষুধ বন্ধ করে দেওয়ার নির্দেশ দেবেন না। যদি আপনি হোমিওপ্যাথি বা ভেষজ চিকিৎসা চান, তবে সেটি শুধুমাত্র সহায়ক (Supplementary) হিসেবে এবং আপনার মেইন ডাক্তারের সম্মতি নিয়ে করুন।
সারকথা: ডায়াবেটিস একটি ""Silent Killer""। এটি নিয়ে ঝুঁকি নেওয়া ঠিক নয়। দয়া করে আধুনিক চিকিৎসা বিজ্ঞানের ওপর ভরসা রাখুন এবং নিয়মিত চিকিৎসকের তত্ত্বাবধানে থাকুন।

আপনার সুস্থতা কামনা করছি। কোনো জরুরি লক্ষণ (যেমন অতিরিক্ত তৃষ্ণা, বারবার প্রস্রাব, বা অস্বাভাবিক ক্লান্তি) দেখা দিলে দেরি না করে হাসপাতালে যান।"
Qwen3.6-35B-A3B,17,1,Lifestyle and exercise,"ডায়াবেটিস হলে কী ধরনের ব্যায়াম করবো (যেমন হাঁটা, জগিং ইত্যাদি) এবং দিনে কতক্ষণ ব্যায়াম করা উচিত?","হ্যালো! ডায়াবেটিস নিয়ন্ত্রণে রাখতে ব্যায়াম বা শারীরিক পরিশ্রম অত্যন্ত জরুরি। এটি আপনার শরীরের ইনসুলিনের কাজ সহজ করে এবং ব্লাড সুগার লেভেল স্বাভাবিক রাখতে সাহায্য করে।

বাংলাদেশের আবহাওয়া এবং সাধারণ স্বাস্থ্য অবস্থা বিবেচনা করে আমি আপনাকে কিছু নির্দিষ্ট পরামর্শ দিচ্ছি:

১. কোন ধরনের ব্যায়াম করবেন?
আপনার বর্তমান ফিটনেস লেভেল অনুযায়ী নিচের ব্যায়ামগুলো শুরু করতে পারেন:

হাঁটা (Walking): এটি সবচেয়ে নিরাপদ এবং কার্যকরী ব্যায়াম। আপনি খোলা মাঠে, পার্কে বা বাড়ির ভেতরে হাঁটা-ঘোটা করতে পারেন।
সোজা হাঁটা বা জগিং (Brisk Walking/Jogging): যদি আপনি আগে থেকেই একটু সক্রিয় থাকেন, তবে হালকা জগিং করতে পারেন। তবে এটি খুব এক্সট্রিম না করে হালকা রাখুন।
ইয়োগা বা স্ট্রেচিং (Yoga/Stretching): ডায়াবেটিস রোগীদের জন্য ইয়োগা খুব উপকারী। এটি মানসিক চাপ কমায় এবং রক্তচাপ নিয়ন্ত্রণে রাখে। 'প্রাণায়াম' বা গভীর শ্বাস-প্রশ্বাসের ব্যায়ামও ভালো।
হালকা ওজন উত্তোলন (Light Weight Training): যদি সম্ভব হয়, হালকা ডাম্বেল বা রেজিস্ট্যান্স ব্যান্ড দিয়ে হাত-পা ব্যায়াম করতে পারেন। এটি পেশী গঠনে সাহায্য করে, যা ব্লাড সুগার শোষণে ভূমিকা রাখে।
২. দিনে কতক্ষণ ব্যায়াম করা উচিত?

শুরুতে: যদি আপনি নতুন শুরু করেন, তবে দিনে ১০-১৫ মিনিট করে দিয়ে শুরু করুন।
ধীরে ধীরে বাড়ান: কয়েক সপ্তাহের মধ্যে এটি বাড়িয়ে দিনে ৩০-৪৫ মিনিট করতে পারেন।
নিয়ম: সবচেয়ে ভালো হয় যদি আপনি দিনে ৩০ মিনিট ব্যায়াম করেন, তবে সেটি একসাথে না করে দুই ভাগে ভাগ করে নেন (যেমন: সকালে ১৫ মিনিট এবং বিকেলে ১৫ মিনিট)।
কিছু জরুরি সতর্কতা:

খাবার খেয়ে ব্যায়াম: ব্যায়াম করার আগে অন্তত ১-২ ঘণ্টা আগে খাবার খেয়ে নিন। খালি পেটে ব্যায়াম করলে হাইপোগ্লাইসেমিয়া (ব্লাড সুগার খুব কমে যাওয়া) হতে পারে, যা বিপজ্জনক।
জুতা পরুন: হাঁটার সময় সঠিক সাইজের এবং নরম তলার জুতা পরুন। ডায়াবেটিসে পায়ে ঘা হওয়ার ঝুঁকি বেশি থাকে, তাই পায়ে চোট লাগলে তা দ্রুত সারবে না।
পানি পান করুন: ব্যায়ামের আগে, মাঝে এবং পরে পর্যাপ্ত পানি পান করুন।
শরীরের সংকেত: ব্যায়াম করার সময় যদি বুকে ব্যথা লাগে, মাথা ঘোরে, বা অতিরিক্ত ক্লান্তি বোধ করেন, তবে সাথে সাথে ব্যায়াম বন্ধ করুন।
গুরুত্বপূর্ণ পরামর্শ:
আপনার বর্তমান ব্লাড সুগার লেভেল এবং অন্যান্য স্বাস্থ্য সমস্যা (যেমন হৃদরোগ বা চোখের সমস্যা) বিবেচনা করে সঠিক ব্যায়ামের প্ল্যান করার জন্য একজন এন্ডোক্রিনোলজিস্ট (Endocrinologist) বা আপনার চিকিৎসকের পরামর্শ নেওয়া সবচেয়ে নিরাপদ।

নিয়মিত ব্যায়াম এবং সঠিক ডায়েট মেনে চললে ডায়াবেটিস খুব ভালোভাবে নিয়ন্ত্রণে রাখা সম্ভব। ধৈর্য ধরুন, ফলাফল ধীরে ধীরে আসবে।"
Qwen3.6-35B-A3B,17,2,Lifestyle and exercise,"ডায়াবেটিস হলে কী ধরনের ব্যায়াম করবো (যেমন হাঁটা, জগিং ইত্যাদি) এবং দিনে কতক্ষণ ব্যায়াম করা উচিত?","হ্যাঁ, নিশ্চয়ই। ডায়াবেটিস নিয়ন্ত্রণে রাখতে ব্যায়াম বা শারীরিক পরিশ্রম অত্যন্ত জরুরি। এটি আপনার শরীরের ইনসুলিন সেন্সিটিভিটি বাড়ায় এবং ব্লাড সুগার লেভেল কমাতে সাহায্য করে।

নিচে কিছু সহজ ও কার্যকরী ব্যায়াম এবং সময়সীমা নিয়ে আলোচনা করা হলো:

১. কী ধরনের ব্যায়াম করবেন?

হাঁটাচলা (Walking): এটি সবচেয়ে নিরাপদ এবং সহজ ব্যায়াম। আপনি প্রতিদিন অন্তত ৩০ মিনিট দ্রুত হাঁটতে পারেন। যদি একসাথে ৩০ মিনিট না পারেন, তবে দিনে ৩ বার করে ১০ মিনিট করে হাঁটলেও কাজ হবে।
হালকা জগিং বা দৌড়ানো: যদি আপনার জয়েন্টের সমস্যা না থাকে, তবে হালকা গতিতে জগিং করতে পারেন। তবে খেয়াল রাখবেন যেন শরীর খুব বেশি ক্লান্ত না হয়।
স্ট্রেচিং বা যোগব্যায়াম (Yoga/Stretching): বিশেষ করে 'পাঞ্চোচাসন', 'তাকাসান' বা সাধারণ হালকা স্ট্রেচিং এক্সারসাইজ ডায়াবেটিস রোগীদের জন্য খুব উপকারী। এটি মানসিক চাপ কমায় এবং রক্ত সঞ্চালন বাড়ায়।
শক্তি বৃদ্ধিমূলক ব্যায়াম (Strength Training): হালকা ওজন তোলার ব্যায়াম বা রেজিস্ট্যান্স ব্যান্ড ব্যবহার করাও ভালো। এটি পেশী গঠনে সাহায্য করে, যা ব্লাড সুগার নিয়ন্ত্রণে গুরুত্বপূর্ণ ভূমিকা রাখে।
২. দিনে কতক্ষণ ব্যায়াম করা উচিত?

সাধারণত সপ্তাহে অন্তত ১৫০ মিনিট মাঝারি তীব্রতার ব্যায়াম করার পরামর্শ দেওয়া হয়।
অর্থাৎ, প্রতিদিন ৩০ থেকে ৪৫ মিনিট ব্যায়াম করলেই ভালো ফলাফল পাওয়া যায়।
সপ্তাহে অন্তত ২-৩ দিন শক্তি বৃদ্ধিমূলক ব্যায়াম (Strength Training) যুক্ত করা উচিত।
কিছু গুরুত্বপূর্ণ সতর্কতা:

খাবারের সময়: ব্যায়াম করার ঠিক আগে বা পরে হাইপোগ্লাইসেমিয়া (ব্লাড সুগার অতিরিক্ত কমে যাওয়া) এড়াতে খেয়াল রাখবেন। ব্যায়াম করার আগে যদি আপনার ব্লাড সুগার ১০০ mg/dL এর নিচে থাকে, তবে কিছুটা হালকা খাবার (যেমন এক গ্লাস দুধ বা একটা কলা) খেয়ে নিন।
পানি পান: ব্যায়ামের সময় ও পরে পর্যাপ্ত পানি পান করুন।
জুতা ও মোজা: ফুটওয়্যার হিসেবে সঠিক সাইজের স্নিকার্স বা কমফোর্টেবল জুতা পরুন। ডায়াবেটিসে পায়ে ঘা হওয়ার ঝুঁকি বেশি থাকে, তাই পায়ে কোনো চোট না লাগে সেদিকে খেয়াল রাখুন।
ধীরে শুরু করুন: যদি আপনি আগে কখনো ব্যায়াম না করে থাকেন, তবে খুব ধীরে ধীরে শুরু করুন এবং ধাপে ধাপে সময় বাড়ান।
সতর্কতা: আপনার যদি হার্টের সমস্যা, চোখের জটিলতা (Retinopathy), বা পায়ে ঘা/ক্ষত থাকে, তবে ব্যায়াম শুরু করার আগে অবশ্যই আপনার চিকিৎসকের পরামর্শ নিন। তিনি আপনার শারীরিক অবস্থা বুঝে সঠিক ব্যায়ামের পরামর্শ দেবেন।

নিয়মিত ব্যায়াম এবং সঠিক ডায়েট মেনে চললে ডায়াবেটিস খুব সহজেই কন্ট্রোলে রাখা সম্ভব। ধৈর্য ধরুন, ফলাফল পাওয়া যাবেই।"
Qwen3.6-35B-A3B,18,1,Lifestyle and exercise,ডায়াবেটিস হলে কি শরীরের ওজন কমানো জরুরি?,"হ্যাঁ, ডায়াবেটিস বা টাইপ-২ ডায়াবেটিস থাকলে শরীরের ওজন কমানো বা নিয়ন্ত্রণে রাখা অত্যন্ত জরুরি। এটি আপনার রক্তে শর্করার মাত্রা (Blood Sugar) নিয়ন্ত্রণে রাখতে বড় ভূমিকা রাখে।

কেন ওজন কমানো জরুরি?
১. ইনসুলিন রেজিস্ট্যান্স কমে: অতিরিক্ত চর্বি বা ওজন থাকলে শরীর ইনসুলিন ঠিকমতো কাজ করতে পারে না। ওজন কমানো মানেই ইনসুলিনের কার্যকারিতা বাড়ানো।
২. হৃদরোগের ঝুঁকি কমে: ডায়াবেটিস রোগীদের হৃদরোগের ঝুঁকি বেশি থাকে। স্বাভাবিক ওজন বজায় রাখলে হৃদরোগ প্রতিরোধে সাহায্য করে।
৩. ঔষধের ডোজ কমে: অনেক সময় ওজন কমানোর মাধ্যমে ডায়াবেটিস কন্ট্রোল করা যায় এবং ঔষধের ডোজ কমানো বা বন্ধ করা সম্ভব হয় (ডাক্তারের পরামর্শে)।

কীভাবে ওজন কমানো উচিত?

সঠিক ডায়েট: সাদা চালের পরিবর্তে ব্রাউন রাইস বা মাল্টিগ্রেন রাইস খেতে পারেন। মিষ্টি, চিনি এবং প্রসেসড ফুড এড়িয়ে চলুন। সবজি এবং ফল (কম গ্লিসেমিক ইনডেক্সের) খেতে পারেন।
নিয়মিত ব্যায়াম: প্রতিদিন অন্তত ৩০ মিনিট হাঁটা, যোগব্যায়াম বা হালকা ব্যায়াম করুন।
ধীরে ধীরে ওজন কমানো: অল্প সময়ের মধ্যে দ্রুত ওজন কমানো ঠিক নয়। মাসে ১-২ কেজি ওজন কমানোই স্বাস্থ্যের জন্য ভালো।
সতর্কতা:
যদি আপনার টাইপ-১ ডায়াবেটিস থাকে অথবা আপনি খুব বেশি পাতলা হয়ে যান, তবে ওজন কমানো ঝুঁকিপূর্ণ হতে পারে। তাই যেকোনো ডায়েট বা ওজন কমানোর প্ল্যান শুরু করার আগে অবশ্যই আপনার চিকিৎসক বা ডায়াবেটিস স্পেশালিস্টের পরামর্শ নিন।

আপনার বর্তমান উচ্চতা ও ওজন কী? জানালে আমি আপনাকে আরও সঠিকভাবে গাইড করতে পারব।"
Qwen3.6-35B-A3B,18,2,Lifestyle and exercise,ডায়াবেটিস হলে কি শরীরের ওজন কমানো জরুরি?,"হ্যাঁ, ডায়াবেটিস বা প্রদাহ রোগে শরীরের ওজন কমানো অত্যন্ত জরুরি, বিশেষ করে যদি আপনার ওজন বাড়তি (overweight) বা স্থূলতা (obesity) থাকে।

এর পেছনের কারণগুলো খুব সহজভাবে বুঝিয়ে বলছি:

১. ইনসুলিন রেজিস্ট্যান্স কমে: যখন আমরা বেশি ওজন增加 করি, বিশেষ করে পেটের চারপাশে চর্বি জমে, তখন শরীরের কোষগুলো ইনসুলিনের কাজ ঠিকমতো করতে পারে না। একে বলা হয় 'ইনসুলিন রেজিস্ট্যান্স'। ওজন কমালে এই সমস্যা কমে এবং ইনসুলিন ভালো কাজ করে, ফলে ব্লাড সুগার নিয়ন্ত্রণে থাকে।

২. হৃদরোগের ঝুঁকি কমে: ডায়াবেটিস রোগীদের হৃদরোগ এবং স্ট্রোক হওয়ার ঝুঁকি সাধারণ মানুষের চেয়ে বেশি থাকে। স্বাস্থ্যকর ওজন বজায় রাখলে হৃদপিণ্ডের স্বাস্থ্য ভালো থাকে।

৩. ঔষধের মাত্রা কমে: অনেক সময় ওজন কমানোর মাধ্যমে ডায়াবেটিসের ঔষধের মাত্রা কমানো যায় বা কিছু ক্ষেত্রে ডাক্তারের পরামর্শে ঔষধ বন্ধও করা সম্ভব হতে পারে।

কিভাবে ওজন কমানো উচিত?

ধীরে ধীরে ওজন কমানো: হঠাৎ করে খুব দ্রুত ওজন কমানো ঠিক নয়। মাসে ১-২ কেজি ওজন কমানোই যথেষ্ট এবং নিরাপদ।
সঠিক ডায়েট: সাদা চালের পরিবর্তে ব্রাউন রাইস বা মাল্টিগ্রেন রাইস খেতে পারেন। মিষ্টি, মধু, গুড় এবং প্রক্রিয়াজাত খাবার (processed food) এড়িয়ে চলুন। সবজি এবং ফল খাওয়া জরুরি, তবে খেজুর, কলা বা আমের মতো অতিরিক্ত মিষ্টি ফল সীমিত পরিমাণে খাবেন।
নিয়মিত ব্যায়াম: প্রতিদিন অন্তত ৩০ মিনিট হাঁটাচলা বা হালকা ব্যায়াম করুন। এটি ব্লাড সুগার কমাতে খুব সাহায্য করে।
পানি বেশি খান: দিনে কমপক্ষে ৮-১০ গ্লাস পানি পান করুন।
সতর্কতা:
যদি আপনার ওজন কম হয়ে যায় (অর্থাৎ আপনি খুবই পাতলা হয়ে যান), তবে ওজন কমানোর চেষ্টা করা উচিত নয়। বরং পুষ্টির দিকে খেয়াল রাখতে হবে।

পরামর্শ:
ওজন কমানোর জন্য কোনো নির্দিষ্ট ডায়েট প্ল্যান বা ব্যায়াম রুটিন শুরুর আগে অবশ্যই আপনার চিকিৎসক বা একজন রেজিস্টার্ড ডায়েটিশিস্টের পরামর্শ নিন। তারা আপনার বর্তমান স্বাস্থ্য অবস্থা, ব্লাড সুগার লেভেল এবং অন্যান্য রোগের ওপর ভিত্তি করে সঠিক পরামর্শ দেবেন।

আপনার বর্তমান উচ্চতা এবং ওজন কী? যদি জানাতে চান, তবে আমি আপনাকে আরও নির্দিষ্ট কিছু টিপস দিতে পারি।"
Qwen3.6-35B-A3B,19,1,Lifestyle and exercise,ডায়াবেটিস রোগীদের জন্য দিনে কতক্ষণ হাঁটা উচিত?,"হ্যাঁ, নিয়মিত হাঁটা ডায়াবেটিস নিয়ন্ত্রণে খুবই কার্যকরী। সাধারণত একজন ডায়াবেটিস রোগীর জন্য দিনে অন্তত ৩০ থেকে ৪৫ মিনিট হাঁটা বা শারীরিক পরিশ্রম করা উচিত।

কিছু গুরুত্বপূর্ণ বিষয় মনে রাখবেন:

১. ধাপে ধাপে শুরু করুন: যদি আপনি আগে থেকেই হাঁটেন না, তবে প্রথমে দিনে ১০-১৫ মিনিট দিয়ে শুরু করুন। সময়ের সাথে সাথে এটি বাড়িয়ে ৩০ মিনিটে পৌঁছান।

২. খাবারের পরে হাঁটা: খাবার খাওয়ার ঠিক ৩০ মিনিট পরে হাঁটা শুরু করা সবচেয়ে ভালো। এটি ব্লাড সুগার নিয়ন্ত্রণে সাহায্য করে।

৩. ভাগ করে নেওয়া: যদি একসাথে ৩০ মিনিট হাঁটা কঠিন মনে হয়, তবে দিনে তিনবার করে ১০-১৫ মিনিট করে হাঁটতে পারেন।

৪. আরামদায়ক জুতা: হাঁটার সময় আরামদায়ক এবং সঠিক ফিটিং-এর জুতা পরুন। পায়ে ঘা বা ব্যথা হলে ব্লাড সুগার নিয়ন্ত্রণের জন্য ঝুঁকি তৈরি হতে পারে।

৫. হাইপোগ্লাইসেমিয়া (কম ব্লাড সুগার) সতর্কতা: যদি আপনি ইনসুলিন বা কোনো ওষুধ খান, তবে হাঁটার আগে এবং পরে আপনার ব্লাড সুগার চেক করা ভালো। খুব কম সুগার হয়ে গেলে তাৎক্ষণিক মিষ্টি কিছু খেতে পারেন।

সতর্কতা: আপনার যদি পায়ে ঘা, চোখের সমস্যা (রেটিনোপ্যাথি), বা হৃদরোগের ইতিহাস থাকে, তবে হাঁটার ধরন এবং পরিমাণ নিয়ে আপনার চিকিৎসকের পরামর্শ নিয়ে নিন।

নিয়মিত হাঁটা এবং সঠিক ডায়েট মেনে চললে আপনার ব্লাড সুগার নিয়ন্ত্রণে রাখা সহজ হবে। ধৈর্য ধরুন, ফলাফল ধীরে ধীরে আসবে।"
Qwen3.6-35B-A3B,19,2,Lifestyle and exercise,ডায়াবেটিস রোগীদের জন্য দিনে কতক্ষণ হাঁটা উচিত?,"হ্যালো! ডায়াবেটিস বা মিউহূর্ত রোগীদের জন্য নিয়মিত হাঁটাচলা বা এক্সারসাইজ অত্যন্ত জরুরি। এটি আপনার ব্লাড সুগার কন্ট্রোল করতে এবং হৃদযন্ত্রের স্বাস্থ্য ভালো রাখতে সাহায্য করে।

সাধারণভাবে, একজন ডায়াবেটিক রোগীর জন্য দিনে অন্তত ৩০ থেকে ৪৫ মিনিট হাঁটা উচিত। তবে এটি আপনার শারীরিক অবস্থা এবং ডায়াবেটিসের ধরণের ওপর নির্ভর করে সামান্য কম-বেশি হতে পারে।

কিছু গুরুত্বপূর্ণ টিপস মনে রাখবেন:

১. ধাপে ধাপে শুরু করুন: যদি আপনি আগে থেকে এক্সারসাইজ না করে থাকেন, তবে দিনে ১০-১৫ মিনিট দিয়ে শুরু করুন এবং ধীরে ধীরে সময় বাড়ান।
২. খাবারের পরে হাঁটুন: খাবার খাওয়ার ঠিক ৩০ মিনিট পরে হাঁটা শুরু করা সবচেয়ে ভালো। এতে খাবার থেকে আসা সুগার বা কার্বোহাইড্রেট দ্রুত শরীরে শোষিত হয় এবং ব্লাড সুগার লেভেল নিয়ন্ত্রণে থাকে।
৩. নিয়মিততা: প্রতিদিন হাঁটাটা অভ্যাস করুন। সপ্তাহে অন্তত ৫ দিন হাঁটলে ভালো ফল পাবেন।
৪. আরামদায়ক জুতো: হাঁটার সময় আরামদায়ক এবং সাপোর্টিভ জুতো ব্যবহার করুন, যাতে আপনার পায়ের পাতায় চোট না লাগে।
৫. হাইপোগ্লাইসেমিয়া সতর্কতা: যদি আপনি ইনসুলিন বা কিছু ওষুধ (যেমন: Sulfonylureas) খান, তবে হাঁটার আগে এবং পরে আপনার ব্লাড সুগার চেক করে নেওয়া ভালো। হাঁটার সময় হালকা কিছু মিষ্টি জিনিস (যেমন: ক্যান্ডি বা জুস) পাশে রাখুন, যাতে হঠাৎ ব্লাড সুগার কমে না যায়।

সতর্কতা: আপনার যদি পায়ের কোনো ক্ষত, ঘা বা জয়েন্টের ব্যথা থাকে, তবে হাঁটার আগে অবশ্যই আপনার চিকিৎসকের পরামর্শ নিন। তিনি আপনার শারীরিক অবস্থা বুঝে সঠিক ব্যায়াম বা হাঁটার পরিমাণ বলে দেবেন।

আপনি কি ইনসুলিন বা কোনো নির্দিষ্ট ওষুধ খান? যদি জানাতে চান, তবে আরও সঠিক পরামর্শ দেওয়া সম্ভব হবে।"
Qwen3.6-35B-A3B,20,1,Lifestyle and exercise,ডায়াবেটিস রোগীদের জন্য খালি পেটে হাঁটা ভালো নাকি খাওয়ার পর?,"ডায়াবেটিস রোগীদের ক্ষেত্রে সাধারণত খাবার খাওয়ার পরে (Postprandial) হাঁটা বা হালকা ব্যায়াম করা বেশি উপকারী বলে ধরা হয়। এর পেছনে কিছু গুরুত্বপূর্ণ কারণ রয়েছে:

১. ব্লাড সুগার নিয়ন্ত্রণ: খাবার খাওয়ার পরে ৩০ মিনিট থেকে ১ ঘণ্টার মধ্যে হাঁটা শুরু করলে শরীরে খাবার থেকে আসা গ্লুকোজ বা চিনি দ্রুত ব্যবহার হয়। এতে খাবারের পরে ব্লাড সুগারের হঠাৎ ঝুঁকে পড়া (Spike) কমে এবং ব্লাড সুগার লেভেল স্বাভাবিক সীমার মধ্যে থাকে।

২. ইনসুলিনের কার্যকারিতা: হাঁটার মাধ্যমে শরীরের কোষগুলো ইনসুলিনের প্রতি বেশি সংবেদনশীল (Sensitive) হয়ে ওঠে, যা ডায়াবেটিস নিয়ন্ত্রণে সাহায্য করে।

তবে কিছু বিষয় মাথায় রাখা জরুরি:

খালি পেটে হাঁটার ঝুঁকি: যদি আপনি খালি পেটে হাঁটেন, তবে আপনার ব্লাড সুগার খুব নিচে নেমে যেতে পারে (Hypoglycemia)। এটি বিপজ্জনক হতে পারে, বিশেষ করে যারা ইনসুলিন বা সালফোনিইউরিয়া গ্রুপের ওষুধ খান। খালি পেটে হাঁটলে মাথা ঘোরা, দুর্বলতা বা বমি বমি ভাব হতে পারে।
সময়কাল: খাবার খাওয়ার পরে অন্তত ৩০ মিনিট অপেক্ষা করে হাঁটা শুরু করা ভালো। খাবার খেয়ে সাথে সাথেই হাঁটলে পেটের সমস্যা হতে পারে।
সময় ও দৈর্ঘ্য: প্রতিটি মূল খাবারের পরে ১৫-২০ মিনিট হাঁটা বা হালকা চলাচল করা ভালো। সপ্তাহে অন্তত ১৫০ মিনিট মাঝারি তীব্রতার ব্যায়াম করা ডায়াবেটিস নিয়ন্ত্রণে সাহায্য করে।
পরামর্শ:
আপনি যদি খালি পেটে হাঁটার অভ্যাস করেন এবং মাঝে মাঝে দুর্বল বোধ করেন, তবে দয়া করে তা বন্ধ করে দিন এবং খাবারের পরে হাঁটার অভ্যাস করুন।

সতর্কতা: আপনার বর্তমান ব্লাড সুগারের লেভেল, ওষুধের ধরন এবং শারীরিক অবস্থার ওপর ভিত্তি করে সঠিক ব্যায়ামের পরিকল্পনা পেতে একজন এন্ডোক্রিনোলজিস্ট (Endocrinologist) বা আপনার চিকিৎসকের পরামর্শ নেওয়া সবচেয়ে নিরাপদ। যদি হাঁটার সময় বুকে ব্যথা, শ্বাসকষ্ট বা অস্বাভাবিক দুর্বলতা অনুভব করেন, তবে সাথে সাথে থেমে যান এবং ডাক্তারের শরণাপন্ন হন।"
Qwen3.6-35B-A3B,20,2,Lifestyle and exercise,ডায়াবেটিস রোগীদের জন্য খালি পেটে হাঁটা ভালো নাকি খাওয়ার পর?,"হ্যালো! ডায়াবেটিস ম্যানেজমেন্টে হাঁটাওয়ালা খুবই কার্যকরী। সাধারণত চিকিৎসকরা পরামর্শ দেন যে, খাবার খাওয়ার ১৫-৩০ মিনিট পরে হাঁটাওয়ালা বেশি উপকারী।

কেন খাওয়ার পর হাঁটাওয়ালা ভালো?
১. খাবার খাওয়ার পরে ব্লাড সুগার সাধারণত বেড়ে যায়। হাঁটাওয়ালা মাংসপেশিগুলো গ্লুকোজ ব্যবহার করে, ফলে ব্লাড সুগার নিয়ন্ত্রণে থাকে।
২. এটি ইনসুলিন সেনসিটিভিটি বাড়ায়, অর্থাৎ শরীর ইনসুলিনকে আরও ভালোভাবে কাজ করতে সাহায্য করে।

তবে, খালি পেটে হাঁটাওয়ালা কিছু ক্ষেত্রে ক্ষতিকর হতে পারে:

যদি আপনার ব্লাড সুগার খুব কম (Hypoglycemia) থাকে, তাহলে খালি পেটে হাঁটাওয়ালা ঝুঁকিপূর্ণ।
খালি পেটে হাঁটাওয়ালা কিছু মানুষের ক্ষেত্রে স্ট্রেস হরমোন (কর্টিসল) বাড়িয়ে দিতে পারে, যা পরবর্তীতে ব্লাড সুগার বাড়িয়ে ফেলতে পারে।
আমার পরামর্শ:

সবচেয়ে ভালো হয় খাবার খাওয়ার ১৫-৩০ মিনিট পরে হালকা হাঁটাওয়ালা শুরু করা (প্রতিদিন ২০-৩০ মিনিট)।
যদি খালি পেটেই হাঁটাওয়ালা পছন্দ করেন, তবে নিশ্চিত হোন যে আপনার ব্লাড সুগার স্বাভাবিক আছে। হাঁটার আগে একটি ছোট ফল বা কয়েকটি বাদাম খেতে পারেন।
হাঁটার পরে পানি খাওয়া ভুলবেন না।
সতর্কতা: আপনার বর্তমান ব্লাড সুগার লেভেল এবং ওষুধের ধরন অনুযায়ী সঠিক সময় এবং সময়সীমা জানতে আপনার চিকিৎসকের সাথে পরামর্শ করা সবচেয়ে নিরাপদ। যদি হাঁটার সময় মাথা ঘোরে বা দুর্বোধ বোধ করেন, সাথে সাথে থামুন এবং চিকিৎসকের শরণাপন্ন হোন।"
Qwen3.6-35B-A3B,21,1,Lifestyle and exercise,ডায়াবেটিস রোগীরা কি স্মোকিং করতে পারবে?,"না, ডায়াবেটিস রোগীদের স্মোকিং বা ধূমপান করা একদমই উচিত নয়। বরং এটি আপনার স্বাস্থ্যের জন্য অত্যন্ত ক্ষতিকর।

কেন ধূমপান ডায়াবেটিস রোগীদের জন্য বিপদজনক, তার কয়েকটি প্রধান কারণ নিচে দেওয়া হলো:

১. হৃদরোগের ঝুঁকি বাড়ায়: ডায়াবেটিস থাকলেই হৃদরোগের ঝুঁকি আগে থেকেই বেশি থাকে। ধূমপান এই ঝুঁকিকে আরও বাড়িয়ে দেয়। গবেষণায় দেখা গেছে, ডায়াবেটিস রোগীরা যদি ধূমপান করেন, তবে তাদের হার্ট অ্যাটাক বা স্ট্রোক হওয়ার সম্ভাবনা সাধারণ মানুষের তুলনায় অনেক বেশি।

২. রক্ত সঞ্চালনে সমস্যা: ধূমপান রক্তনালীগুলোকে সরু ও কঠিন করে দেয়। এর ফলে হাত-পা এবং অন্যান্য অঙ্গপ্রত্যঙ্গে পর্যাপ্ত রক্ত পৌঁছাতে পারে না। এটি 'পেরিফেরাল আর্টারি ডিজিজ' (Peripheral Artery Disease) তৈরি করতে পারে, যা পায়ের ক্ষত সারাতে দেরি করায় এবং এমনকি অঙ্গচ্ছেদ (Amputation) এর মতো পরিস্থিতি তৈরি করতে পারে।

৩. ইনসুলিন রেজিস্ট্যান্স: ধূমপান শরীরকে ইনসুলিনের বিরুদ্ধে লড়াই করতে সাহায্য করে। অর্থাৎ, আপনার শরীর ইনসুলিনকে সঠিকভাবে ব্যবহার করতে পারে না, ফলে আপনার ব্লাড সুগার নিয়ন্ত্রণ করা কঠিন হয়ে পড়ে।

৪. চোখ ও কিডনির ক্ষতি: ডায়াবেটিস চোখের রেটিনোপ্যাথি এবং কিডনির সমস্যার কারণ হয়ে দাঁড়ায়। ধূমপান এই ক্ষতিগুলো আরও দ্রুত ও গভীর করে তোলে।

পরামর্শ:
আপনি যদি ধূমপান করেন, তবে দ্রুত তা ছেড়ে দেওয়া আপনার ডায়াবেটিস নিয়ন্ত্রণ এবং সামগ্রিক স্বাস্থ্যের জন্য সবচেয়ে ভালো সিদ্ধান্ত হবে। ধূমপান ছাড়তে চাইলে আপনার চিকিৎসকের পরামর্শ নিন। তিনি আপনাকে সঠিক উপায়ে এবং প্রয়োজন হলে মেডিকেশনের মাধ্যমে সাহায্য করতে পারবেন।

স্মোকিং ছাড়াও ডায়েট মেনে চলা, নিয়মিত এক্সারসাইজ করা এবং নিয়মিত ব্লাড সুগার চেক করা ডায়াবেটিস নিয়ন্ত্রণের জন্য অত্যন্ত জরুরি।

আপনার আর কোনো প্রশ্ন থাকলে বা ডায়াবেটিস ম্যানেজমেন্ট নিয়ে কোনো নির্দিষ্ট সমস্যা থাকলে জানাতে পারেন।"
Qwen3.6-35B-A3B,21,2,Lifestyle and exercise,ডায়াবেটিস রোগীরা কি স্মোকিং করতে পারবে?,"না, ডায়াবেটিস রোগীদের স্মোকিং বা ধূমপান করা সম্পূর্ণ নিষেধ।

ডায়াবেটিস এবং স্মোকিং—এই দুটো একসাথে শরীরের জন্য অত্যন্ত ক্ষতিকর। আপনার শরীরের ওপর এর নেতিবাচক প্রভাবগুলো নিচে বিস্তারিত আলোচনা করা হলো:

১. হৃদরোগের ঝুঁকি বৃদ্ধি: ডায়াবেটিস রোগীদের হৃদরোগ (Heart Disease) হওয়ার ঝুঁকি সাধারণ মানুষের তুলনায় অনেক বেশি থাকে। স্মোকিং করলে এই ঝুঁকি আরও অনেক গুণ বেড়ে যায়। ধূমপান রক্তনালীগুলোকে সংকুচিত করে, যার ফলে হৃদপিণ্ডের ওপর চাপ পড়ে।

২. রক্ত সঞ্চালনে সমস্যা: স্মোকিং রক্তের প্রবাহে বাধা দেয়। ডায়াবেটিস রোগীদের পায়ে বা হাতে রক্ত সঞ্চালন ঠিকমতো না হলে 'নিউরোপ্যাথি' (Neuropathy) বা স্নায়ুর ক্ষতি হতে পারে, যা পরবর্তীতে গ্যাংগ্রিনের মতো ভয়াবহ অবস্থার কারণ হতে পারে।

৩. ইনসুলিন রেজিস্ট্যান্স: গবেষণায় দেখা গেছে যে, ধূমপায়ী ডায়াবেটিস রোগীদের শরীর ইনসুলিনের প্রতি বেশি প্রতিরোধী (Insulin Resistance) হয়ে পড়ে। ফলে আপনার ব্লাড সুগার নিয়ন্ত্রণে রাখা কঠিন হয়ে পড়ে এবং ইনসুলিনের মাত্রা বাড়ানোর প্রয়োজন হতে পারে।

৪. চোখ এবং কিডনির ক্ষতি: ডায়াবেটিস চোখের রেটিনা (Retina) এবং কিডনির ক্ষতি করতে পারে। স্মোকিং এই ক্ষতির হারকে দ্রুত বাড়িয়ে দেয়।

পরামর্শ:
আপনার স্বাস্থ্যের কথা চিন্তা করে দয়া করে ধূমপান ছেড়ে দিন। এটি আপনার ডায়াবেটিস নিয়ন্ত্রণে সাহায্য করবে এবং হৃদরোগ, স্ট্রোক এবং অন্যান্য জটিলতা এড়াতে সাহায্য করবে। ধূমপান ছাড়তে চাইলে আপনার চিকিৎসকের পরামর্শ নিন, তিনি আপনাকে সঠিক পদ্ধতি বা থেরাপির কথা বলে সাহায্য করতে পারবেন।

আপনার সুস্বাস্থ্য কামনা করি!"
Qwen3.6-35B-A3B,22,1,Complications and safety,ডায়াবেটিস থেকে কী কী সমস্যা বা জটিলতা হতে পারে?,"হ্যাঁ, ডায়াবেটিস বা মাধুর্যরোগটি যদি নিয়ন্ত্রণে না থাকে, তবে এটি শরীরের বিভিন্ন অঙ্গ-প্রত্যঙ্গে গুরুতর সমস্যা তৈরি করতে পারে। এজন্যই ডায়াবেটিসকে ""সাইলেন্ট কিলার"" বলা হয়। তবে চিনে রাখলেই অনেক ঝুঁকি কমানো সম্ভব।

ডায়াবেটিসের প্রধান কিছু জটিলতা নিচে আলোচনা করা হলো:

১. চোখের সমস্যা (Diabetic Retinopathy):
দীর্ঘদিন ধরে উচ্চ ব্লাড সুগার থাকলে চোখের রেটিনা ক্ষতিগ্রস্ত হতে পারে। এতে দৃষ্টিশক্তি কমে যেতে পারে এবং চোখের জ্বালাপোড়া বা অন্ধত্বের ঝুঁকিও থাকে। তাই বছরে অন্তত একবার চোখের পরীক্ষা (Eye checkup) করানো জরুরি।

২. কিডনি বা বৃককের সমস্যা:
ডায়াবেটিস কিডনির ওপর খুব বেশি প্রভাব ফেলে। এটি কিডনি ফেইলিয়ার বা ডায়ালিসিসের মতো পরিস্থিতির দিকে ঠেলে দিতে পারে। তাই নিয়মিত ইউরিন এবং কিডনি ফাংশন টেস্ট করানো উচিত।

৩. হৃদরোগ ও হার্টের ঝুঁকি:
ডায়াবেটিস রোগীদের হার্ট অ্যাটাক বা স্ট্রোকের ঝুঁকি সাধারণ মানুষের তুলনায় অনেক বেশি থাকে। ব্লাড প্রেশার এবং কোলেস্টেরল নিয়ন্ত্রণে রাখা এখানে খুবই গুরুত্বপূর্ণ।

৪. স্নায়ুর ক্ষতি (Neuropathy):
উচ্চ ব্লাড সুগার রক্তনালী এবং স্নায়ুকে ক্ষতিগ্রস্ত করে। এর ফলে হাত-পায়ে জ্বালাপোড়া, ছুঁলে অনুভূতি না হওয়া (Numbness), বা ব্যথা হতে পারে। বিশেষ করে পায়ে এই সমস্যাটি বেশি দেখা যায়।

৫. ডায়াবেটিক ফুট (Diabetic Foot):
এটি খুবই গুরুত্বপূর্ণ। স্নায়ুর ক্ষতির কারণে পায়ে ছোট আঘাত বা ঘা হলে তা দ্রুত সেরে ওঠে না এবং সংক্রমণের (Infection) ঝুঁকি থাকে। তাই প্রতিদিন পা পরিষ্কার রাখা এবং জুতা পরা খুবই জরুরি। কোনো ঘা বা ফাটল দেখলে সাথে সাথে ডাক্তার দেখান।

৬. ত্বকের সমস্যা:
ডায়াবেটিস রোগীদের ত্বক শুষ্ক হয়ে যায় এবং ব্যাকটেরিয়াল বা ফাঙ্গাল ইনফেকশনের ঝুঁকি বেড়ে যায়।

৭. দাঁত ও মাড়ির সমস্যা:
মাড়ি থেকে রক্ত পড়া, দাঁত খসে পড়া বা মুখের সংক্রমণ ডায়াবেটিসে বেশি দেখা যায়।

পরামর্শ:
ভয় পেয়ে না, বরং সচেতন হোন। নিয়মিত HbA1c, Fasting এবং Post-prandial ব্লাড সুগার টেস্ট করান। সঠিক ডায়েট মেনে চলুন, নিয়মিত হাঁটাহাঁটি বা ব্যায়াম করুন এবং ডাক্তারের পরামর্শ অনুযায়ী ঔষধ (যেমন: মেটফর্মিন বা ইনসুলিন) নিয়মিত গ্রহণ করুন।

আপনার বর্তমান ব্লাড সুগারের লেভেল কেমন? যদি কোনো নির্দিষ্ট লক্ষণ (যেমন: দৃষ্টি ঝাপসা হওয়া বা পায়ে ব্যথা) থাকে, তবে দেরি না করে একজন রেজিস্টার্ড চিকিৎসকের সাথে পরামর্শ করা উচিত।"
Qwen3.6-35B-A3B,22,2,Complications and safety,ডায়াবেটিস থেকে কী কী সমস্যা বা জটিলতা হতে পারে?,"হ্যাঁ, ডায়াবেটিস বা মিউহূর্ত রোগ যদি সঠিকভাবে নিয়ন্ত্রণে না রাখা হয়, তবে দীর্ঘমেয়াদে এটি শরীরের বিভিন্ন অঙ্গে জটিলতা তৈরি করতে পারে। তবে চিন্তার কিছু নেই, সঠিক চিকিৎসা, ডায়েট এবং লাইফস্টাইল মেনে চললে এই জটিলতাগুলো এড়ানো সম্ভব।

সাধারণত যেসব জটিলতা দেখা দিতে পারে, সেগুলো নিচে আলোচনা করা হলো:

১. চোখের সমস্যা (Diabetic Retinopathy):
দীর্ঘদিন ধরে ব্লাড সুগার হাই থাকলে চোখের রেটিনা ক্ষতিগ্রস্ত হতে পারে। এতে দৃষ্টিশক্তি কমে যেতে পারে বা এমনকি অন্ধত্বেরও ঝুঁকি থাকে। তাই বছরে অন্তত একবার চোখের পরীক্ষা (Eye Checkup) করানো জরুরি।

২. কিডনি বা বৃককের সমস্যা (Diabetic Nephropathy):
ডায়াবেটিস কিডনির ফিল্টারিং সিস্টেমকে ধীরে ধীরে দুর্বল করে দেয়। এটি কিডনি ফেইলিওর বা ডায়ালিসিসের মতো পরিস্থিতির দিকে নিয়ে যেতে পারে। তাই নিয়মিত কিডনি ফাংশন টেস্ট (Urine Albumin ও Serum Creatinine) করানো উচিত।

৩. হৃদরোগ ও স্ট্রোকের ঝুঁকি:
ডায়াবেটিস রোগীদের হার্ট অ্যাটাক বা স্ট্রোক হওয়ার ঝুঁকি সাধারণ মানুষের তুলনায় বেশি থাকে। উচ্চ রক্তচাপ (BP) এবং কোলেস্টেরল কন্ট্রোল রাখা এই ঝুঁকি কমাতে সাহায্য করে।

৪. স্নায়ুর ক্ষতি (Diabetic Neuropathy):
অতিরিক্ত সুগার স্নায়ুগুলোকে ক্ষতিগ্রস্ত করতে পারে। এর ফলে পায়ে বা হাতে জ্বালাপোড়া, ঝিনঝিনানি, বা অনুভূতি হারিয়ে যাওয়ার মতো সমস্যা দেখা দিতে পারে। অনেক সময় ছোট ক্ষত সঠিকভাবে সারা না গিয়ে বড় ক্ষতে রূপ নেয়।

৫. পায়ের সমস্যা (Diabetic Foot):
স্নায়ুর ক্ষতি এবং রক্ত সঞ্চালনে সমস্যার কারণে পায়ের ছোট কাটা-ছেঁড়া বা ঘা দ্রুত সারা নাও যেতে পারে। এটি সংক্রমিত হয়ে গ্যাংগ্রিনের মতো ভয়াবহ অবস্থারও কারণ হতে পারে। তাই প্রতিদিন পা পরিষ্কার রাখা এবং জুতা পরা খুবই জরুরি।

৬. ত্বকের সমস্যা:
ডায়াবেটিস রোগীদের ত্বকে বিভিন্ন ধরনের সংক্রমণ (Fungal বা Bacterial infection) হওয়ার সম্ভাবনা বেশি থাকে।

৭. দাঁত ও মাড়ির সমস্যা:
উচ্চ ব্লাড সুগার মাড়ির সংক্রমণ (Gum Disease) এবং দাঁত পড়ে যাওয়ার ঝুঁকি বাড়িয়ে দেয়।

পরামর্শ:
ভাই/আপনি, এই জটিলতাগুলো ভয় পেয়ে বসে থাকবেন না। মূল কথা হলো—ব্লাড সুগার, ব্লাড প্রেশার এবং কোলেস্টেরল নিয়ন্ত্রণে রাখা।

নিয়মিত ইনসুলিন বা ওষুধ সেবন করুন।
কার্বোহাইড্রেট এবং চিনি কম খান, সবজি ও প্রোটিন বেশি খান।
হাঁটাচলা বা হালকা ব্যায়াম করুন।
বছরে অন্তত একবার চোখ, কিডনি এবং দাঁতের চেকআপ করান।
আপনার বর্তমান ব্লাড সুগারের লেভেল কেমন? যদি কোনো নির্দিষ্ট লক্ষণ থাকে, তবে দয়া করে জানান, আমি আপনাকে আরও নির্দিষ্ট পরামর্শ দিতে পারব।"
Qwen3.6-35B-A3B,23,1,Complications and safety,ডায়াবেটিস হলে পায়ের কেন বেশি যত্ন নিতে হয়?,"হ্যাঁ, ডায়াবেটিস রোগীদের পায়ের যত্ন নেওয়া অত্যন্ত জরুরি। এটি শুধু সাধারণ ব্যাপার নয়, বরং এটি একটি গুরুতর স্বাস্থ্যঝুঁকি। নিচে সহজভাবে বুঝিয়ে বলছি কেন পায়ের বিশেষ যত্নের প্রয়োজন হয়:

১. স্নায়ুর ক্ষতি (Neuropathy): ডায়াবেটিসের কারণে দীর্ঘদিন উচ্চ রক্তে শর্করা (High Blood Sugar) থাকলে পায়ের স্নায়ুগুলো ক্ষতিগ্রস্ত হয়। একে বলা হয় 'ডায়াবেটিক নিউরোপ্যাথি'। ফলে পায়ের ব্যথা বা ঠান্ডা লাগার অনুভূতি কমে যায় বা সম্পূর্ণ হারিয়ে যায়। অর্থাৎ, যদি পায়ে কোনো ক্ষত বা ঘা হয়, তবুও রোগী তা অনুভব করতে পারেন না। ফলে ক্ষতটি বড় হয়ে যাওয়ার আগেই ধরা পড়ে না।

২. রক্ত সঞ্চালনে সমস্যা (Poor Circulation): ডায়াবেটিসের কারণে পায়ের ছোট বড় রক্তনালীগুলো সংকীর্ণ হয়ে যায় বা ব্লক হয়ে যায়। এর ফলে পায়ের রক্ত সঞ্চালন কমে যায়। স্বাভাবিকভাবে ক্ষত দ্রুত সারতে পারে, কিন্তু রক্ত সঞ্চালন কম থাকলে ক্ষত সারাতে অনেক সময় লাগে এবং সহজে সংক্রমিত (Infection) হয়।

৩. ইমিউন সিস্টেম দুর্বল হওয়া: ডায়াবেটিস রোগীদের দেহে ব্যাকটেরিয়া ও ফাঙ্গাসের বিরুদ্ধে লড়া করার ক্ষমতা কমে যায়। ফলে ছোট্ট একটি কাটা বা ঘাও দ্রুত বড় হয়ে যেতে পারে এবং চিকিৎসা করা কঠিন হয়ে পড়ে।

৪. গ্যাংগ্রিন বা অঙ্গ ছেদনের ঝুঁকি: উপরের সব কারণের সমন্বয়ে যদি ক্ষতটি সময়মতো চিকিৎসা না পায়, তবে তা সংক্রমিত হয়ে গ্যাংগ্রিনে পরিণত হতে পারে। এমন পরিস্থিতিতে পা বা আঙুল কেটে ফেলার (Amputation) মতো পরিস্থিতির সৃষ্টি হতে পারে, যা এড়ানোই প্রধান লক্ষ্য।

আপনারা কী করবেন?

প্রতিদিন পা পরীক্ষা করুন—কোথাও কাটা, ঘা, ফোঁড়া বা লালচে ভাব আছে কিনা দেখুন।
সর্বদা আরামদায়ক জুতা বা চপ্পল পরুন, খালি পায়ে হাঁটবেন না।
পা শুকনো থাকলে হালকা ময়েশ্চারাইজার ব্যবহার করুন, কিন্তু আঙুলের ফাঁকে জল বা ক্রিম যেন না থাকে।
আপনার ব্লাড সুগার এবং HbA1c নিয়মিত কন্ট্রোলে রাখুন।
ডায়াবেটিসের কারণে পায়ের যত্ন নেওয়ার জন্য প্রতি ৩-৬ মাসে একবার ডাক্তারের পরামর্শ নিন।
যদি আপনার পায়ে কোনো ঘা বা ক্ষত দেখা দেয়, তবে নিজের চিকিৎসা না করে দ্রুত একজন ডায়াবেটিস স্পেশালিস্ট বা সার্জন-এর পরামর্শ নিন। সময়মতো চিকিৎসা পেলে জটিলতা এড়ানো সম্ভব।"
Qwen3.6-35B-A3B,23,2,Complications and safety,ডায়াবেটিস হলে পায়ের কেন বেশি যত্ন নিতে হয়?,"ডায়াবেটিস বা মুহূর্তে রোগীদের পায়ের যত্ন নেওয়াটা অত্যন্ত জরুরি। এর পেছনে কয়েকটি প্রধান চিকিৎসা বিজ্ঞানসম্মত কারণ রয়েছে:

১. স্নায়ুর ক্ষতি (Neuropathy): উচ্চ 'ব্লাড সুগার' দীর্ঘমেয়াদে শরীরের স্নায়ুতন্ত্রকে ক্ষতিগ্রস্ত করে। পায়ের স্নায়ুগুলো ক্ষতিগ্রস্ত হলে রোগী পায়ের ব্যথা, জ্বালাপোড়া, বা কখনও কখনও একদমই ব্যথা বোধ করেন না। ফলে যদি পায়ের কোনো ছোটখাটো আঘাত বা ঘা হয়, তা রোগী বুঝতেই পারেন না।

২. রক্ত সঞ্চালনে সমস্যা: ডায়াবেটিসে রক্তনালীগুলো সরু বা অকার্যকর হয়ে যায়, যার ফলে পায়ের তলদেশে পর্যাপ্ত রক্ত পৌঁছায় না। রক্তে অক্সিজেন ও পুষ্টি কম থাকলে ক্ষত সারাতে সময় লাগে এবং সংক্রমণের ঝুঁকি বেড়ে যায়।

৩. রোগ প্রতিরোধ ক্ষমতা কমে যাওয়া: উচ্চ 'ব্লাড সুগার' ইমিউন সিস্টেমকে দুর্বল করে দেয়। ফলে পায়ের কোনো ছোট ঘা বা কাটা-ছেঁড়া দ্রুত সংক্রমিত (Infection) হয়ে যেতে পারে।

৪. গ্যাংগ্রিন বা অঙ্গচ্ছেদনের ঝুঁকি: যদি এই ক্ষতগুলো সময়মতো চিকিৎসা না পাওয়া যায়, তবে তা গুরুতর সংক্রমণে পরিণত হতে পারে। এতে পেশী বা হাড় নষ্ট হয়ে যেতে পারে এবং শেষ পর্যন্ত অঙ্গচ্ছেদন (Amputation) করার প্রয়োজন হতে পারে। বাংলাদেশে ডায়াবেটিক ফুট আলসারের কারণে অঙ্গচ্ছেদনের হার বেশি।

আপনার যা করা উচিত:

প্রতিদিন পায়ের তলা এবং আঙুলের ফাঁক ভালোভাবে পরীক্ষা করুন।
পায়ের জুতা সর্বদা ফিটিং-এর হতে হবে, খুব টাইট বা খোলা জুতা এড়িয়ে চলুন।
পায়ের ছোট কোনো ঘা বা লালভাব দেখলে তাড়াতাড়ি একজন চিকিৎসকের পরামর্শ নিন।
'ব্লাড সুগার' এবং 'HbA1c' নিয়মিত কন্ট্রোলে রাখুন।
মনে রাখবেন, পায়ের যত্ন নেওয়া মানেই ডায়াবেটিসের সবচেয়ে ভয়ানক জটিলতা এড়িয়ে চলা।"
Qwen3.6-35B-A3B,24,1,Complications and safety,ডায়াবেটিস রোগীর সুগার কমে গেলে কিভাবে বুঝব এবং কী কী পদক্ষেপ নেব?,"হ্যাঁ, ডায়াবেটিস রোগীদের জন্য হাইপোগ্লাইসেমিয়া (Hypoglycemia) বা রক্তে সুগার কমে যাওয়া খুবই গুরুত্বপূর্ণ একটি বিষয়। এটি দ্রুত চিহ্নিত না করলে জীবনহানিকর হতে পারে। আসুন, বিষয়টি বিস্তারিত আলোচনা করি।

কিভাবে বুঝবেন যে সুগার কমে গেছে? (Symptoms)
সাধারণত যখন ব্লাড সুগার ৭০ mg/dL-এর নিচে নেমে আসে, তখন হাইপোগ্লাইসেমিয়ার লক্ষণগুলো দেখা দেয়। লক্ষণগুলো ব্যক্তিভেদে কিছুটা ভিন্ন হতে পারে, কিন্তু সাধারণত নিচেরগুলো লক্ষ্য করুন:

১. হঠাৎ করে ঘাম হওয়া: বিশেষ করে মাথা, গলা বা কপালে হঠাৎ ঠান্ডা ঘাম হওয়া।
২. কাঁপুনি বা ট্রেমল: হাত-পা বা শরীরের কাঁপুনি।
৩. হৃৎস্পন্দন বেড়ে যাওয়া: হৃদস্পন্দন দ্রুত বা ধড়ফড় করা।
৪. চোখের দৃষ্টি ঝাপসা হয়ে যাওয়া: অস্পষ্ট দৃষ্টি।
৫. চক্রান্ত বা দুর্বোধ বোধ: হঠাৎ করে শরীর খুব দুর্বোধ মনে হওয়া, মাথা ঘোরা বা মাথা ভারী লাগা।
৬. ভুক্তি বা ক্ষুধা: হঠাৎ করে খাওয়ার জন্য অসহ্য ক্ষুধা লাগা।
৭. মানসিক অবস্থা পরিবর্তন: অকারণে রাগ করা, বিষণ্ণতা বা বিভ্রান্তি বোধ করা।
৮. গভীর অবস্থায়: যদি সুগার খুব কমে যায় এবং চিকিৎসা না পাওয়া যায়, তবে অজ্ঞান হয়ে যাওয়া বা সিজার (Seizure) হতে পারে।

পরামর্শ: যদি আপনার কাছে ব্লাড সুগার মিটার থাকে, তবে এই লক্ষণগুলো দেখা দিলে সাথে সাথে ব্লাড সুগার চেক করে নিন। যদি সুগার ৭০ mg/dL-এর নিচে থাকে, তবে তা হাইপোগ্লাইসেমিয়া।

কী কী পদক্ষেপ নেবেন? (Immediate Action Plan)
যদি আপনি বুঝতে পারেন যে সুগার কমে গেছে, তবে দ্রুত 'Rule of 15' মেনে চলুন:

১. দ্রুত কার্বোহাইড্রেট খান (Quick-acting Carbohydrates):
হাইপোগ্লাইসেমিয়া ঠিক করতে ১৫ গ্রাম দ্রুত কাজ করা কার্বোহাইড্রেট খান। যেমন:

১ গ্লাস গ্লুকোজ পানি (সবচেয়ে ভালো এবং দ্রুত কাজ করে)।
১ গ্লাস মিষ্টি জুস (যেমন: আপেল, আঙুর বা কমলার জুস)।
১ চামচ চিনি বা মধু পানির সাথে মিশিয়ে খেতে পারেন।
৩-৪টি ক্যান্ডি (যেগুলোতে চিনি আছে)।
অর্ধেক গ্লাস কোলা বা সোডা (ডায়াবেটিক নয়)।
সতর্কতা: চকলেট, আইসক্রিম বা চর্বিযুক্ত খাবার এড়িয়ে চলুন। চর্বি সুগার বাড়তে দেরি করে, তাই তা দ্রুত কাজ করবে না।

২. ১৫ মিনিট অপেক্ষা করুন:
খাওয়ার পর ১৫ মিনিট অপেক্ষা করুন। এরপর আবার ব্লাড সুগার চেক করুন।

৩. পরবর্তী ধাপ:

যদি সুগার এখনও ৭০ mg/dL-এর নিচে থাকে, তবে আবার ১৫ গ্রাম দ্রুত কাজ করা কার্বোহাইড্রেট খান এবং ১৫ মিনিট পর চেক করুন।
যদি সুগার ৭০ mg/dL-এর উপরে চলে আসে, তবে এখন আপনি একটি সাধারণ খাবার (যেমন: রুটি-ডাল-মাছ বা ভাত-ডাল) খেতে পারেন, যাতে সুগার আবার কমে না যায়।
গুরুত্বপূর্ণ সতর্কতা ও পরামর্শ
১. অজ্ঞান হয়ে গেলে কী করবেন?
যদি রোগী অজ্ঞান হয়ে যায় বা বমি করে, তবে কখনোই মুখে কিছু ঢোকানোর চেষ্টা করবেন না। এতে শ্বাসনালী বন্ধ হয়ে যেতে পারে। সাথে সাথে ১০৮ নম্বরে কল করুন বা নিকটস্থ হাসপাতালে নিয়ে যান। ডাক্তার ইনজেকশন (যেমন: Glucagon) দেবেন।

২. কারণ খুঁজে বের করুন:
সুগার কেন কমে গেল? সম্ভাব্য কারণগুলো হতে পারে:

ইনসুলিন বা ওষুধের ডোজ বেশি হয়ে গেছে।
সময়মতো খাবার খাওয়া হয়নি বা খাবার কম খেয়েছেন।
অতিরিক্ত ব্যায়াম বা শারীরিক পরিশ্রম।
অ্যালকোহল সেবন।
৩. ডাক্তারের পরামর্শ নিন:
হাইপোগ্লাইসেমিয়া ঘনঘন হলে আপনার ডায়াবেটিস স্পেশালিস্ট বা এন্ডোক্রিনোলজিস্টের সাথে যোগাযোগ করুন। সম্ভবত আপনার ওষুধের ডোজ সামঞ্জস্য করতে হবে।

৪. সঙ্গে খাবার রাখুন:
সবসময় আপনার ব্যাগে বা পকেটে কিছু মিষ্টি, ক্যান্ডি বা গ্লুকোজ ট্যাবলেট রাখুন। জরুরি প্রয়োজনে তা দ্রুত ব্যবহার করতে পারবেন।

মনে রাখবেন: হাইপোগ্লাইসেমিয়া হাইপারগ্লাইসেমিয়া (সুগার বেশি হওয়া) এর চেয়ে অনেক বেশি দ্রুত ও বিপজ্জনক হতে পারে। তাই সতর্ক থাকুন এবং দ্রুত পদক্ষেপ নিন।

আপনার যদি আরও কোনো প্রশ্ন থাকে বা নির্দিষ্ট কোনো লক্ষণ নিয়ে চিন্তা থাকে, তবে নির্দ্বিধায় জানাতে পারেন।"
Qwen3.6-35B-A3B,24,2,Complications and safety,ডায়াবেটিস রোগীর সুগার কমে গেলে কিভাবে বুঝব এবং কী কী পদক্ষেপ নেব?,"হ্যাঁ, ডায়াবেটিস রোগীদের জন্য হাইপোগ্লাইসেমিয়া বা 'সুগার কমে যাওয়া' (Hypoglycemia) একটি খুবই গুরুত্বপূর্ণ বিষয়। এটি দ্রুত চিহ্নিত না করলে মারাত্মক ঝুঁকির সৃষ্টি করতে পারে। নিচে আমি আপনাকে বিস্তারিত বুঝিয়ে বলছি কীভাবে এটি চেনা যাবে এবং কী করণীয়।

সুগার কমে গেলে কী লক্ষণগুলো দেখা দেয়? (Symptoms)
সাধারণত যখন ব্লাড সুগার ৭০ mg/dL-এর নিচে নেমে যায়, তখন নিচের লক্ষণগুলো দেখা দিতে পারে:

১. হঠাৎ শরীর কাঁপা বা কম্পন (Tremors): হাত বা শরীরের অন্য অংশ হঠাৎ কাঁপতে শুরু করলে।
২. প্রচুর ঘাম হওয়া: ঠান্ডা ঘাম, বিশেষ করে মাথার পেছনে বা হাত-পায়ে।
৩. হৃদস্পন্দন বেড়ে যাওয়া (Palpitations): বুকে ধড়ফড় করা বা হার্ট দ্রুত প্যালাপ্যালা করা।
৪. চোখের সামনে কালো দেখা বা ঝাপসা দেখা: হঠাৎ দৃষ্টিশক্তি ঝাপসা হয়ে আসা।
৫. মস্তিষ্কে ঘোর লাগা বা মাথা ঘোরা: ভারী ভারী লাগা।
৬. অতিরিক্ত ক্ষুধা লাগা: হঠাৎ খুব তীব্র ক্ষুধা পেয়ে যাওয়া।
৭. অস্বাভাবিক আচরণ: কথা বলতে গিয়ে কষ্ট হওয়া, বিভ্রান্তি হওয়া বা হঠাৎ রাগী হয়ে যাওয়া।
৮. মুখের চারপাশ জ্বালাপোড়া করা: ঠোঁট বা গাল জ্বালাপোড়া করা।

দ্রষ্টব্য: অনেক সময় রোগী নিজে লক্ষণ বুঝতে পারেন না। তাই যদি পারিবারিক সদস্য বা সহকর্মীরা দেখেন যে রোগী হঠাৎ অসুস্থ, বিভ্রান্ত বা অচেনা আচরণ করছেন, তবেও সন্দেহ করা উচিত।

কী কী পদক্ষেপ নেব? (Immediate Action Plan)
যদি সুগার কমে যাওয়ার লক্ষণগুলো দেখা দেয়, তবে অন্তত ১৫-২০ মিনিটের মধ্যে নিচের পদক্ষেপগুলো নিন:
১. '১৫-১৫ রুল' অনুসরণ করুন:
১৫ গ্রাম কার্বোহাইড্রেট খান। এটি দ্রুত সুগার বাড়াবে। যেমন:
১ গ্লাস সাধারণ চিনির পানি (৪-৫ চামচ চিনি এক গ্লাস পানিতে মিশিয়ে)।
১ গ্লাস ফলের রস (যেমন: আপেলের রস বা ডাবের পানি, কিন্তু চিনি যোগ করা যাবে না)।
৩-৪টি ক্যামেলেট বা মিষ্টি (যদি হাতে থাকে)।
১ চামচ মধু বা চিনি।
১৫ মিনিট অপেক্ষা করুন।
২. আবার ব্লাড সুগার চেক করুন:
১৫ মিনিট পর আবার ব্লাড সুগার মাপুন।
যদি সুগার ৭০ mg/dL-এর উপরে না আসে, তবে আবার ১৫ গ্রাম কার্বোহাইড্রেট খান এবং ১৫ মিনিট পর আবার চেক করুন।
সুগার স্বাভাবিক হলে এরপর একটি হালকা খাবার (যেমন: এক মুঠো ভাত বা রুটি) খান যাতে সুগার আবার না কমে।
৩. যদি রোগী অজ্ঞান হয়ে যান বা বমি করেন:
কখনোই মুখে কিছু ঢোকাবেন না! এতে শ্বাসনালী বন্ধ হয়ে যেতে পারে।
দ্রুত নিকটস্থ হাসপাতালে বা ডাক্তারের কাছে নিয়ে যান।
যদি ইনসুলিন ইনজেকশনের জন্য গ্লুকাগন (Glucagon) কিট থাকে, তবে তা ব্যবহার করুন (যদি আপনি শিখে থাকেন)।
কী এড়িয়ে চলবেন?
চকলেট বা আইসক্রিম খাবেন না: এতে চর্বি বেশি থাকে, ফলে সুগার দ্রুত বাড়ে না।
সুগার কমে যাওয়ার কারণ খুঁজুন:
ইনসুলিন বা ওষুধের ডোজ বেশি হয়েছিল কি?
খাবার মিস করেছেন কি?
অতিরিক্ত ব্যায়াম করেছেন কি?
অ্যালকোহল সেবন করেছেন কি?
কখন ডাক্তারের পরামর্শ নেবেন?
যদি সুগার কমে যাওয়ার ঘটনাটি বারবার ঘটে।
যদি লক্ষণগুলো খাবার খাওয়ার পরেও না কমে।
যদি রোগী অজ্ঞান হয়ে যান।
যদি আপনি নিজে নিজে ওষুধের ডোজ পরিবর্তন করতে না পারেন।
পরামর্শ: আপনার ডায়াবেটিস ম্যানেজমেন্টের জন্য নিয়মিত ব্লাড সুগার চেক করুন এবং আপনার ডায়াবেটিলজিস্ট বা এন্ডোক্রিনোলজিস্টের সাথে এই বিষয়টি আলোচনা করুন। তারা আপনার ওষুধের ডোজ ঠিক করে দিতে পারবেন।
স্বাস্থ্যের প্রতি সচেতন থাকুন, ডায়াবেটিস নিয়ন্ত্রণে রাখা সম্ভব।"
Qwen3.6-35B-A3B,25,1,Complications and safety,ডায়াবেটিস থাকলে কি হার্ট অ্যাটাকের ঝুঁকি বেড়ে যায়?,"হ্যাঁ, ডায়াবেটিস থাকলে হার্ট অ্যাটাকের ঝুঁকি সাধারণ মানুষের তুলনায় বেশি বেড়ে যায়। ডায়াবেটিস শুধু রক্তে শর্করা বাড়ায় না, এটি পুরো শরীরের রক্তনালীগুলোকেও ক্ষতিগ্রস্ত করে।

এর প্রধান কারণগুলো হলো:

১. রক্তনালীর ক্ষতি: দীর্ঘদিন ধরে উচ্চ রক্তে শর্করা থাকলে রক্তনালীর দেয়াল শক্ত হয়ে যায় এবং সংকীর্ণ হয়ে পড়ে। একে বলা হয় 'এথেরোস্ক্লেরোসিস' (Atherosclerosis)। ফলে হৃদপিণ্ডে পর্যাপ্ত রক্ত পৌঁছাতে পারে না।

২. উচ্চ রক্তচাপ ও কোলেস্টেরল: ডায়াবেটিস রোগীদের মধ্যে প্রায়শই উচ্চ রক্তচাপ এবং খারাপ কোলেস্টেরল (LDL) বেড়ে যায়, যা হার্ট অ্যাটাকের ঝুঁকি আরও বাড়িয়ে দেয়।

৩. স্নায়ুর ক্ষতি: ডায়াবেটিসের কারণে হৃদপিণ্ডের স্নায়ুগুলোও দুর্বল হয়ে পড়তে পারে। ফলে হার্ট অ্যাটাকের লক্ষণ (যেমন বুকে ব্যথা) সাধারণ মানুষের মতো তীব্র নাও লাগতে পারে, যার ফলে রোগী সময়মতো চিকিৎসকের কাছে যেতে দেরি করে দেন।

আপনি যদি ডায়াবেটিস রোগী হন, তবে নিচের বিষয়গুলো খেয়াল রাখুন:

নিয়মিত চেকআপ: আপনার ব্লাড সুগার (HbA1c), ব্লাড প্রেশার এবং কোলেস্টেরল লেভেল নিয়মিত চেক করান।
স্বাস্থ্যকর খাদ্যাভ্যাস: কম চিনি, কম তেল-মাখা খাবার এবং বেশি শাকসবজি খান।
শারীরিক পরিশ্রম: প্রতিদিন অন্তত ৩০ মিনিট হাঁটাচলা বা হালকা ব্যায়াম করুন।
ধূমপান ত্যাগ: ধূমপান হার্টের জন্য অত্যন্ত ক্ষতিকর।
ওজন নিয়ন্ত্রণ: অতিরিক্ত ওজন কমানোর চেষ্টা করুন।
সতর্কতা: যদি বুকে ব্যথা, শ্বাসকষ্ট, বা বাম হাতে ব্যথা অনুভব করেন, তবে দেরি না করে দ্রুত কাছের হাসপাতালে যোগাযোগ করুন অথবা জরুরি বিভাগে যান।

ডায়াবেটিস নিয়ন্ত্রণে রাখলে হার্ট অ্যাটাকের ঝুঁকি অনেকাংশেই কমানো সম্ভব। তাই আপনার বর্তমান চিকিৎসকের পরামর্শ অনুযায়ী ওষুধ খাওয়া এবং লাইফস্টাইল মেনে চলা জরুরি।"
Qwen3.6-35B-A3B,25,2,Complications and safety,ডায়াবেটিস থাকলে কি হার্ট অ্যাটাকের ঝুঁকি বেড়ে যায়?,"হ্যাঁ, ডায়াবেটিস থাকলে হার্ট অ্যাটাকের ঝুঁকি সত্যিই বেড়ে যায়। ডায়াবেটিস এবং হৃদরোগের মধ্যে খুব গভীর সম্পর্ক আছে।

কেন এমনটা হয়?
১. রক্তনালীর ক্ষতি: দীর্ঘস্থায়ী উচ্চ রক্তশর্করা (High Blood Sugar) রক্তনালীর ভেতরের দেয়ালকে ক্ষতিগ্রস্ত করে। এর ফলে রক্তনালীগুলো কঠিন ও সরু হয়ে যায় (Atherosclerosis), যা হৃদপিণ্ডে রক্ত প্রবাহে বাধা সৃষ্টি করে।
২. উচ্চ রক্তচাপ ও কোলেস্টেরল: ডায়াবেটিস রোগীদের মধ্যে প্রায়শই উচ্চ রক্তচাপ এবং খারাপ কোলেস্টেরল (LDL) দেখা যায়, যা হার্ট অ্যাটাকের ঝুঁকি আরও বাড়িয়ে দেয়।
৩. স্নায়ুর ক্ষতি: ডায়াবেটিসের কারণে হৃদপিণ্ডের স্নায়ুগুলোও ক্ষতিগ্রস্ত হতে পারে, যার ফলে হার্ট অ্যাটাকের লক্ষণগুলো (যেমন বুকে ব্যথা) সবসময় স্পষ্টভাবে অনুভূত নাও হতে পারে।

কী করবেন?

রক্তশর্করা নিয়ন্ত্রণ: আপনার HbA1c লেভেল সাধারণত ৭% এর নিচে রাখার চেষ্টা করুন।
নিয়মিত চেকআপ: বছরে অন্তত একবার কার্ডিওলজিস্টের পরামর্শ নিন এবং প্রয়োজনে ECG বা স্ট্রেস টেস্ট করান।
জীবনযাপনে পরিবর্তন: ধূমপান বর্জন করুন, লবণ ও চিনি কম খান, নিয়মিত হাঁটাচলা করুন এবং ওজন নিয়ন্ত্রণে রাখুন।
ঔষধ: আপনার ডাক্তার যদি হার্টের স্বাস্থ্যের জন্য অ্যাসপিরিন বা স্ট্যাটিন জাতীয় ঔষধ দেন, তবে সেটি নিয়মিত খান।
যদি আপনার বুকে ব্যথা, শ্বাসকষ্ট বা হাঁটু দুর্বোধ লাগে, তবে দেরি না করে দ্রুত একজন বিশেষজ্ঞ ডাক্তারের পরামর্শ নিন।"
Qwen3.6-35B-A3B,26,1,Complications and safety,ডায়াবেটিস রোগীর মাসে অন্তত কতবার সুগার পরীক্ষা করা উচিত?,"হ্যালো! ডায়াবেটিস ম্যানেজমেন্টের ক্ষেত্রে নিয়মিত সুগার লেভেল চেক করা অত্যন্ত জরুরি। কিন্তু মাসে কতবার পরীক্ষা করবেন, তার উত্তরটি আসলে আপনার ডায়াবেটিসের ধরন (Type 1 or Type 2) এবং চিকিৎসকের দেওয়া চিকিৎসার পরিকল্পনার ওপর নির্ভর করে।

সাধারণত নিচের নির্দেশিকাগুলো অনুসরণ করা হয়:

১. হোমোনিটরিং (Home Monitoring):

যদি আপনি ইনসুলিন (Insulin) ব্যবহার করেন, তবে প্রতিদিন অন্তত ২ থেকে ৪ বার (খাওয়ার আগে বা পরে) ব্লাড সুগার চেক করা জরুরি।
যদি আপনি শুধুমাত্র ওষুধ (Tablet) খান এবং আপনার সুগার লেভেল নিয়ন্ত্রণে থাকে, তবে সপ্তাহে অন্তত ২ থেকে ৩ দিন বিভিন্ন সময়ে (ফাস্টিং এবং খাওয়ার পর) চেক করা ভালো।
অর্থাৎ, মাসে কমপক্ষে ৮ থেকে ১২ বার হোমোনিটরিং করা একটি ভালো অভ্যাস।
২. এইচজিএবিসিএ (HbA1c) টেস্ট:

এটি মাসে নয়, বরং প্রতি ৩ থেকে ৬ মাসে একবার ল্যাবরেটরিতে করানো উচিত। এটি আপনার গত ৩ মাসের গড় সুগার লেভেলের একটি ছবি দেয়।
কিছু জরুরি পরামর্শ:

ফাস্টিং সুগার (Fasting Blood Sugar): সকালে ঘুম থেকে উঠে খাবার খাওয়ার আগে চেক করুন।
পোস্ট-প্র্যান্ডিয়াল সুগার (Post-Prandial): খাবার খাওয়ার ঠিক ২ ঘণ্টা পর চেক করুন।
আপনার সুগার লেভেল যদি প্রায়ই ১৮০ mg/dL এর বেশি বা ৭০ mg/dL এর কম থাকে, তবে দেরি না করে আপনার চিকিৎসকের সাথে যোগাযোগ করুন।
সতর্কতা: আমি একজন এআই অ্যাসিস্ট্যান্ট, চিকিৎসক নই। সুগার লেভেল ম্যানেজমেন্টের জন্য আপনার চিকিৎসকের দেওয়া নির্দিষ্ট পরামর্শই সর্বোচ্চ গুরুত্বপূর্ণ। যদি আপনি হঠাৎ মাথা ঘোরা, বমি ভাব বা অস্বাভাবিক ক্লান্তি অনুভব করেন, তবে দ্রুত হাসপাতালে যান।"
Qwen3.6-35B-A3B,26,2,Complications and safety,ডায়াবেটিস রোগীর মাসে অন্তত কতবার সুগার পরীক্ষা করা উচিত?,"হ্যালো! ডায়াবেটিস ম্যানেজমেন্টে নিয়মিত সুগার চেক করাটা খুবই জরুরি। তবে মাসে কতবার চেক করতে হবে, তা আসলে আপনার বর্তমান স্বাস্থ্যের অবস্থার ওপর নির্ভর করে। সাধারণত নিচের বিষয়গুলো বিবেচনা করা হয়:

১. যদি আপনি ইনসুলিন (Insulin) ব্যবহার করেন:
এক্ষেত্রে সুগার লেভেল বেশি ঝুঁকিপূর্ণ হতে পারে। তাই আপনার প্রতিদিন বা অন্তত সপ্তাহে ৩-৪ দিন সুগার চেক করা উচিত। অনেক সময় ডাক্তাররা দিনে ৩-৪ বার (খাওয়ার আগে ও পরে) চেক করার পরামর্শ দেন।

২. যদি আপনি ট্যাবলেট বা ওষুধ খান কিন্তু ইনসুলিন না নেন:
এক্ষেত্রে প্রতি সপ্তাহে অন্তত ১-২ দিন (অনেক সময় সপ্তাহে ৩-৪ বার) খালি পেটে এবং খাওয়ার পর সুগার চেক করা ভালো। মাসে কমপক্ষে ৮-১০ বার চেক করাটা একটি ভালো রেঞ্জ বলে ধরা যায়।

৩. HbA1c টেস্ট:
রক্তে সুগারের দীর্ঘমেয়াদী নিয়ন্ত্রণ জানতে প্রতি ৩ মাসে একবার HbA1c টেস্ট করা খুবই জরুরি। এটা দিয়ে বোঝা যায় গত ৩ মাসে আপনার গড় সুগার লেভেল কেমন ছিল।

কিছু জরুরি পরামর্শ:

খালি পেটের সুগার (Fasting Blood Sugar): সকালে ঘুম থেকে উঠে ভাত খাওয়ার আগে চেক করুন। লক্ষ্য রাখুন এটা ৮০-১৩০ mg/dL এর মধ্যে থাকা উচিত (ডাক্তারের পরামর্শ অনুযায়ী এটা কম-বেশি হতে পারে)।
খাওয়ার পরের সুগার (Post-prandial Blood Sugar): খাবার খাওয়ার ঠিক ২ ঘণ্টা পর সুগার চেক করুন। এটা ১৬০ mg/dL এর নিচে থাকা উচিত।
হাইপোগ্লাইসেমিয়া (অতিরিক্ত কম সুগার): যদি হঠাৎ শরীর দুর্বল লাগে, ঘাম পায়, বা কাঁপুনি ধরে, তবে সাথে সাথে সুগার চেক করুন। সুগার ৭০ mg/dL এর নিচে নামলে তা বিপজ্জনক হতে পারে।
সতর্কতা:
এটা সাধারণ তথ্য। আপনার জন্য সঠিক পরীক্ষার ফ্রিকোয়েন্সি এবং টার্গেট সুগার লেভেল জানতে অবশ্যই আপনার চিকিৎসক বা ডায়াবেটিস স্পেশালিস্টের সাথে পরামর্শ করুন। তারা আপনার বয়স, ওজন, এবং অন্যান্য রোগের অবস্থা দেখে সঠিক প্ল্যান করে দেবেন।

নিয়মিত চেকআপ এবং সঠিক ডায়েট মেনে চললে ডায়াবেটিস নিয়ন্ত্রণে রাখা সম্ভব। আশা করি আপনি সুস্থ থাকবেন।"
Qwen3.6-35B-A3B,27,1,Symptoms and early detection,"আমার বারবার প্রস্রাব হচ্ছে এবং বেশি পিপাসা লাগছে, এটা কি ডায়াবেটিসের লক্ষণ?","হ্যাঁ, আপনার বর্ণিত লক্ষণগুলো—অর্থাৎ বারবার প্রস্রাব হওয়া (Frequent Urination) এবং বেশি পিপাসা লাগা (Excessive Thirst)—ডায়াবেটিস বা মাধ্যুমেহ রোগের অত্যন্ত সাধারণ এবং প্রাথমিক লক্ষণ।

ডায়াবেটিসে শরীরে ইনসুলিনের অভাব বা কাজ না করায় রক্তে গ্লুকোজ বা 'ব্লাড সুগার' বেড়ে যায়। যখন ব্লাড সুগারের মাত্রা বেশি হয়ে যায়, তখন কিডনি অতিরিক্ত গ্লুকোজ বের করার চেষ্টা করে, যার ফলে প্রস্রাবের পরিমাণ বেড়ে যায়। প্রস্রাবের মাধ্যমে শরীর থেকে পানি বের হয়ে যাওয়ায় শরীর ডিহাইড্রেটেড হয়ে যায় এবং তাই মানুষ বেশি পিপাসা অনুভব করে।

আপনার জন্য পরামর্শ:

১. দ্রুত পরীক্ষা করান: দেরি না করে কাল থেকেই একজন রেজিস্টার্ড চিকিৎসকের সাথে দেখা করুন। আপনার Fasting Blood Sugar (FBS) এবং Post-prandial Blood Sugar (PPBS) এবং HbA1c টেস্ট করানো জরুরি। ডায়াবেটিস নিশ্চিত করার জন্য শুধু লক্ষণের ওপর নির্ভর করা ঠিক নয়, রক্তের পরীক্ষা বা 'ব্লাড টেস্ট' অপরিহার্য।

২. পানি পান করুন: যেহেতু আপনার পিপাসা বেশি, তাই পর্যাপ্ত পরিমাণে পানি পান করুন যাতে শরীর ডিহাইড্রেটেড না হয়। তবে মিষ্টি জুস বা কার্বনেটেড ড্রিংকস এড়িয়ে চলুন।

৩. খাবারের প্রতি সতর্কতা: এখনই অতিরিক্ত মিষ্টি, চাউর, আলু এবং ময়দাজাতীয় খাবার খাওয়া বন্ধ বা কমিয়ে দিন। ফাইবারযুক্ত সবজি এবং প্রোটিনযুক্ত খাবার বেছে নিন।

৪. অন্যান্য লক্ষণ লক্ষ্য করুন: যদি আপনার ওজন হঠাৎ কমে যাওয়া, ক্লান্তি বোধ করা, বা ঝাপসা দেখা যাওয়ার মতো কোনো লক্ষণ থাকে, তবে তাও চিকিৎসককে জানান।

সতর্কতা: ডায়াবেটিস নিয়ন্ত্রণে না রাখলে এটি হৃদরোগ, কিডনি ব্যর্থতা বা চোখের সমস্যার কারণ হতে পারে। তাই দেরি না করে দ্রুত চিকিৎসকের পরামর্শ নিন।"
Qwen3.6-35B-A3B,27,2,Symptoms and early detection,"আমার বারবার প্রস্রাব হচ্ছে এবং বেশি পিপাসা লাগছে, এটা কি ডায়াবেটিসের লক্ষণ?","হ্যাঁ, আপনার বর্ণিত লক্ষণগুলো—অর্থাৎ বারবার প্রস্রাব হওয়া এবং বেশি পিপাসা লাগা—ডায়াবেটিস বা মধুমেহের খুবই সাধারণ এবং প্রাথমিক লক্ষণ। ডাক্তাররা একে সাধারণত ""Polyuria"" (বেশি প্রস্রাব) এবং ""Polydipsia"" (বেশি পিপাসা) বলে থাকেন।

ডায়াবেটিসে শরীরের রক্তে গ্লুকোজ বা চিনির মাত্রা বেড়ে যায়। যখন রক্তে চিনির মাত্রা খুব বেশি হয়ে যায়, তখন কিডনি সেই অতিরিক্ত চিনি প্রস্রাবের মাধ্যমে বের করে দিতে চায়। এই প্রক্রিয়ায় শরীর থেকে অনেক পানি বা তরল পদার্থ বেরিয়ে যায়, ফলে প্রস্রাবের পরিমাণ বেড়ে যায়। প্রস্রাবের মাধ্যমে শরীর থেকে পানি কমে যাওয়ার কারণে শরীর ডিহাইড্রেটেড (জলশূন্য) হয়ে পড়ে এবং মস্তিষ্ককে সংকেত পাঠায় যে শরীরে পানির অভাব আছে। ফলে আপনাকে প্রচুর পানি পান করতে ইচ্ছা করে।

আপনার করণীয়:

১. দ্রুত চেকআপ করান: এটি ডায়াবেটিসের লক্ষণ হতে পারে, আবার অন্য কোনো ইনফেকশন বা শারীরিক সমস্যারও হতে পারে। তাই দেরি না করে আজই বা আগামীকালই একজন রেজিস্টার্ড চিকিৎসকের পরামর্শ নিন।
২. রক্তে চিনির মাত্রা পরীক্ষা: চিকিৎসক আপনাকে Fasting Blood Sugar এবং Postprandial Blood Sugar বা HbA1c টেস্ট করার পরামর্শ দিতে পারেন। এতে নিশ্চিত হওয়া যাবে আপনি ডায়াবেটিসে আক্রান্ত কিনা।
৩. পানি পান করুন: লক্ষণগুলো থাকার সময় শরীর থেকে পানি কমে যাওয়া থেকে বাঁচতে পর্যাপ্ত পরিমাণে পানি পান করুন। তবে মিষ্টি জুস বা সোডা থেকে বিরত থাকুন।
৪. অন্যান্য লক্ষণ খেয়াল করুন: দেখুন আপনি কি খুব দ্রুত খেটে যাচ্ছেন, ওজন কমে যাচ্ছে, বা দৃষ্টিশক্তি ঝাপসা হয়ে যাচ্ছে। এই লক্ষণগুলো থাকলে চিকিৎসকের কাছে যাওয়া আরও জরুরি।

সতর্কতা: যদি আপনার শরীর খুব দুর্বল মনে হয়, বমি ভাব হয়, বা অজ্ঞান হয়ে যাওয়ার মতো অবস্থা হয়, তবে দেরি না করে জরুরি বিভাগে (Emergency Room) যান।

আপনি চিন্তা করবেন না, ডায়াবেটিস সময়মতো চেনা এবং সঠিক ডায়েট ও ওষুধের মাধ্যমে খুব সহজেই নিয়ন্ত্রণে রাখা সম্ভব। তবে শুরুটা করুন একজন চিকিৎসকের সাথে পরামর্শ দিয়ে।"
Qwen3.6-35B-A3B,28,1,Symptoms and early detection,"হঠাৎ করে ওজন কমে যাচ্ছে, এটা কি ডায়াবেটিসের কারণে হতে পারে?","হ্যাঁ, হঠাৎ করে ওজন কমে যাওয়া ডায়াবেটিসের (মধুমেহ) একটি খুবই সাধারণ এবং গুরুত্বপূর্ণ লক্ষণ।

ডায়াবেটিস থাকলে শরীরের কোষগুলো রক্ত থেকে গ্লুকোজ বা সুগার সঠিকভাবে ব্যবহার করতে পারে না। ফলে শরীর শক্তি পাওয়ার জন্য চর্বি এবং পেশী ভাঙতে শুরু করে, যার ফলে ওজন দ্রুত কমে যায়।

আপনার যদি নিচের লক্ষণগুলোও থাকে, তবে ডায়াবেটিসের সম্ভাবনা বেশি:

প্রচুর পিপাসা লাগা (Thirst)
প্রস্রাবের পরিমাণ বাবার বারবার ইচ্টা হওয়া (Frequent Urination)
সবসময় ক্লান্ত বা দুর্বোধ বোধ করা
অস্পষ্ট দৃষ্টিশক্তি
পরামর্শ:
দয়া করে দ্রুত একজন রেজিস্টার্ড চিকিৎসকের পরামর্শ নিন। তিনি আপনার শরীর পরীক্ষা করে Fasting Blood Sugar এবং HbA1c টেস্টের রিপোর্ট দেখে নিশ্চিত হতে পারবেন। ডায়াবেটিস সময়মতো ধরা পড়লে এটি নিয়ন্ত্রণে রাখা খুবই সহজ।

অনুগ্রহ করে নিজে নিজে কোনো ওষুধ খাওয়া শুরু করবেন না।"
Qwen3.6-35B-A3B,28,2,Symptoms and early detection,"হঠাৎ করে ওজন কমে যাচ্ছে, এটা কি ডায়াবেটিসের কারণে হতে পারে?","হ্যাঁ, হঠাৎ করে ওজন কমে যাওয়া ডায়াবেটিসের (মধুমেহ) একটি খুবই সাধারণ এবং গুরুত্বপূর্ণ লক্ষণ। ডায়াবেটিসে শরীরে ইনসুলিনের অভাব বা ইনসুলিন কাজ না করলে শরীরের কোষগুলো রক্ত থেকে গ্লুকোজ বা চিনি ব্যবহার করতে পারে না। ফলে শরীর শক্তি পাওয়ার জন্য চর্বি এবং পেশী (muscle) ভেঙে ফেলে, যার ফলে হঠাৎ ওজন কমে যায়।

এছাড়াও ডায়াবেটিসে প্রস্রাবের পরিমাণ বেড়ে যাওয়া (polyuria) এবং তীব্র পিপাসা (polydipsia) লাগা—এই লক্ষণগুলোও সাধারণত ওজন কমে যাওয়ার সাথে সাথে দেখা দেয়।

আপনার করণীয়:

১. ব্লাড সুগার চেক করান: দয়া করে দ্রুত আপনার Fasting এবং PP ব্লাড সুগার চেক করিয়ে নিন।
২. ডাক্তারের পরামর্শ নিন: যদি আপনার ডায়াবেটিসের ডায়াগনোসিস আগে থেকেই থাকে, তবে বর্তমান ওজন কমে যাওয়া নির্দেশ করে যে আপনার বর্তমান চিকিৎসা বা ডায়েট প্ল্যানটি কাজ করছে না। সেক্ষেত্রে দেরি না করে একজন এন্ডোক্রাইনোলজিস্ট বা মেডিসিন বিশেষজ্ঞের পরামর্শ নিন।
৩. খাবারের মান বজায় রাখুন: ওজন কমলেও ডায়াবেটিসের ডায়েট মেনে চলা জরুরি। প্রসেসড কার্বোহাইড্রেট (সাদা ভাত, ময়দার রুটি, মিষ্টি) এড়িয়ে চলুন এবং সবজি, ফাইবার এবং প্রোটিনযুক্ত খাবার খান।

সতর্কতা: যদি আপনার বমি বমি ভাব, বমি হওয়া, বা অতিরিক্ত ক্লান্তি বোধ হয়, তবে এটি ডায়াবেটিক কিডোসিস (DKA) এর লক্ষণ হতে পারে, যা একটি জরুরি অবস্থা। সেক্ষেত্রে দেরি না করে হাসপাতালে যোগাযোগ করুন।

আপনার সুস্থতা কামনা করছি। কোনো প্রশ্ন থাকলে জানাতে পারেন।"
Qwen3.6-35B-A3B,29,1,Symptoms and early detection,"সব সময় ক্লান্ত লাগে, এটা কি ডায়াবেটিসের লক্ষণ?","হ্যাঁ, সত্যিই বলা যায় যে সবসময় ক্লান্ত লাগা বা শরীর ভারী মনে হওয়া ডায়াবেটিস বা রক্তে চিনির মাত্রা বাড়ার একটি খুব সাধারণ লক্ষণ।

ডায়াবেটিসে আমাদের শরীরের কোষগুলো খাবার থেকে প্রাপ্ত গ্লুকোজ বা শক্তিকে সঠিকভাবে ব্যবহার করতে পারে না। ফলে শরীরে প্রয়োজনীয় শক্তি জমা হয় না, যার কারণে আপনি সবসময় দুর্বোধ ও ক্লান্ত বোধ করেন।

তবে মনে রাখবেন, এই লক্ষণটি শুধুমাত্র ডায়াবেটিসের নয়, অন্য অনেক কারণেও হতে পারে, যেমন:

হাইপোথাইরয়েডিজম (Thyroid problem)
রক্তশূন্যতা বা Anemia
পর্যাপ্ত ঘুম না হওয়া
মানসিক চাপ বা Stress
আপনার করণীয়:
১. দেরি না করে একজন মেডিসিন বিশেষজ্ঞের পরামর্শ নিন।
২. আপনার Fasting Blood Sugar এবং HbA1c টেস্ট করান। এতে ডায়াবেটিস আছে কি না তা নিশ্চিত হওয়া যাবে।
৩. যদি ডায়াবেটিস ধরা পড়ে, তবে ডাক্তারের পরামর্শ অনুযায়ী ইনসুলিন বা ওষুধ নিয়মিত খাওয়া এবং সঠিক ডায়েট মেনে চলা জরুরি।

দয়া করে স্ব-চিকিৎসা থেকে বিরত থাকুন এবং দ্রুত চিকিৎসকের শরণাপন্ন হোন।"
Qwen3.6-35B-A3B,29,2,Symptoms and early detection,"সব সময় ক্লান্ত লাগে, এটা কি ডায়াবেটিসের লক্ষণ?","হ্যাঁ, সবসময় ক্লান্ত লাগা বা অবসাদগ্রস্ত বোধ করা ডায়াবেটিসের একটি খুব সাধারণ লক্ষণ হতে পারে।

ডায়াবেটিস থাকলে শরীরের কোষগুলো রক্তে থাকা গ্লুকোজ বা চিনি সঠিকভাবে ব্যবহার করতে পারে না। ফলে শরীরের প্রয়োজনীয় শক্তি জোগানো যায় না, যার ফলে আপনি সারাদিন ক্লান্ত ও দুর্বল মনে করেন।

তবে মনে রাখবেন, ক্লান্তির আরও অনেক কারণ থাকতে পারে, যেমন:

ঘুমের সমস্যা বা অপর্যাপ্ত ঘুম।
আয়রন বা ভিটামিনের অভাব (Anemia বা Vitamin D deficiency)।
থাইরয়েডের সমস্যা।
মানসিক চাপ বা স্ট্রেস।
আপনার জন্য পরামর্শ:
১. ব্লাড সুগার চেক করুন: আপনার কি ডায়াবেটিস আছে, তা নিশ্চিত হওয়ার জন্য এবং যদি থাকে তবে নিয়ন্ত্রণে আছে কিনা তা জানতে একটি Fasting Blood Sugar এবং HbA1c টেস্ট করানো জরুরি।
২. ডায়েট ও হাইড্রেশন: পর্যাপ্ত পানি পান করুন এবং ভারী, মসলাদার খাবার এড়িয়ে চলুন।
৩. ডাক্তারের পরামর্শ: যদি ক্লান্তি দীর্ঘস্থায়ী হয়, তবে একজন মেডিসিন বিশেষজ্ঞের পরামর্শ নিন। তিনি আপনার শারীরিক অবস্থা দেখে সঠিক কারণ এবং চিকিৎসা নির্ধারণ করে দেবেন।

নিজে নিজে কোনো ওষুধ খাওয়া থেকে বিরত থাকুন। আপনার সুস্থতার জন্য দ্রুত চেকআপ করানোই শ্রেয়।"
Qwen3.6-35B-A3B,30,1,Symptoms and early detection,"চোখে ঝাপসা দেখা যাচ্ছে, এটা কি ডায়াবেটিস হওয়ার কারণে হয়েছে?","হ্যাঁ, ডায়াবেটিস বা মাধুমিত্তা রোগে চোখে ঝাপসা দেখা যাওয়ার একটি সাধারণ কারণ হতে পারে। তবে এটি সরাসরি ডায়াবেটিসের কারণে হয়েছে কি না, তা নিশ্চিত হওয়ার জন্য কিছু বিষয় বুঝতে হবে:

১. ব্লাড সুগারের ওঠানামা: আপনার ব্লাড সুগার লেভেল যদি হঠাৎ বেড়ে যায় বা কমে যায়, তবে চোখের লেন্স (Lens)-এর আকার পরিবর্তন হতে পারে। এর ফলে সাময়িকভাবে ঝাপসা দেখা দিতে পারে। সাধারণত ব্লাড সুগার নিয়ন্ত্রণে আনলে এই সমস্যাটি কমে যায়।

২. ডায়াবেটিক রেটিনোপ্যাথি (Diabetic Retinopathy): দীর্ঘদিন ধরে ডায়াবেটিস থাকলে এবং ব্লাড সুগার ভালোভাবে নিয়ন্ত্রণে না থাকলে চোখের রেটিনার ক্ষুদ্র রক্তনালীগুলো ক্ষতিগ্রস্ত হতে পারে। এটি একটি গুরুতর অবস্থা যা দৃষ্টিশক্তি হারানোর কারণ হতে পারে।

৩. ক্যাটারাক্ট বা জরায়ু: ডায়াবেটিস রোগীদের মধ্যে সাধারণ মানুষের তুলনায় ক্যাটারাক্ট হওয়ার ঝুঁকি বেশি এবং এটি দ্রুত এগিয়েও যেতে পারে।

আপনার করণীয়:

দ্রুত ডায়াবেটিস স্পেশালিস্ট বা চক্ষু বিশেষজ্ঞের (Ophthalmologist) পরামর্শ নিন। তারা আপনার চোখের পিছনের দৃশ্যপট (Fundus Examination) পরীক্ষা করে সঠিক কারণটি জানতে পারবেন।
আপনার HbA1c এবং Fasting/Post-prandial Blood Sugar চেক করুন। ব্লাড সুগার নিয়ন্ত্রণে না থাকলে চোখের ক্ষতি আরও বাড়তে পারে।
ইনসুলিন বা ওষুধের ডোজ নিজের ইচ্ছায় পরিবর্তন করবেন না।
চোখের যত্ন নিন: ধুলোবালি থেকে সাবধান থাকুন এবং চোখের ওপর চাপ পড়বে এমন কাজ (যেমন ভারী জিনিস তোলার চেষ্টা) এড়িয়ে চলুন।
সতর্কতা: যদি চোখে হঠাৎ অন্ধকার দানা ভেসে বেড়ায়, আলোর ঝলকানি দেখেন, বা দৃষ্টিশক্তি হঠাৎ খুব কমে যায়, তবে তাৎক্ষণিকভাবে একজন ডাক্তারের শরণাপন্ন হোন। এটি জরুরি অবস্থা হতে পারে।

আপনার বর্তমান ব্লাড সুগারের মান কেমন ছিল শেষবার? এবং ডায়াবেটিসের চিকিৎসা আপনি কতদিন ধরে নিচ্ছেন?"
Qwen3.6-35B-A3B,30,2,Symptoms and early detection,"চোখে ঝাপসা দেখা যাচ্ছে, এটা কি ডায়াবেটিস হওয়ার কারণে হয়েছে?","হ্যাঁ, ডায়াবেটিস বা মাধুর্য রোগ থাকলে চোখে ঝাপসা দেখা যাওয়া একটি খুব সাধারণ লক্ষণ। তবে এটা সবসময় ডায়াবেটিসের জটিলতা (complication) নাও হতে পারে। আসুন বিষয়টি একটু বিস্তারিত বুঝে নিই:

১. ব্লাড সুগারের ওঠানামা (Fluctuation):
যখন আপনার ব্লাড সুগার খুব বেশি থাকে, তখন চোখের লেন্সের (lens) আকার বদলে যায়। এর ফলে অস্থায়ীভাবে চোখ ঝাপসা দেখতে পারে। সাধারণত সুগার নিয়ন্ত্রণে আসলে এই ঝাপসা ভাব কমে যায়।

২. ডায়াবেটিক রেটিনোপ্যাথি (Diabetic Retinopathy):
দীর্ঘদিন ধরে ডায়াবেটিস থাকলে এবং ব্লাড সুগার ভালো কন্ট্রোলে না থাকলে চোখের রক্তনালীগুলো ক্ষতিগ্রস্ত হতে পারে। একে ডায়াবেটিক রেটিনোপ্যাথি বলে। এটি একটি গুরুতর সমস্যা, যা সময়মতো চিকিৎসা না পেলে দৃষ্টিশক্তি হারানোর ঝুঁকি থাকে।

৩. অন্যান্য কারণ:
কখনো কখনো বয়সজনিত কারণেও চোখ ঝাপসা দেখতে পারে বা অন্য কোনো চোখের সমস্যাও থাকতে পারে।

আপনার করণীয়:

দ্রুত চক্ষু বিশেষজ্ঞের (Ophthalmologist) পরামর্শ নিন: শুধু সাধারণ চিকিৎসকের পরামর্শেই নয়, চোখের বিশেষজ্ঞের কাছে গিয়ে ফান্ডাস্কোপি (Funduscopy) বা চোখের পিছনের অবস্থানের পরীক্ষা করানো জরুরি।
ব্লাড সুগার মনিটরিং: আপনার বর্তমান ব্লাড সুগার এবং HbA1c-এর মান কত, তা জানুন। যদি সুগার অনেক বেশি থাকে, তবে ডায়াবেটিস স্পেশালিস্টের পরামর্শ অনুযায়ী ইনসুলিন বা ওষুধের ডোজ ঠিক করতে হতে পারে।
নিয়মিত চেকআপ: ডায়াবেটিস রোগীদের বছরে অন্তত একবার চোখের পূর্ণাঙ্গ পরীক্ষা করা উচিত।
সতর্কতা:
যদি চোখের সামনে কালো দানা ভাসে, হঠাৎ দৃষ্টিশক্তি কমে যায়, বা চোখে ব্যথা ও লালভাব দেখা দেয়, তবে অবিলম্বে চক্ষু বিশেষজ্ঞের শরণাপন্ন হোন। এটি জরুরি অবস্থার লক্ষণ হতে পারে।

আপনার বয়স কত এবং ডায়াবেটিস কতদিন থেকে হয়েছে? এটি জানলে আরও সঠিক পরামর্শ দেওয়া সম্ভব হতো। তবে বর্তমানে দেরি না করে একজন বিশেষজ্ঞের দেখাটা সবচেয়ে বুদ্ধিমানের কাজ হবে।"
Qwen3.6-35B-A3B,31,1,Symptoms and early detection,"শরীরে ক্ষত হলে দেরিতে শুকায়, এটা কি ডায়াবেটিসের লক্ষণ?","হ্যাঁ, আপনি ঠিক ধরেছেন। ডায়াবেটিস থাকলে শরীরে ক্ষত বা ছোট কাটা-খাটা দেরিতে শুকায় বা সারে না, এটি ডায়াবেটিসের একটি খুব সাধারণ লক্ষণ।

এর পেছনের কারণগুলো হলো:

১. রক্ত সঞ্চালনে সমস্যা: ডায়াবেটিস থাকলে রক্তনালীগুলো নমনীয়তা হারায় এবং সংকুচিত হয়ে যায়। ফলে ক্ষতস্থানে পর্যাপ্ত রক্ত পৌঁছাতে পারে না, যা ক্ষত সারাতে বিলম্ব ঘটায়।
২. ইমিউন সিস্টেম দুর্বল হওয়া: উচ্চ রক্তে শর্করা (High Blood Sugar) শরীরের রোগ প্রতিরোধ ক্ষমতা বা ইমিউন সিস্টেমকে দুর্বল করে দেয়। এর ফলে ক্ষতস্থানে সংক্রমণ (Infection) হওয়ার ঝুঁকি বেড়ে যায় এবং তা দেরিতে সারে।
৩. স্নায়ুর ক্ষতি: অনেক সময় ডায়াবেটিসের কারণে স্নায়ুগুলোও ক্ষতিগ্রস্ত হয় (Neuropathy), যার ফলে ক্ষতস্থানের অনুভূতি কমে যায় এবং সেখানে যত্ন নেওয়া কঠিন হয়ে পড়ে।

আপনার করণীয়:

নিয়মিত চেকআপ: আপনার ব্লাড সুগার নিয়ন্ত্রণে আছে কিনা তা নিয়মিত পরীক্ষা করুন। হেমোগ্লোবিন এ1সি (HbA1c) চেক করিয়ে নিন।
ক্ষতের যত্ন: ছোট ক্ষত হলেও তা পরিষ্কার রাখুন। ক্ষতস্থানে কোনো ক্রিম বা ওষুধ লাগানোর আগে অবশ্যই আপনার চিকিৎসকের পরামর্শ নিন।
খাবার নিয়ন্ত্রণ: মিষ্টি, চিনি এবং প্রসেসড ফুড এড়িয়ে চলুন। সবজি, ফল এবং প্রোটিনযুক্ত খাবার নিয়মিত খান।
চিকিৎসকের শরণাপন্ন হোন: যদি ক্ষতটি লাল হয়ে যায়, ফুলে যায়, পুঁজ হয় বা গন্ধ আসে, তবে দেরি না করে দ্রুত একজন চিকিৎসকের দেখান। ডায়াবেটিসে ক্ষত দ্রুত সংক্রমিত হয়ে গুরুতর সমস্যার (যেমন: গ্যাংগ্রিন) কারণ হতে পারে।
আপনার স্বাস্থ্যের প্রতি সতর্ক থাকা খুবই জরুরি। কোনো সন্দেহ থাকলে অবশ্যই আপনার রেজিস্টার্ড ডায়াবেটিস বিশেষজ্ঞের সাথে কথা বলুন।"
Qwen3.6-35B-A3B,31,2,Symptoms and early detection,"শরীরে ক্ষত হলে দেরিতে শুকায়, এটা কি ডায়াবেটিসের লক্ষণ?","হ্যাঁ, হ্যাঁ। শরীরে ক্ষত হলে দেরিতে শুকানো বা না ভালো হওয়া—এটা ডায়াবেটিসের (Diabetes) খুবই সাধারণ এবং গুরুত্বপূর্ণ একটি লক্ষণ।

সাধারণ মানুষের ক্ষেত্রে ছোট ছোট কাটা-খোঁড়া বা ক্ষত কয়েক দিনের মধ্যেই শুকিয়ে যায়। কিন্তু ডায়াবেটিস রোগীদের ক্ষেত্রে এটা আলাদা। এর পেছনে কিছু প্রধান কারণ থাকে:

১. উচ্চ রক্তে শর্করা (High Blood Sugar): রক্তে সুগার বেশি থাকলে শরীরের রোগ প্রতিরোধ ক্ষমতা (Immunity) দুর্বল হয়ে পড়ে। ফলে ক্ষতস্থানে সংক্রমণ (Infection) হওয়ার ঝুঁকি বেড়ে যায় এবং তা শুকাতে দেরি হয়।
২. রক্ত সঞ্চালনে সমস্যা: ডায়াবেটিসের কারণে শরীরের প্রান্তীয় অংশে (যেমন পা, হাত, আঙুল) রক্ত সঞ্চালন ঠিকমতো হয় না। রক্তে অক্সিজেন ও পুষ্টি পৌঁছাতে না পারায় ক্ষত ভালো হতে দেরি হয়।
৩. স্নায়ুর ক্ষতি (Neuropathy): অনেক সময় ডায়াবেটিসে স্নায়ুগুলো দুর্বল হয়ে পড়ে। ফলে রোগী ক্ষতটি খেয়ালও করেন না, অথচ সেখানে সংক্রমণ ছড়িয়ে পড়ে।

আপনার করণীয়:

ডায়াবেটিস কন্ট্রোল করুন: আপনার ব্লাড সুগার (Fasting ও Post-prandial) নিয়মিত চেক করুন এবং ডাক্তারের পরামর্শ অনুযায়ী ঔষধ বা ইনসুলিন নিয়মিত খান।
ক্ষতের যত্ন নিন: ক্ষতস্থান পরিষ্কার ও শুকনো রাখুন। কোনো ক্রিম বা ঘরোয়া নুড়ি না লাগিয়ে ডাক্তারের পরামর্শ নিন।
চোখের দৃষ্টি রাখুন: বিশেষ করে পায়ে কোনো ক্ষত হলে বা ফাটলে তা অবহেলা করবেন না। ডায়াবেটিস রোগীদের পায়ে ক্ষত হলে তা দ্রুত গ্যাংগ্রিনে (Gangrene) পরিণত হতে পারে।
পরামর্শ: যদি আপনার ক্ষতটি দীর্ঘদিন ধরে না শুকায়, লাল হয়ে যায়, ফুলে যায় বা দুর্গন্ধ হয়, তবে দেরি না করে অবশ্যই একজন রেজিস্টার্ড ডায়াবেটোলজিস্ট বা চর্মরোগ বিশেষজ্ঞের শরণাপন্ন হোন। এটি সময়মতো না দেখালে জটিলতা হতে পারে।

আপনি কি আপনার সাম্প্রতিক ব্লাড সুগারের মান জানেন? যদি না জানেন, তবে একবার চেক করে দেখতে পারেন।"
Qwen3.6-35B-A3B,32,1,Symptoms and early detection,"আমার সুগার লেভেল মাঝে মাঝে বেশি হয়, মাঝে মাঝে স্বাভাবিক থাকে এটা কি ডায়াবেটিসের লক্ষন?","হ্যাঁ, আপনার বর্ণনা করা লক্ষণটি ডায়াবেটিস বা মিউত বাতির (Type 2 Diabetes) একটি অত্যন্ত সাধারণ এবং গুরুত্বপূর্ণ早期 (early) লক্ষণ হতে পারে।

সাধারণত সুস্থ মানুষের শরীরে ইনসুলিন হরমোন কাজ করে ব্লাড সুগারকে নিয়ন্ত্রণে রাখে। কিন্তু ডায়াবেটিসের শুরুতে বা প্রি-ডায়াবেটিস অবস্থায় শরীরের কোষগুলো ইনসুলিনের প্রতি প্রতিরোধী হয়ে পড়ে (Insulin Resistance)। ফলে মাঝে মাঝে ব্লাড সুগার স্বাভাবিক থাকে আবার মাঝে মাঝে বেড়ে যায়। একে চিকিৎসাবিজ্ঞানের ভাষায় ""Impaired Fasting Glucose"" বা ""Impaired Glucose Tolerance"" বলা হয়।

এটি অবহেলার বিষয় নয়, কারণ সঠিক সময়ে হস্তক্ষেপ করলে ডায়াবেটিসকে নিয়ন্ত্রণে রাখা বা এমনকি পূর্বাবস্থায় ফিরিয়ে আনা সম্ভব।

আপনার এখন যা করা উচিত:

১. পরীক্ষা-নিরীক্ষা: দয়া করে একজন রেজিস্টার্ড চিকিৎসকের পরামর্শ নিন এবং নিচের পরীক্ষাগুলো করান:

Fasting Blood Sugar (FBS): সকালে খালি পেটে।
Post-Prandial Blood Sugar (PPBS): খাবার খাওয়ার ২ ঘণ্টা পর।
HbA1c Test: এটি আপনার গত ২-৩ মাসের গড় ব্লাড সুগার লেভেল বোঝায় এবং ডায়াবেটিস নিশ্চিত করতে সবচেয়ে নির্ভরযোগ্য।
২. খাদ্যাভ্যাস পরিবর্তন:

সাদা চালের পরিবর্তে ব্রাউন রাইস বা মিশ্র ধান ব্যবহার করুন।
মিষ্টি, চিনি, কেক, কুকিজ এবং চা-কফিতে চিনি যোগ করা বন্ধ করুন।
ফাইবার যুক্ত খাবার (সবজি, ডাল, শাকসবজি) বেশি খান।
৩. শারীরিক চর্চা:

প্রতিদিন অন্তত ৩০ মিনিট হাঁটাচলা বা হালকা ব্যায়াম করুন। এটি ইনসুলিনের কার্যকারিতা বাড়ায়।
৪. ওজন নিয়ন্ত্রণ:

যদি আপনার ওজন বেশি থাকে, তবে ৫-১০% ওজন কমানো ব্লাড সুগার নিয়ন্ত্রণে বিশেষভাবে সাহায্য করে।
সতর্কতা:
যদি আপনার তীব্র তৃষ্ণা, প্রচুর প্রস্রাব, অস্বাভাবিক ক্লান্তি, বা ঝাপসা দৃষ্টির সমস্যা দেখা দেয়, তবে দেরি না করে দ্রুত চিকিৎসকের শরণাপন্ন হোন।

আপনি কি আপনার বর্তমান ওজন বা পরিবারে ডায়াবেটিসের ইতিহাস সম্পর্কে কিছু বলতে চান? এটি আরও সঠিক পরামর্শ দেওয়াতে সাহায্য করবে।"
Qwen3.6-35B-A3B,32,2,Symptoms and early detection,"আমার সুগার লেভেল মাঝে মাঝে বেশি হয়, মাঝে মাঝে স্বাভাবিক থাকে এটা কি ডায়াবেটিসের লক্ষন?","হ্যাঁ, ব্লাড সুগারের এই ওঠানামা (Fluctuation) ডায়াবেটিস বা প্রি-ডায়াবেটিসের একটি খুব সাধারণ লক্ষণ হতে পারে। স্বাভাবিক মানুষের শরীরে ইনসুলিন হরমোন সুগারকে কোষে প্রবেশ করতে সাহায্য করে, কিন্তু ডায়াবেটিসে এই প্রক্রিয়াটি ঠিকমতো কাজ করে না, ফলে সুগার লেভেল মাঝে মাঝে বেড়ে যায়।

তবে শুধুমাত্র এই লক্ষণ দিয়ে ডায়াবেটিস নিশ্চিত করা যায় না। এটি কী ডায়াবেটিস, নাকি প্রি-ডায়াবেটিস (Pre-diabetes), তা বোঝার জন্য কিছু পরীক্ষা জরুরি।

আপনার জন্য কিছু পরামর্শ:

১. পরীক্ষা-নিরীক্ষা: দয়া করে একজন রেজিস্টার্ড ডায়াবেটোলজিস্ট বা মেডিসিন বিশেষজ্ঞের পরামর্শ নিন। আপনার HbA1c (গড় ব্লাড সুগার), Fasting Blood Sugar এবং PP Blood Sugar এর পরীক্ষা করানো উচিত। এতে ডায়াবেটিসের ধরন এবং মাত্রা স্পষ্ট হবে।

২. খাবারের বিষয়ে সতর্কতা:

সাদা চাউল, ময়দা, মিষ্টি ও চিনিযুক্ত খাবার কমিয়ে দিন।
সবজি, ফাইবারযুক্ত খাবার এবং প্রোটিন (মুরগি, মাছ, ডাল) বেশি খান।
একবারে বেশি খাবার না খেয়ে দিনে ৪-৫ বার সামান্য পরিমাণে খাওয়ার চেষ্টা করুন।
৩. শারীরিক চর্চা: দিনে অন্তত ৩০ মিনিট হাঁটাচলা বা হালকা ব্যায়াম করুন। এটি ইনসুলিনের কাজকে সহজ করে।

৪. ওজন নিয়ন্ত্রণ: যদি আপনার ওজন বেশি থাকে, তবে তা কমানো ডায়াবেটিস নিয়ন্ত্রণে খুবই কার্যকর।

সতর্কতা: যদি আপনার তীব্র তৃষ্ণা, প্রস্রাবের পরিমাণ বেড়ে যাওয়া, অস্বাভাবিক ক্লান্তি বা ওজন কমে যাওয়ার মতো লক্ষণ দেখা দেয়, তবে দেরি না করে দ্রুত ডাক্তারের শরণাপন্ন হোন।

ডায়াবেটিস নিয়ন্ত্রণে রাখা সম্ভব সঠিক ডায়েট, ওষুধ এবং জীবনযাত্রার পরিবর্তনের মাধ্যমে। তাই হতাশ না হয়ে সঠিক চিকিৎসকের পরামর্শ নিয়ে এগিয়ে যান।"
Qwen3.6-35B-A3B,33,1,Special situations,ডায়াবেটিস রোগীর জন্য রমজান মাসে রোজা রেখে ইনসুলিন বা ওষুধ সমন্বয়  করার সঠিক নিয়ম কী?,"আল্লাহর রহমত ও বরকতময় রমজান মাসের শুভেচ্ছা। ডায়াবেটিস নিয়ে রোজা রাখা সম্পূর্ণ নিরাপদ কিনা, তা নির্ভর করে আপনার ডায়াবেটিসের ধরন, বয়স এবং বর্তমান স্বাস্থ্যের অবস্থার ওপর। সাধারণত যাদের ডায়াবেটিস নিয়ন্ত্রণে আছে, তারা রোজা রাখতে পারেন, তবে ইনসুলিন বা ওষুধের সময় এবং মাত্রা পরিবর্তন করা জরুরি।

নিচে ডায়াবেটিস রোগীদের জন্য রোজার সময় ইনসুলিন ও ওষুধ ব্যবস্থাপনার কিছু সাধারণ ও নিরাপদ নিয়ম দেওয়া হলো:

১. রোজার আগে ডাক্তারের পরামর্শ নিন (সবচেয়ে জরুরি):
রোজা শুরু করার আগে অবশ্যই আপনার চিকিৎসকের সাথে কথা বলুন। তিনি আপনার হেমোগ্লোবিন এ1সি (HbA1c) এবং বর্তমান ব্লাড সুগার লেভেল দেখে সিদ্ধান্ত দেবেন যে আপনার জন্য রোজা রাখা নিরাপদ কিনা।

২. ইনসুলিন ব্যবহারকারীদের জন্য নিয়ম:
যাদের ইনসুলিন ইনজেকশন দিতে হয়, তাদের ক্ষেত্রে সাধারণত দুটি প্রধান পদ্ধতি অনুসরণ করা হয় (ডাক্তারের পরামর্শ অনুযায়ী):

প্রথম পদ্ধতি (সকালের ইনসুলিন):

সেহরি: সকালের ইনসুলিন সেহরির সময় বা সেহরির আগে ১-২ ঘণ্টা আগে নিন।
ইফতার: ইফতারের সময় দুপুরের বা বিকালের ইনসুলিন নিন।
সতর্কতা: যদি আপনার ইনসুলিনের ধরন 'সুইন্ট' (Short-acting) বা 'লং অ্যাকশন' (Long-acting) হয়, তবে সময়ের ব্যবধান ঠিক রাখতে হবে।
দ্বিতীয় পদ্ধতি (ইফতারের ইনসুলিন):

সেহরি: সেহরির সময় ইনসুলিনের মাত্রা কমিয়ে দেওয়া হতে পারে বা বাদ দেওয়া হতে পারে (শুধুমাত্র ডাক্তারের নির্দেশে)।
ইফতার: ইফতারের পর বা রাতে ঘুমানোর আগে ইনসুলিন নিন।
৩. পিল বা ট্যাবলেট খাওয়ার রোগীদের জন্য:
যারা ইনসুলিন না খেয়ে পিল (যেমন: Metformin, Glimepiride ইত্যাদি) খান, তাদের জন্য সাধারণত নিম্নলিখিত নিয়মটি অনুসরণ করা হয়:

সেহরি: সকালের ওষুধটি সেহরির সময় বা সেহরির ১৫-২০ মিনিট আগে খান।
ইফতার: দুপুরের ওষুধটি ইফতারের সময় বা ইফতারের পর খান।
সতর্কতা: কিছু ওষুধ (যেমন: Sulfonylureas) রোজার সময় হাইপোগ্লাইসেমিয়া (কম ব্লাড সুগার) এর ঝুঁকি বাড়ায়। তাই ডাক্তার হয়তো ওষুধের মাত্রা কমাতে বা ওষুধ পরিবর্তন করতে পারেন।
৪. হাইপোগ্লাইসেমিয়া (কম ব্লাড সুগার) থেকে বাঁচার উপায়:
রোজার সময় ব্লাড সুগার ৭০ mg/dL-এর নিচে নেমে গেলে বা ৩০০ mg/dL-এর উপরে গেলে রোজা ভঙ্গ করা শরীয়ত ও চিকিৎসা বিজ্ঞান উভয় দিক থেকেই উচিত।

লক্ষণগুলো: শরীর দুর্বল লাগা, ঘাম হওয়া, হাত-পা কাঁপা, মাথা ঘোরা বা অস্পষ্ট দৃষ্টি।
সমাধান: তাৎক্ষণিকভাবে মিষ্টি পানীয় (গ্লুকোজ পানি, খেজুর বা জুস) খান এবং ব্লাড সুগার চেক করুন।
৫. খাবারের সময় খেয়াল রাখুন:

সেহরি: ফাইবারযুক্ত খাবার (সবজি, মশলাদারি না থাকা ভাত, ডাল), প্রোটিন (ডিম, মাছ, মাংস) এবং ধীরে শোষিত কার্বোহাইড্রেট (ওটস, ব্রাউন রাইস) খান। একসাথে অনেক বেশি মিষ্টি বা তেলযুক্ত খাবার এড়িয়ে চলুন।
ইফতার: ইফতারে প্রথমে খেজুর ও পানি দিয়ে রোজা খুলুন। তারপর হালকা সুপ বা সালাদ খান। প্রধান খাবারটি ১৫-২০ মিনিট পর খান যাতে ব্লাড সুগার হঠাৎ না ওঠে।
কখন রোজা রাখা উচিত নয়?

যদি বয়স ৭০ বছরের বেশি হয়।
যদি ডায়াবেটিসের জটিলতা থাকে (যেমন: কিডনি ফেইল, হৃদরোগ, বা চোখের সমস্যা)।
যদি গর্ভাবস্থায় থাকেন।
যদি পূর্বের ৩ মাসে দুবারের বেশি হাইপোগ্লাইসেমিয়া হয়ে থাকে।
যদি ব্লাড সুগার নিয়ন্ত্রণে না থাকে।
পরামর্শ:
রোজার দিনে দিনে অন্তত ২-৩ বার ব্লাড সুগার চেক করুন। রাতে ঘুমানোর আগে এবং সকালে উঠে সুগার চেক করা ভালো। কোনো অস্বাভাবিক লক্ষণ দেখা দিলে দেরি না করে অবিলম্বে আপনার চিকিৎসকের সাথে যোগাযোগ করুন বা নিকটস্থ হাসপাতালে যান।

দ্রষ্টব্য: এটি সাধারণ স্বাস্থ্য পরামর্শ। আপনার নির্দিষ্ট চিকিৎসা পরিকল্পনার জন্য অবশ্যই আপনার নিজস্ব ডায়াবেটোলজিস্ট বা এন্ডোক্রিনোলজিস্টের সাথে আলোচনা করুন।"
Qwen3.6-35B-A3B,33,2,Special situations,ডায়াবেটিস রোগীর জন্য রমজান মাসে রোজা রেখে ইনসুলিন বা ওষুধ সমন্বয়  করার সঠিক নিয়ম কী?,"হ্যাঁ, ডায়াবেটিস রোগীরা রমজানে রোজা রাখতে পারেন, তবে খুবই সতর্কতার সাথে এবং ডাক্তারের পরামর্শ অনুযায়ী ওষুধের ডোজ বা সময় পরিবর্তন করতে হয়। সাধারণত ডায়াবেটিস রোগীদের জন্য রোজার সময় ইনসুলিন বা ওরাল ড্রাগস (খাওয়ার ওষুধ) সমন্বয় করার নিয়মগুলো নিচে দেওয়া হলো:

১. ইনসুলিন ব্যবহারকারীদের জন্য:

ইনসুলিনের ধরন: আপনি যে ইনসুলিন ব্যবহার করেন তার ওপর ভিত্তি করে ডাক্তার ডোজ ঠিক করে দেবেন। সাধারণত NPH ইনসুলিন বা ইন্টারমিডিয়েট অ্যাকশন ইনসুলিন ব্যবহারকারীদের দুটি ডোজ দেওয়া হয়।
সময়কাল:
সাহারি (Sehari) সময়: সাধারণত ইনসুলিনের অর্ধেক ডোজ বা নির্ধারিত ডোজ সাহারির আগে খাওয়াতে বলা হয়।
ইফতারি (Iftar) সময়: বাকি অর্ধেক ডোজ বা নির্ধারিত ডোজ ইফতারের সময় দেওয়া হয়।
শর্ট অ্যাকশন ইনসুলিন: যদি শর্ট অ্যাকশন ইনসুলিন ব্যবহার করেন, তবে তা সাধারণত সাহারি এবং ইফতারের ঠিক আগেই ইনজেকশন দেওয়া হয় যাতে রক্তে শর্করা কমে না যায়।
২. ওরাল ড্রাগস (খাওয়ার ওষুধ) ব্যবহারকারীদের জন্য:

মেটফরমিন (Metformin): সাধারণত একবার খাওয়ার ওষুধ হলে তা ইফতারের সময় বা সাহারির সময় খাওয়াতে বলা হয়। যদি দুইবার খেতে হয়, তবে একবার ইফতারে এবং একবার সাহারিতে খেতে হবে।
সুলফোনিইউরিয়া (Sulfonylurea): যেমন গ্লিমিপাইরাইড (Glimepiride) বা গ্লিবেনক্লাইমাইড (Glibenclamide)। এই ওষুধগুলো রক্তে শর্করা দ্রুত কমিয়ে ফেলতে পারে, তাই হাইপোগ্লাইসেমিয়া (রক্তে শর্করা অতিরিক্ত কমে যাওয়া) এর ঝুঁকি থাকে। ডাক্তাররা সাধারণত এই ওষুধের ডোজ কমাতে বা ওষুধ বাদ দিতে পরামর্শ দেন। গ্লিমিপাইরাইড সাধারণত ইফতারের সময় খাওয়াতে বলা হয়।
ডিপিপি-৪ ইনহিবিটর (DPP-4 Inhibitors): যেমন সিতাগ্লিপটিন (Sitagliptin)। এগুলো সাধারণত নিরাপদ এবং ডোজ পরিবর্তনের প্রয়োজন হয় না, তবে ডাক্তারের পরামর্শ নেওয়া জরুরি।
৩. গুরুত্বপূর্ণ সতর্কতা:

হাইপোগ্লাইসেমিয়া (রক্তে শর্করা কমে যাওয়া): রোজার সময় রক্তে শর্করা ৭০ mg/dL এর নিচে নেমে গেলে সেটাকে হাইপোগ্লাইসেমিয়া বলে। এর লক্ষণ হলো—হাত কাঁপা, ঘাম হওয়া, চোখ ঝাপসা হওয়া, মাথা ঘোরা বা অজ্ঞান হয়ে যাওয়া। এমন অবস্থায় সাথে সাথে মিষ্টি পানীয় বা গ্লুকোজ খেতে হবে এবং রোজা ভাঙতে হবে।
হাইপারগ্লাইসেমিয়া (রক্তে শর্করা বেড়ে যাওয়া): রোজা ভাঙার পর অতিরিক্ত খাবার খেলে রক্তে শর্করা বেড়ে যেতে পারে। তাই ইফতারে এবং সাহারিতে ভারী খাবার এড়িয়ে চলুন।
জলীয় পানীয়: সাহারি থেকে ইফতার পর্যন্ত দেহে পানির অভাব হতে পারে। তাই সাহারি এবং ইফতারের মাঝে পর্যাপ্ত পানি পান করুন।
৪. কখন রোজা রাখা উচিত নয়?

যদি আপনার রক্তে শর্করা প্রায়শই ২৫০ mg/dL এর উপরে থাকে।
যদি আপনার রক্তে শর্করা প্রায়শই ৭০ mg/dL এর নিচে চলে যায় (হাইপোগ্লাইসেমিয়া হয়)।
যদি আপনি ইনসুলিনের মাধ্যমে চিকিৎসা নেন এবং আপনার রক্তে শর্করা খুবই অস্থির থাকে।
যদি আপনার ডায়াবেটিসের জটিলতা থাকে, যেমন—কিডনি সমস্যা, হৃদরোগ, বা মূত্রনালীর সংক্রমণ।
যদি আপনি গর্ভবতী হন বা শারীরিকভাবে দুর্বল হন।
পরামর্শ:
রমজানের শুরুতে আপনার ডায়াবেটিস বিশেষজ্ঞ বা চিকিৎসকের সাথে পরামর্শ করুন। তিনি আপনার বর্তমান স্বাস্থ্য অবস্থা বিবেচনা করে সঠিক ওষুধের ডোজ এবং সময় নির্ধারণ করে দেবেন। নিয়মিত রক্তে শর্করা মাপুন (ঘরে বা ক্লিনিকে) এবং কোনো অস্বাভাবিক লক্ষণ দেখা দিলে দেরি না করে ডাক্তারের শরণাপন্ন হোন।

আল্লাহ তায়ালা সব রোগীর সুস্থতা কামনা করুন।"
Qwen3.6-35B-A3B,34,1,Special situations,গর্ভাবস্থায় ডায়াবেটিস কেন হয় বা হলে কি তা বাচ্চার ক্ষতি করতে পারে?,"অভিনন্দন আপনার গর্ভাবস্থার জন্য! এটি একটি খুবই গুরুত্বপূর্ণ প্রশ্ন। গর্ভাবস্থায় ডায়াবেটিস হওয়া বা আগে থেকেই থাকলে তা মায়ের জন্যও এবং বাচ্চার জন্যও কিছুটা ঝুঁকিপূর্ণ হতে পারে, কিন্তু সঠিক চিকিৎসা ও যত্নের মাধ্যমে সবাই সুস্থ থাকতে পারে।

আসুন বিষয়টি সহজভাবে বুঝে নিই:

১. গর্ভাবস্থায় ডায়াবেটিস কেন হয়?
গর্ভাবস্থায় আমাদের শরীরে হরমোন পরিবর্তন হয়। এই পরিবর্তনের ফলে শরীর ইনসুলিনের প্রতি কম সংবেদনশীল হয়ে পড়ে (যাকে Insulin Resistance বলে)। ফলে রক্তে শর্করার মাত্রা বেড়ে যায়। একে সাধারণত Gestational Diabetes বলা হয়। এটি সাধারণত গর্ভাবস্থার মাঝামাঝি সময়ে (২৪-২৮ সপ্তাহে) পরীক্ষার মাধ্যমে ধরা পড়ে।

২. এটি বাচ্চার ক্ষতি করতে পারে কি?
যদি ডায়াবেটিস নিয়ন্ত্রণে না থাকে, তবে তা বাচ্চার স্বাস্থ্যের ওপর প্রভাব ফেলতে পারে:

বড় শিশু (Macrosomia): মায়ের রক্তে বেশি সুগার থাকলে শিশুর ওজন বেশি হয়ে যেতে পারে। ফলে ডেলিভারি কঠিন হতে পারে বা সিজারিয়ান অপশন নিতে হতে পারে।
লো সুগার (Hypoglycemia): জন্মের পর শিশুর ব্লাড সুগার হঠাৎ কমে যেতে পারে, যার জন্য তাৎক্ষণিক চিকিৎসার প্রয়োজন হতে পারে।
শ্বাসকষ্ট: কিছু ক্ষেত্রে শিশুর ফুসফুসের বিকাশে বিলম্ব হতে পারে।
ভবিষ্যতের ঝুঁকি: এমন শিশুদের পরবর্তী জীবনে ওজন বাড়ার এবং ডায়াবেটিস হওয়ার ঝুঁকি সাধারণ শিশুর তুলনায় বেশি থাকে।
৩. তবে চিন্তার কিছু নেই! করণীয় কী?
ভয় পেয়ে কাজ নেই। সঠিক যত্নে আপনি সুস্থ মা এবং সুস্থ শিশুর জন্ম দিতে পারবেন। আপনার যা করা উচিত:

নিয়মিত চেকআপ: আপনার গাইনোকোলজিস্ট বা ডায়াবেটোলজিস্টের পরামর্শ মেনে নিয়মিত ব্লাড সুগার মনিটর করুন।
ডায়েট মেনে চলা:
মিষ্টি, চিনি, রাইস, এবং প্রসেসড ফুড এড়িয়ে চলুন।
সবজি, ফাইবারযুক্ত খাবার, এবং প্রোটিন (মাছ, ডাল, ডিম) বেশি খান।
ছোট ছোট ভাত খান, একবারে বেশি খাবেন না।
হালকা ব্যায়াম: ডাক্তারের পরামর্শ নিয়ে প্রতিদিন ২০-৩০ মিনিট হাঁটাচলা করুন। এটি ব্লাড সুগার নিয়ন্ত্রণে খুব সাহায্য করে।
ইনসুলিন বা ওষুধ: যদি ডায়েট ও ব্যায়ামে সুগার কমে না আসে, তবে ডাক্তার আপনাকে ইনসুলিন বা অন্য ওষুধ দিতে পারেন। গর্ভাবস্থায় ইনসুলিন ব্যবহার করা নিরাপদ, তাই ডাক্তারের পরামর্শ মেনে ওষুধ খান।
সতর্কতা:
যদি আপনি বুকে ব্যথা, অস্বাভাবিক বমি বমি ভাব, বা অতিরিক্ত ক্লান্তি অনুভব করেন, তবে দেরি না করে দ্রুত আপনার ডাক্তারের শরণাপন্ন হোন।

আপনি যদি নিয়মিত যত্ন নেন, তবে আপনার বাচ্চা সম্পূর্ণ সুস্থ থাকবে। কোনো প্রশ্ন থাকলে নির্দ্বিধায় জানাতে পারেন।"
Qwen3.6-35B-A3B,34,2,Special situations,গর্ভাবস্থায় ডায়াবেটিস কেন হয় বা হলে কি তা বাচ্চার ক্ষতি করতে পারে?,"হ্যাঁ, গর্ভাবস্থায় ডায়াবেটিস হওয়া একটি গুরুত্বপূর্ণ বিষয়, যাকে চিকিৎসাবিজ্ঞানের ভাষায় Gestational Diabetes Mellitus (GDM) বলা হয়। এটি অনেক মায়েদের মধ্যেই দেখা যায়। আসুন, বিষয়টি বিস্তারিত আলোচনা করি।

গর্ভাবস্থায় ডায়াবেটিস কেন হয়?
গর্ভাবস্থায় মাশরীরের হরমোন পরিবর্তনের কারণে ইনসুলিনের কাজে বাধা সৃষ্টি হতে পারে। ইনসুলিন হলো সেই হরমোন যা রক্তে শর্করা বা ব্লাড সুগার নিয়ন্ত্রণ করে। যখন শরীর পর্যাপ্ত ইনসুলিন তৈরি করতে পারে না বা ইনসুলিন সঠিকভাবে কাজ করে না, তখন রক্তে সুগারের মাত্রা বেড়ে যায়। সাধারণত গর্ভাবস্থার ২৪-২৮ সপ্তাহের মধ্যে এই পরীক্ষাটি করা হয়।

এটি বাচ্চার ক্ষতি করতে পারে কি?
যদি ব্লাড সুগার নিয়ন্ত্রণে না থাকে, তবে এটি মা এবং শিশু উভয়ের জন্যই ঝুঁকিপূর্ণ হতে পারে। তবে আশার কথা হলো, সঠিক চিকিৎসা ও ডায়েট মেনে চললে এই ঝুঁকি অনেকাংশ কমানো যায়।

বাচ্চার ও মা-এর ওপর প্রভাব:

১. বড় শিশু (Macrosomia): রক্তে অতিরিক্ত সুগার প্লাসেন্টার মাধ্যমে বাচ্চার কাছে চলে যায়। ফলে বাচ্চার শরীরে অতিরিক্ত ইনসুলিন তৈরি হয় এবং বাচ্চা দ্রুত ওজন বাড়ায়। এর ফলে বাচ্চা জন্মের সময় বড় হতে পারে, যা কঠিন ডেলিভারি বা সিজারিয়ান অপশনের দিকে ঠেলে দিতে পারে।

২. হাইপোগ্লাইসেমিয়া (Low Blood Sugar): জন্মের পরপরই বাচ্চার ব্লাড সুগার খুব কমে যেতে পারে, কারণ বাচ্চা এখন আর মায়ের শরীর থেকে অতিরিক্ত সুগার পাচ্ছে না। এটি বাচ্চার জন্য বিপজ্জনক হতে পারে।

৩. শ্বাসকষ্ট (Respiratory Distress Syndrome): কিছু ক্ষেত্রে বাচ্চার ফুসফুস পূর্ণাঙ্গভাবে প্রস্তুত না হওয়ায় জন্মের পর শ্বাসকষ্ট হতে পারে।

৪. ভবিষ্যতের ঝুঁকি: যদি গর্ভাবস্থায় ডায়াবেটিস থাকে, তবে বাচ্চার পরবর্তী জীবনে ওজন বাড়ার এবং টাইপ ২ ডায়াবেটিস হওয়ার ঝুঁকি বেশি থাকে।

কী করবেন?

নিয়মিত চেকআপ: আপনার গাইনোকোলজিস্ট বা ডায়াবেটিস বিশেষজ্ঞের পরামর্শ অনুযায়ী নিয়মিত ব্লাড সুগার মনিটরিং করুন।
ডায়েট: মিষ্টি, সাদা চাল, ময়দাজাতীয় খাবার কমান। এর বদলে পুরো শস্য (whole grains), সবজি এবং প্রোটিনযুক্ত খাবার খান। ছোট ছোট কিন্তু ঘন ঘন খাবার খেলে ব্লাড সুগার নিয়ন্ত্রণে রাখা সহজ হয়।
ব্যায়াম: ডাক্তারের পরামর্শ নিয়ে হালকা হাঁটাচলা বা যোগব্যায়াম করা যেতে পারে, যা ইনসুলিনের সংবেদনশীলতা বাড়ায়।
ইনসুলিন বা ওষুধ: অনেক ক্ষেত্রে ডায়েট ও ব্যায়ামে নিয়ন্ত্রণ না হলে ডাক্তাররা নিরাপদ ইনসুলিন বা ওষুধ দিয়ে চিকিৎসা করেন। এটি বাচ্চার জন্য নিরাপদ।
সতর্কতা:
এই তথ্যগুলো সাধারণ পরামর্শের জন্য। প্রতিটি গর্ভাবস্থা ভিন্ন হয়। তাই দয়া করে আপনার রেজিস্টার্ড চিকিৎসকের সাথে আলোচনা করে আপনার জন্য উপযুক্ত চিকিৎসা প্ল্যান করুন। কোনো জরুরি লক্ষণ (যেমন অতিরিক্ত তৃষ্ণা, প্রস্রাবের পরিমাণ বেড়ে যাওয়া, বা মাথা ঘোরা) দেখা দিলে দেরি না করে হাসপাতালে যোগাযোগ করুন।

আপনি যদি সচেতন থাকেন এবং সঠিক চিকিৎসা নেন, তবে আপনি একটি সুস্থ ও সুন্দর শিশুর জন্ম দিতে পারবেন।"
Qwen3.6-35B-A3B,35,1,Special situations,আমার বাবা-মায়ের ডায়াবেটিস আছে আমার হওয়ার সম্ভাবনা কতটুকু?,"হ্যাঁ, আপনার কথাটা বুঝতে পেরেছি। এটা একদম স্বাভাবিক প্রশ্ন, কারণ পরিবারে ডায়াবেটিসের ইতিহাস থাকলে তা নিয়ে চিন্তা করাটা যৌক্তিক।

সত্যি বলতে, ডায়াবেটিসের ক্ষেত্রে জিনগত প্রবণতা (Genetic Predisposition) থাকলে ঝুঁকি কিছুটা বেড়ে যায়। যদি আপনার দুজন বাবা-মাই ডায়াবেটিস থাকে, তবে আপনার ডায়াবেটিস হওয়ার ঝুঁকি সাধারণ মানুষের তুলনায় বেশি হতে পারে (সাধারণত গবেষণায় বলা হয় ৫০% এর কাছাকাছি ঝুঁকি থাকতে পারে)।

কিন্তু মনে রাখবেন: জিন বা জিনগত বিষয়গুলোই একমাত্র কারণ নয়। ডায়াবেটিস হওয়া বা না হওয়াটা মূলত নির্ভর করে আপনার জীবনযাত্রার ধরণের (Lifestyle) ওপর।

আপনি যদি নিচের বিষয়গুলো খেয়াল রাখেন, তবে ডায়াবেটিস প্রতিরোধ করা বা দেরি করে দেওয়া সম্ভব:

১. ওজন নিয়ন্ত্রণ: অতিরিক্ত ওজন ডায়াবেটিসের অন্যতম প্রধান কারণ। আপনার BMI (Body Mass Index) স্বাভাবিক সীমার মধ্যে রাখার চেষ্টা করুন। বিশেষ করে পেটের চর্বি কম রাখাটা খুব জরুরি।

২. নিয়মিত ব্যায়াম: সপ্তাহে অন্তত ১৫০ মিনিট মাঝারি ধরনের ব্যায়াম করুন। যেমন- দ্রুত হাঁটা (Brisk Walking), সাইক্লিং বা যোগব্যায়াম।

৩. খাদ্যাভ্যাস:

সাদা চাউল, ময়দাজাতীয় খাবার (বিস্কুট, রুটি, পিঠা) এবং মিষ্টি জাতীয় খাবার কমিয়ে দিন।
শাকসবজি, ফলমূল এবং পূর্ণাঙ্গ ধান্য (Whole grains) বেশি খান।
চিনিযুক্ত পানীয় (সোডা, জুস) এড়িয়ে চলুন।
৪. নিয়মিত চেকআপ: বছরে অন্তত একবার আপনার Fasting Blood Sugar এবং HbA1c টেস্ট করিয়ে দেখুন। তাহলে প্রয়োজনে প্রাথমিক পর্যায়েই চিকিৎসা নেওয়া যাবে।

পরামর্শ:
ভয় পেয়ে কাজ হবে না, বরং সচেতন থাকুন। আপনি যদি এখন থেকেই সুস্থ জীবনযাপন করেন, তবে ডায়াবেটিস হওয়ার ঝুঁকি অনেক কমানো সম্ভব।

আপনার বর্তমান ওজন এবং খাদ্যাভ্যাস সম্পর্কে কিছু বিস্তারিত বললে আমি আরও নির্দিষ্ট কিছু পরামর্শ দিতে পারব।"
Qwen3.6-35B-A3B,35,2,Special situations,আমার বাবা-মায়ের ডায়াবেটিস আছে আমার হওয়ার সম্ভাবনা কতটুকু?,"আপনার প্রশ্নটি খুবই গুরুত্বপূর্ণ এবং সচেতন হওয়ার জন্য আপনাকে ধন্যবাদ। আপনার বাবা-মায়ের ডায়াবেটিস থাকলে আপনারও ডায়াবেটিস হওয়ার ঝুঁকি (Risk) সাধারণ মানুষের তুলনায় বেশি থাকে। তবে এই ঝুঁকি কতটুকু, তা নির্ভর করে কিছু বিষয়ের ওপর।

সাধারণত, যদি উভয় বাবা-মা উভয়েরই ডায়াবেটিস থাকে, তবে আপনার ডায়াবেটিস হওয়ার সম্ভাবনা ৫০% থেকে ৭০% পর্যন্ত হতে পারে। আর যদি শুধু একজন বাবা বা মায়ের ডায়াবেটিস থাকে, তবে সম্ভাবনা ২০% থেকে ৪০% এর মধ্যে থাকে।

কিন্তু মনে রাখবেন, জিনগত কারণ (Genetics) একমাত্র কারণ নয়। আপনার জীবনযাপনের ধরন (Lifestyle) এখানে সবচেয়ে বড় ভূমিকা রাখে। আপনি যদি সচেতন থাকেন, তবে ডায়াবেটিস থেকে দূরে থাকতে পারেন বা দেরিতে শুরু করতে পারেন।

আপনার ঝুঁকি কমানোর জন্য কিছু পরামর্শ:

১. নিয়মিত চেকআপ: বছরে অন্তত একবার আপনার Fasting Blood Sugar এবং HbA1c টেস্ট করান। এতে প্রি-ডায়াবেটিস অবস্থা আগেই ধরা পড়লে তা নিয়ন্ত্রণে আনা সহজ।

২. ওজন নিয়ন্ত্রণ: বাংলাদেশে অনেকেরই পেটের চর্বি (Abdominal Obesity) বেশি থাকে। আপনার BMI এবং কোমরের সাইজ (Waist Circumference) স্বাভাবিক রাখার চেষ্টা করুন।

৩. সুস্থ খাদ্যাভ্যাস:

চিনি ও মিষ্টি: চা-কফিতে চিনি কম দিন, ফলজুস বা ক্যান্ডি এড়িয়ে চলুন।
মুড়ি-মুড়কি ও তেঁতুল: এগুলো খেলে রক্তে শর্করা দ্রুত বাড়ে, তাই সীমিত পরিমাণে খান।
ফাইবার: সবজি, ডাল এবং মূল্যবান শস্য (Whole grains) বেশি খান।
৪. শারীরিক পরিশ্রম: সপ্তাহে অন্তত ১৫০ মিনিট হাঁটাচলা বা জিমিং করুন। বসে থাকা কমিয়ে দিন।

৫. মানসিক চাপ কমানো: অতিরিক্ত স্ট্রেসও ব্লাড সুগার বাড়াতে পারে। তাই পর্যাপ্ত ঘুম এবং মানসিক প্রশান্তি বজায় রাখুন।

পরামর্শ:
যদি আপনার বয়স ৩০-৩৫ এর বেশি হয়, তবে অবশ্যই নিয়মিত চেকআপ করান। আর যদি ওজন বেশি থাকে বা পরিবারে ডায়াবেটিসের ইতিহাস থাকে, তবে একজন Endocrinologist বা General Physician-এর পরামর্শ নিন।

ডায়াবেটিস ভয়ানক রোগ নয়, এটি একটি অবস্থা যা সঠিক খাদ্যাভ্যাস ও জীবনযাপনের মাধ্যমে সম্পূর্ণ নিয়ন্ত্রণে রাখা যায়। তাই চিন্তা না করে সচেতন হোন!"
Qwen3.6-35B-A3B,36,1,Special situations,ডায়াবেটিস হলে কি প্রেগনেন্সিতে কোন সমস্যা হয়?,"হ্যালো। গর্ভাবস্থায় ডায়াবেটিস বা 'গেস্টেশনাল ডায়াবেটিস' (Gestational Diabetes) নিয়ে আপনার উদ্বেগ আমি বুঝতে পারছি। এটি খুবই সাধারণ একটি বিষয়, তবে সচেতন থাকলে এটি নিয়ন্ত্রণে রাখা যায়। আসুন বিষয়টি বিস্তারিত আলোচনা করি।

গর্ভাবস্থায় ডায়াবেটিস কেন হয়?

গর্ভাবস্থার সময় মায়ের শরীরে হরমোন পরিবর্তন হয়। প্ল্যাসেন্টা (যে অঙ্গটি বাচ্চাকে পুষ্টি দেয়) কিছু হরমোন তৈরি করে যা ইনসুলিনের কাজে বাধা দেয়। একে 'ইনসুলিন রেজিস্ট্যান্স' বলা হয়। সাধারণত মায়ের শরীর এই অবস্থার সাথে খাপ খাইয়ে নিতে পারে, কিন্তু যদি শরীর যথেষ্ট পরিমাণে ইনসুলিন তৈরি করতে না পারে, তবে রক্তে শর্করার মাত্রা বেড়ে যায় এবং গেস্টেশনাল ডায়াবেটিস দেখা দেয়। এটি সাধারণত গর্ভাবস্থার দ্বিতীয় বা তৃতীয় ত্রৈমাসিকে (Trimester) দেখা দেয়।

এটি বাচ্চার ক্ষতি করতে পারে কি?

যদি ডায়াবেটিস নিয়ন্ত্রণে না থাকে, তবে এটি মায়ের পাশাপাশি বাচ্চার স্বাস্থ্যের জন্য ঝুঁকিপূর্ণ হতে পারে। তবে মনে রাখবেন, সঠিক চিকিৎসা ও ডায়েট মেনে চললে এই ঝুঁকি অনেকাংশেই কমানো সম্ভব।

নিচে কিছু সম্ভাব্য ঝুঁকি উল্লেখ করা হলো:

১. বড় বাচ্চা (Macrosomia): মায়ের রক্তে অতিরিক্ত শর্করা প্ল্যাসেন্টার মাধ্যমে বাচ্চার কাছে পৌঁছায়। ফলে বাচ্চার শরীর বেশি ইনসুলিন তৈরি করে এবং সে দ্রুত ওজন বাড়ে। এতে প্রসবকালে জটিলতা দেখা দিতে পারে, আবার কখনো কখনো সিজারিয়ান সেকশনের প্রয়োজন হতে পারে।

২. হাইপোগ্লাইসেমিয়া (Low Blood Sugar): জন্মের পর বাচ্চার শরীরে ইনসুলিনের মাত্রা স্বাভাবিকের চেয়ে বেশি থাকতে পারে, যা বাচ্চার রক্তে শর্করার মাত্রা হঠাৎ কমে যাওয়ার কারণ হতে পারে। এটি বাচ্চার জন্য ঝুঁকিপূর্ণ হতে পারে।

৩. জন্মগত ত্রুটি: গর্ভাবস্থার শুরুতে (প্রথম ত্রৈমাসিকে) যদি ডায়াবেটিস নিয়ন্ত্রণে না থাকে, তবে বাচ্চার হৃদপিণ্ড বা স্নায়ুতন্ত্রে ত্রুটি দেখা দেওয়ার ঝুঁকি থাকে।

৪. শ্বাসকষ্ট: কিছু ক্ষেত্রে বাচ্চা জন্মের পর শ্বাস নিতে সমস্যা হতে পারে (Respiratory Distress Syndrome)।

৫. ভবিষ্যতের ঝুঁকি: যেন ডায়াবেটিস বা ওজন সমস্যায় পড়ার ঝুঁকি বেড়ে যায়।

আপনার করণীয় কী?

নিয়মিত চেকআপ: আপনার গাইনোকোলজিস্ট বা ডায়াবেটিস বিশেষজ্ঞের পরামর্শ মেনে নিয়মিত ব্লাড সুগার মনিটরিং করুন।
সুস্থ ডায়েট: চিনি, মিষ্টি, প্রসেসড ফুড এড়িয়ে চলুন। পুরো শস্য (Whole grains), সবজি, এবং প্রোটিন সমৃদ্ধ খাবার খান। ছোট ছোট ভাগে খাবার খাওয়া ভালো।
হালকা ব্যায়াম: ডাক্তারের পরামর্শ নিয়ে হাঁটাচলা বা হালকা যোগব্যায়াম করুন। এটি ব্লাড সুগার নিয়ন্ত্রণে খুব সাহায্য করে।
ইনসুলিনের প্রয়োজন: অনেক ক্ষেত্রে ডায়েট ও ব্যায়াম দিয়ে নিয়ন্ত্রণ করা সম্ভব হয় না। সেক্ষেত্রে ডাক্তার ইনসুলিন ইনজেকশন দিতে পারেন। ইনসুলিন গর্ভাবস্থায় বাচ্চার জন্য নিরাপদ, তাই ডাক্তারের পরামর্শ অনুযায়ী এটি ব্যবহার করুন।
সতর্কতা:
যদি আপনি মায়ার দাদর (Polyuria), অতিরিক্ত তৃষ্ণা, বা অস্বাভাবিক ক্লান্তি অনুভব করেন, তবে দেরি না করে দ্রুত একজন গাইনোকোলজিস্ট বা এন্ডোক্রিনোলজিস্ট-এর পরামর্শ নিন।

চিন্তা করবেন না, সঠিক যত্ন নিলে আপনি এবং আপনার শিশু দুজনেই সুস্থ থাকবেন। আপনার গর্ভাবস্থা সুস্বাস্থ্যকম হোক!"
Qwen3.6-35B-A3B,36,2,Special situations,ডায়াবেটিস হলে কি প্রেগনেন্সিতে কোন সমস্যা হয়?,"হ্যালো। গর্ভাবস্থায় ডায়াবেটিস বা 'গেস্টেশনাল ডায়াবেটিস' (Gestational Diabetes) হওয়া একটি খুবই সাধারণ বিষয়, তবে এটি সচেতন থাকা জরুরি। আমি আপনাকে বিস্তারিত বুঝিয়ে বলছি।

গর্ভাবস্থায় ডায়াবেটিস কেন হয়?

গর্ভাবস্থায় আপনার শরীরে হরমোনের পরিবর্তন হয়। প্ল্যাসেন্টা (নাড়ি) যেসব হরমোন তৈরি করে, তা আপনার শরীরের ইনসুলিনের কাজে বাধা দেয়। ইনসুলিন হলো সেই হরমোন যা রক্তে শর্করা বা সুগারকে কোষে প্রবেশ করিয়ে শক্তিতে রূপান্তর করে। যখন ইনসুলিন ঠিকমতো কাজ করতে পারে না, তখন রক্তে সুগারের মাত্রা বেড়ে যায়। একেই গেস্টেশনাল ডায়াবেটিস বলে। সাধারণত গর্ভাবস্থার ২৪ থেকে ২৮ সপ্তাহের মধ্যে এটি পরীক্ষা করা হয়।

এটি বাচ্চার ক্ষতি করতে পারে কি?

যদি ডায়াবেটিস নিয়ন্ত্রণে না থাকে, তবে এটি মায়ের পাশাপাশি বাচ্চার স্বাস্থ্যের জন্য ঝুঁকিপূর্ণ হতে পারে। তবে সঠিক চিকিৎসা ও ডায়েট মেনে চললে বাচ্চা সম্পূর্ণ সুস্থ থাকতে পারে। নিচে কিছু সম্ভাব্য ঝুঁকি উল্লেখ করা হলো:

১. বড় শিশু (Macrosomia): মায়ে রক্তে সুগার বেশি থাকলে তা প্ল্যাসেন্টা দিয়ে বাচ্চায় চলে যায়। ফলে বাচ্চা স্বাভাবিকের চেয়ে বড় হয়ে যেতে পারে। এতে ডেলিভারি কঠিন হতে পারে এবং সিজারিয়ান (C-Section) করার প্রয়োজন হতে পারে।
২. নিওনেটাল হাইপোগ্লাইসেমিয়া: জন্মের পরপরই বাচ্চার ব্লাড সুগার অনেক কমে যেতে পারে, যা বিপজ্জনক হতে পারে। তাই জন্মের পর বাচ্চার সুগার লেভেল মনিটর করা হয়।
৩. শ্বাসকষ্ট: কিছু ক্ষেত্রে বাচ্চার ফুসফুস সম্পূর্ণ পরিপক্ব না হয়ে জন্ম নিতে পারে, ফলে শ্বাসকষ্টের ঝুঁকি থাকে।
৪. ভবিষ্যতের ঝুঁকি: যাদের মা গেস্টেশনাল ডায়াবেটিসে ভোগেন, তাদের পরবর্তী জীবনে টাইপ ২ ডায়াবেটিস হওয়ার ঝুঁকি কিছুটা বেশি থাকে।

আপনাকে এখন কী করতে হবে? (পরামর্শ)

চিন্তা করবেন না, সঠিক সময়ে হস্তক্ষেপ করলে সব ঝুঁকি কমানো সম্ভব।

নিয়মিত চেকআপ: আপনার গাইনোকোলজিস্ট বা ডায়াবেটোলজিস্টের পরামর্শ মেনে নিয়মিত ব্লাড সুগার টেস্ট করুন।
ডায়েট মেনে চলা:
চিনি, মিষ্টি, রাইস, আলু, কুমড়া ইত্যাদি কার্বোহাইড্রেট যুক্ত খাবার সীমিত পরিমাণে খান।
সবজি, ফাইবার, এবং প্রোটিন (মাছ, ডাল, ডিম) বেশি খান।
ছোট ছোট এবং ঘন ঘন খাবার খান। একবারে ভরে খাবেন না।
হালকা ব্যায়াম: ডাক্তারের পরামর্শ নিয়ে হাঁটাচলা বা হালকা ব্যায়াম করুন। এটি ব্লাড সুগার নিয়ন্ত্রণে খুব সাহায্য করে।
ইনসুলিন বা ওষুধ: অনেক সময় ডায়েট ও ব্যায়ামে সুগার নিয়ন্ত্রণে না এলে ডাক্তার ইনসুলিন বা অন্য ওষুধ দিতে পারেন। এটি বাচ্চার জন্য নিরাপদ, তাই ডাক্তারের পরামর্শ ছাড়া কোনো ওষুধ বন্ধ করবেন না।
সতর্কতা: যদি আপনি মাথা ঘোরা, অতিরিক্ত তৃষ্ণা, প্রচুর প্রস্রাব বা ঝাপসা দৃষ্টির মতো লক্ষণ অনুভব করেন, তবে দেরি না করে সাথে সাথে আপনার ডাক্তারের শরণাপন্ন হোন।

গর্ভাবস্থা একটি সুন্দর সময়, সঠিক যত্ন নিলে আপনি এবং আপনার বাচ্চা সুস্থ থাকবেন। কোনো প্রশ্ন থাকলে নির্দ্বিধায় জিজ্ঞাসা করতে পারেন।"
Qwen3.6-35B-A3B,37,1,Special situations,ডায়াবেটিস কি বংশগত জটিলতা?,"হ্যাঁ, ডায়াবেটিসের ক্ষেত্রে জিনগত বা বংশগতির (Genetics) একটি বড় ভূমিকা রয়েছে। সহজ কথায়, আপনার পরিবারে যদি ডায়াবেটিসের ইতিহাস থাকে, তবে আপনারও হওয়ার ঝুঁকি বেড়ে যায়।

তবে বিষয়টি একটু বিস্তারিত বুঝলে ভালো হবে:

১. টাইপ ২ ডায়াবেটিস (Type 2 Diabetes): এটি বেশিরভাগ ক্ষেত্রেই বংশগত জটিলতা হিসেবে চিহ্নিত হয়। আপনার মা-বাবা, ভাই-বোন বা অন্য আত্মীয়দের যদি এই রোগ থাকে, তবে আপনারও হওয়ার সম্ভাবনা অনেক বেশি। তবে এটি সরাসরি জিনের মাধ্যমে যায় না, বরং জিনগত প্রবণতা থাকে।

২. জীবনযাপন ও পরিবেশ: শুধুমাত্র জিনগত কারণই ডায়াবেটিস তৈরি করে না। বাংলাদেশের মতো দেশে খাবারের ধরণ, শারীরিক পরিশ্রমের অভাব, ওজন বাড়ার মতো পরিবেশগত কারণগুলো জিনগত প্রবণতার সাথে মিলে রোগ তৈরি করে। অর্থাৎ, জিনগত ঝুঁকি থাকলেও সঠিক ডায়েট এবং নিয়মিত এক্সারসাইজ করলে আপনি ডায়াবেটিস থেকে দূরে থাকতে পারেন বা দেরি করে শুরু করতে পারেন।

৩. টাইপ ১ ডায়াবেটিস (Type 1 Diabetes): এটি বেশিরভাগ ক্ষেত্রে অটোইমিউন সমস্যা। এখানেও কিছু জিনগত প্রবণতা থাকলেও, এটি সরাসরি পরিবার থেকে পরিবারে ছড়ায় না।

আপনার জন্য পরামর্শ:
যদি আপনার পরিবারে কেউ ডায়াবেটিস রোগী হন, তবে আপনি নিশ্চিত হতে পারেন যে আপনার ঝুঁকি সাধারণ মানুষের চেয়ে বেশি। তাই:

নিয়মিত আপনার ব্লাড সুগার চেক করান।
ভারী ভাত, মিষ্টি এবং চর্বিযুক্ত খাবার কমিয়ে ফেলুন।
প্রতিদিন অন্তত ৩০ মিনিট হাঁটা বা শারীরিক চর্চা করুন।
যদি আপনার বর্তমানে কোনো লক্ষণ থাকে বা আপনি রিস্ক এভয়েড করতে চান, তবে একজন এন্ডোক্রিনোলজিস্ট বা সাধারণ চিকিৎসকের পরামর্শ নেওয়া সবসময় ভালো।"
Qwen3.6-35B-A3B,37,2,Special situations,ডায়াবেটিস কি বংশগত জটিলতা?,"হ্যাঁ, ডায়াবেটিসের একটি শক্তিশালী বংশগত (genetic) প্রবণতা বা ঝুঁকি রয়েছে। তবে বিষয়টি একটু বিস্তারিত বুঝিয়ে বলি:

১. বংশগত ঝুঁকি: আপনার পরিবারে (বাবা-মা, ভাই-বোন বা আত্মীয়স্বজনের মধ্যে) যদি কেউ ডায়াবেটিসের রোগী হন, তবে আপনার ডায়াবেটিস হওয়ার ঝুঁকি সাধারণ মানুষের তুলনায় বেশি থাকে। বিশেষ করে টাইপ ২ ডায়াবেটিসের ক্ষেত্রে জিনগত প্রভাব বেশি স্পষ্ট।

২. জীবনযাপনই মূল চাবিকাঠি: কিন্তু মনে রাখবেন, জিন বা বংশগতি শুধুমাত্র ""ঝুঁকি"" তৈরি করে, রোগটি তৈরি করে না। ডায়াবেটিস হওয়ার পেছনে খাদ্যাভ্যাস, শারীরিক পরিশ্রমের অভাব, ওজন নিয়ন্ত্রণ এবং মানসিক চাপের মতো পরিবেশগত ও জীবনযাপনের বিষয়গুলো সবচেয়ে বেশি ভূমিকা রাখে। অর্থাৎ, বংশগতি থাকলেও সঠিক ডায়েট এবং লাইফস্টাইল মেনে চললে ডায়াবেটিস প্রতিরোধ করা বা বিলম্বিত করা সম্ভব।

৩. টাইপ ১ বনাম টাইপ ২: টাইপ ১ ডায়াবেটিসও কিছুটা জিনগত সম্পর্ক রাখে, কিন্তু এখানে পরিবেশগত উদ্দীপক (যেমন ভাইরাল ইনফেকশন) আরও বেশি ভূমিকা রাখে। অন্যদিকে, টাইপ ২ ডায়াবেটিসে জীবনযাপনের ধরন এবং ওজন নিয়ন্ত্রণের প্রভাব সবচেয়ে বেশি।

আপনার জন্য পরামর্শ:
যদি আপনার পরিবারে ডায়াবেটিসের ইতিহাস থাকে, তবে নিয়মিত ব্লাড সুগার চেকআপ (প্রতি বছরে অন্তত একবার) করানো জরুরি। সুস্থ খাবার, নিয়মিত হাঁটাচলা এবং ওজন নিয়ন্ত্রণে রাখলে আপনি ডায়াবেটিস থেকে দূরে থাকতে পারবেন।

আপনার কি পরিবারে কারো ডায়াবেটিস আছে? বর্তমানে আপনার ব্লাড সুগারের লেভেল কেমন? জানালে আমি আরও নির্দিষ্ট পরামর্শ দিতে পারব।"
Qwen3.6-35B-A3B,38,1,Special situations,ডায়াবেটিস হলে কি আমি স্বাভাবিক জীবন যাপন করতে পারব?,"হ্যাঁ, নিশ্চয়ই! ডায়াবেটিস বা ডায়াবেটিস রোগীরাও একটি স্বাভাবিক এবং সুস্থ জীবনযাপন করতে পারেন। আধুনিক চিকিৎসা বিজ্ঞান এবং সঠিক জীবনযাত্রার পরিবর্তনের মাধ্যমে রক্তে শর্করার মাত্রা (Blood Sugar) নিয়ন্ত্রণে রাখা সম্ভব।

বাংলাদেশের প্রেক্ষাপটে কিছু গুরুত্বপূর্ণ পরামর্শ নিচে দেওয়া হলো:

১. খাদ্যাভ্যাস (Diet):

কার্বোহাইড্রেট কমানো: সাদা চাউল, রুটি, এবং মিষ্টি জাতীয় খাবারের পরিমাণ সীমিত করুন। চাউলের বদলে ব্রাউন রাইস বা মাল্টিগ্রেন রাইস খেতে পারেন।
ফাইবার যুক্ত করুন: সবজি, ফল (কম গ্লিসেমিক ইনডেক্সযুক্ত ফল যেমন- আপেল, পেয়ারা, জাম) এবং ডালজাতীয় খাবার খান।
খাওয়ার সময় নির্দিষ্ট রাখুন: নিয়মিত সময়ে খাবার খাওয়া ডায়াবেটিস নিয়ন্ত্রণে সাহায্য করে।
২. শারীরিক পরিশ্রম (Physical Activity):

প্রতিদিন অন্তত ৩০ মিনিট হাঁটাচলা বা হালকা ব্যায়াম করুন। এটি ইনসুলিন সেন্সিটিভিটি বাড়াতে সাহায্য করে এবং ওজন নিয়ন্ত্রণে রাখে।
৩. নিয়মিত চেকআপ ও ওষুধ সেবন:

আপনার ডাক্তারের পরামর্শ অনুযায়ী নিয়মিত ইনসুলিন বা অন্য ওষুধ খান। কখনোই ইচ্ছাকৃতভাবে ওষুধ বন্ধ করবেন না।
প্রতি ৩ মাসে একবার HbA1c টেস্ট করান, যা দীর্ঘমেয়াদী রক্তে শর্করার মাত্রা নির্দেশ করে।
চোখের পরীক্ষা (Eye Checkup), কিডনি ফাংশন এবং পায়ের যত্ন নিয়মিত নিন।
৪. মানসিক স্বাস্থ্য:

মানসিক চাপ (Stress) রক্তে শর্করা বাড়িয়ে দিতে পারে। তাই যোগব্যায়াম বা ধ্যানের মাধ্যমে মানসিক প্রশান্তি বজায় রাখুন।
মনে রাখবেন: ডায়াবেটিস একটি ক্রমান্বয়ে বাড়তে থাকা রোগ, কিন্তু এটি সম্পূর্ণ নিয়ন্ত্রণে রাখা যায়। সঠিক ডায়েট, ব্যায়াম এবং ঔষধের মাধ্যমে আপনিও সুস্থ ও সক্রিয় জীবনযাপন করতে পারবেন।

যদি আপনার বর্তমান লক্ষণগুলো নিয়ে কোনো উদ্বেগ থাকে, তবে দেরি না করে একজন এন্ডোক্রিনোলজিস্ট বা সাধারণ চিকিৎসকের পরামর্শ নিন।"
Qwen3.6-35B-A3B,38,2,Special situations,ডায়াবেটিস হলে কি আমি স্বাভাবিক জীবন যাপন করতে পারব?,"হ্যাঁ, নিশ্চয়ই! ডায়াবেটিস বা ডায়াবেটিস রোগীরাও একদম স্বাভাবিক এবং সুস্থ জীবনযাপন করতে পারেন। বরং সঠিক যত্ন নেওয়া হলে আপনি এমনভাবে বাঁচতে পারেন যেন আপনার শরীরে ডায়াবেটিস নেই।

বাংলাদেশের প্রেক্ষাপটে কিছু গুরুত্বপূর্ণ বিষয় মাথায় রাখলেই কাজ হয়:

১. নিয়মিত ব্লাড সুগার মনিটরিং: আপনার ব্লাড সুগারের লেভেল স্বাভাবিক সীমার মধ্যে রাখা জরুরি। আপনার ডাক্তার যেমন বলবেন, তেমনই নিয়মিত চেকআপ করুন।

২. সঠিক ডায়েট: বাংলাদেশে আমরা সাধারণত ভাত, রুটি এবং মিষ্টি খেতে পছন্দ করি। কিন্তু ডায়াবেটিসে এগুলো খেলে সুগার বেড়ে যায়। তাই:

ভাতের পরিমাণ সামান্য কমিয়ে ফাইবারযুক্ত খাবার (যেমন: সবজি, ডাল) বেশি খান।
মিষ্টি, চিনি, এবং প্রক্রিয়াজাত খাবার (Processed food) এড়িয়ে চলুন।
ফল খেতে পারেন, কিন্তু অতিরিক্ত মিষ্টি ফল (যেমন: কলা, আম) খাওয়া থেকে বিরত থাকুন।
৩. শারীরিক পরিশ্রম: প্রতিদিন অন্তত ৩০ মিনিট হাঁটাচলা বা হালকা ব্যায়াম করুন। এটি ইনসুলিনের কাজে সাহায্য করে।

৪. ওজন নিয়ন্ত্রণ: ওজন বাড়লে সুগার কন্ট্রোল করা কঠিন হয়ে পড়ে। তাই স্বাস্থ্যকর ওজন বজায় রাখার চেষ্টা করুন।

৫. ঔষধ সেবন: ডাক্তারের পরামর্শ অনুযায়ী ঔষধ বা ইনসুলিন নিয়মিত খান। কখনো নিজের ইচ্ছায় ঔষধ বন্ধ করবেন না।

মনে রাখবেন, ডায়াবেটিস হলো একটি ক্রনিক (Chronic) রোগ, যার চিকিৎসা জীবনের শেষ পর্যন্ত প্রয়োজন হতে পারে। কিন্তু ভয় পাবেন না। সচেতনতা এবং সঠিক যত্নে আপনি দীর্ঘস্থায়ী সুস্থ জীবনযাপন করতে পারবেন।

আপনার যদি বর্তমানে কোনো নির্দিষ্ট সমস্যা থাকে বা ঔষধের পার্শ্বপ্রতিক্রিয়া মনে হয়, তবে দেরি না করে একজন এন্ডোক্রিনোলজিস্ট (Endocrinologist) বা ডায়াবেটিস বিশেষজ্ঞের পরামর্শ নিন।"
Qwen3.6-35B-A3B,39,1,Special situations,ডায়াবেটিস কি কোনোদিনও ভালো হয় না?,"হ্যাঁ, ডায়াবেটিস বা মিউহূর্তে সম্পূর্ণ 'সেরে যাওয়া' (Cured) একটি জটিল বিষয়, তবে এটি নিয়ন্ত্রণে রাখা সম্পূর্ণ সম্ভব। আসলে, ডায়াবেটিসকে আমরা 'Remission' বা 'Controlled State'-এ নিয়ে আসতে পারি। অর্থাৎ, ওষুধ ছাড়াই বা খুব কম ওষুধে স্বাভাবিক ব্লাড সুগার মেনে রাখা যায়।

বাংলাদেশের প্রেক্ষাপটে এবং আধুনিক চিকিৎসা বিজ্ঞান অনুযায়ী বিষয়টি নিচে সহজভাবে বুঝিয়ে বলছি:

১. টাইপ ২ ডায়াবেটিস (Type 2 Diabetes):
এটি সাধারণত জীবনযাত্রার পরিবর্তনের মাধ্যমে নিয়ন্ত্রণ করা যায়।

ওজন কমানো: যদি আপনার ওজন বেশি থাকে, তবে শরীরের চর্বি কমানো ব্লাড সুগার স্বাভাবিক করতে সাহায্য করে।
ডায়েট ও ব্যায়াম: কম কার্বোহাইড্রেট, বেশি ফাইবার যুক্ত খাবার এবং নিয়মিত হাঁটাচলা বা ব্যায়াম করলে অনেক রোগী দীর্ঘদিন ওষুধ ছাড়াই সুস্থ থাকতে পারেন।
সার্জারি: কিছু ক্ষেত্রে বারিয়েট্রিক সার্জারি (Bariatric Surgery) এর মাধ্যমেও ডায়াবেটিস নিয়ন্ত্রণে আনা সম্ভব, তবে এটি ডাক্তারের পরামর্শে করা উচিত।
২. টাইপ ১ ডায়াবেটিস (Type 1 Diabetes):
এটি একটি অটোইমিউন রোগ, যেখানে শরীর ইনসুলিন তৈরি করে না। বর্তমানে এর কোনো স্থায়ী 'সেরে যাওয়া' নেই। তবে আধুনিক টেকনোলজি (যেমন: ইনসুলিন পাম্প, কন্টিনিউয়াস গ্লুকোজ মনিটর) ব্যবহার করে জীবনযাপন খুবই স্বাভাবিক ও সুস্থ রাখা যায়।

৩. প্রি-ডায়াবেটিস (Pre-diabetes):
যাদের ব্লাড সুগার স্বাভাবিকের চেয়ে একটু বেশি কিন্তু ডায়াবেটিসের সীমার মধ্যে নয়, তারা জীবনযাত্রার পরিবর্তনের মাধ্যমে সম্পূর্ণ সুস্থ হয়ে উঠতে পারেন।

আপনার জন্য পরামর্শ:

নিয়মিত HbA1c টেস্ট করান (প্রতি ৩-৬ মাসে)।
স্থানীয় ডায়েটিশিয়ান বা এন্ডোক্রিনোলজিস্টের পরামর্শ অনুযায়ী ডায়েট মেনে চলুন।
মানসিক চাপ কমানোও ব্লাড সুগার নিয়ন্ত্রণে গুরুত্বপূর্ণ।
সতর্কতা: কোনো ভেষজ ওষুধ বা 'ঘরোয়া নিরাময়' এর পেছনে ছুটবেন না যা ডাক্তারের পরামর্শ ছাড়া নেওয়া হয়। ডায়াবেটিস নিয়ন্ত্রণে রাখলে আপনি একটি স্বাভাবিক, সুস্থ ও দীর্ঘজীবন কাটাতে পারেন।

আপনার বর্তমান ব্লাড সুগারের মান কেমন? যদি আপনি আপনার সাম্প্রতিক রিপোর্ট শেয়ার করেন, তবে আরও নির্দিষ্ট পরামর্শ দেওয়া সম্ভব হতে পারে।"
Qwen3.6-35B-A3B,39,2,Special situations,ডায়াবেটিস কি কোনোদিনও ভালো হয় না?,"ডায়াবেটিস নিয়ে আপনার এই প্রশ্নটি খুবই গুরুত্বপূর্ণ এবং এটি অনেক রোগীই জানতে চান। আসলে, ডায়াবেটিসের প্রকৃতি এবং ধরনের ওপর ভিত্তি করে এর উত্তর কিছুটা ভিন্ন হতে পারে। চলুন বিষয়টি বিস্তারিত আলোচনা করি।

১. টাইপ ১ ডায়াবেটিস (Type 1 Diabetes):
টাইপ ১ ডায়াবেটিসে শরীরের ইনসুলিন উৎপাদনকারী কোষগুলো নষ্ট হয়ে যায়। তাই এই ধরনের ডায়াবেটিস সম্পূর্ণরূপে আরোগ্যযোগ্য নয় (Not Curable)। এটি একটি লাইফলং (Life-long) বা জীবনজুড়ে চলমান শারীরিক অবস্থা। তবে, নিয়মিত ইনসুলিন ইনজেকশন এবং সঠিক ডায়েট মেনে চললে রোগী একটি স্বাভাবিক ও সুস্থ জীবনযাপন করতে পারেন।

২. টাইপ ২ ডায়াবেটিস (Type 2 Diabetes):
টাইপ ২ ডায়াবেটিসের ক্ষেত্রে বিষয়টি একটু আলাদা। এটি সাধারণত লাইফস্টাইল, ওজন এবং জিনগত কারণের সংমিশ্রণে হয়।

রিমিশন (Remission): অনেক ক্ষেত্রে, বিশেষ করে রোগ শুরু হওয়ার প্রথম দিকে, ওজন কমানো, নিয়মিত ব্যায়াম এবং সঠিক ডায়েটের মাধ্যমে ব্লাড সুগারকে স্বাভাবিক পর্যায়ে আনা সম্ভব। একে চিকিৎসা বিজ্ঞানের ভাষায় 'রিমিশন' বলা হয়। অর্থাৎ, ঔষধ ছাড়াই ব্লাড সুগার নরমাল থাকে।
তবে, এটি সম্পূর্ণ ""ভালো হয়ে গেছে"" বলে মনে হলেও, ভবিষ্যতে আবার ফিরে আসার ঝুঁকি থাকে। তাই জীবনযাপনের ধরন পরিবর্তন করা জরুরি।
৩. গর্ভকালীন ডায়াবেটিস (Gestational Diabetes):
যদি গর্ভাবস্থায় ডায়াবেটিস হয়, তবে সাধারণত প্রসবের পর তা নিজে নিজেই ঠিক হয়ে যায়। তবে ভবিষ্যতে টাইপ ২ ডায়াবেটিস হওয়ার ঝুঁকি বেশি থাকে।

আপনার জন্য পরামর্শ:
ডায়াবেটিসকে ""নিয়ন্ত্রণযোগ্য"" (Manageable) হিসেবে দেখাটাই সবচেয়ে বুদ্ধিমানের কাজ। বাংলাদেশের প্রেক্ষাপটে আমরা অনেক রোগীকে দেখেছি যারা সঠিক ডায়েট (যেমন: চালের পরিমাণ কমিয়ে, সবজি ও প্রোটিন বেশি খেয়ে) এবং নিয়মিত হাঁটাচলা করে তাদের ব্লাড সুগার নিয়ন্ত্রণে রাখতে সক্ষম হয়েছেন।

কী করতে হবে?

নিয়মিত চেকআপ: আপনার HbA1c লেভেল এবং কিডনি ফাংশন নিয়মিত চেক করুন।
ডায়েট মেনে চলা: মিষ্টি, চিনি এবং অতিরিক্ত কার্বোহাইড্রেট এড়িয়ে চলুন।
ব্যায়াম: প্রতিদিন অন্তত ৩০ মিনিট হাঁটাচলা বা হালকা ব্যায়াম করুন।
ওজন নিয়ন্ত্রণ: ওজন কমালে টাইপ ২ ডায়াবেটিসের ক্ষেত্রে খুবই সাহায্য করে।
যদি আপনার বর্তমান চিকিৎসক আপনার অবস্থা সম্পর্কে কোনো বিশেষ পরামর্শ দিয়ে থাকেন, তবে তা অনুসরণ করুন। কোনো নতুন লক্ষণ (যেমন: অতিরিক্ত তৃষ্ণা, ঘন ঘন প্রস্রাব, বা ওজন কমানো) দেখা দিলে দেরি না করে একজন এন্ডোক্রিনোলজিস্ট (Endocrinologist) বা মেডিসিন বিশেষজ্ঞের পরামর্শ নিন।

মনে রাখবেন, ডায়াবেটিস নিয়ে ভয় পাওয়ার কিছু নেই, বরং সচেতনতা এবং সঠিক ব্যবস্থাপনার মাধ্যমে আপনি সুস্থ ও সক্রিয় জীবনযাপন করতে পারেন।"
Qwen3.6-35B-A3B,40,1,Special situations,ডায়াবেটিস রোগীর জন্য রমজান মাসে ডায়েট-চার্ট কেমন হবে?,"আসসালামু আলাইকুম। রমজান মাসে ডায়াবেটিস রোগীদের জন্য ডায়েট চার্ট ঠিক রাখা খুবই গুরুত্বপূর্ণ, তবে এটি সম্পূর্ণ নির্ভর করছে আপনার ডায়াবেটিসের ধরণ এবং বর্তমান ব্লাড সুগারের লেভেলের ওপর। সাধারণত যদি আপনার ব্লাড সুগার ভালো কন্ট্রোলে থাকে এবং কোনো জটিলতা না থাকে, তবে সাওরি (Sehri) এবং ইফতারের মাধ্যমে উপোস করা সম্ভব। তবে মনে রাখবেন, আপনার চিকিৎসকের পরামর্শ ছাড়া কখনোই ওষুধের ডোজ পরিবর্তন করবেন না।

নিচে একটি সাধারণ এবং নিরাপদ ডায়েট চার্টের পরামর্শ দেওয়া হলো:

১. সাওরি (Sehri) - সকালে খাবার
সাওরি এমন হতে হবে যা দীর্ঘক্ষণ পেট ভরা রাখে এবং ব্লাড সুগার হঠাৎ নাড়ে।

কার্বোহাইড্রেট (ধীরে শোষ্য): সাদা ভাত বা ময়দার জিনিস (রুটি, পনির) এড়িয়ে চলুন। এর বদলে ওটস (Oats), ব্রাউন রাইস, কোয়াটার্স (Quinoa), বা মুড়ি খেতে পারেন। এগুলো ধীরে ধীরে শোষ্য হয়, ফলে দিনজুড়ে সুগার কন্ট্রোলে থাকে।
প্রোটিন: ডিম (উবকড বা অমলেট), মাছ (গ্রিল বা ভাপে রান্না করা), বা ডাল। প্রোটিন পেট ভরা রাখে।
ফাইবার: সবজি (পালং শাক, লাউ, কুমড়ো) বা ফল (পেঁপে, আপেল, নাশপাতি)। ফলের রস না খেয়ে পুরো ফল খাওয়া ভালো।
দুধ/দই: এক গ্লাস দুধ বা এক বাটি দই খেতে পারেন। এটি হাইড্রেশন বজায় রাখে।
পানি: সাওরি থেকে ইফতার পর্যন্ত কমপক্ষে ৮-১০ গ্লাস পানি খেতে হবে। একসাথে নয়, ছোট ছোট গ্লাস করে খাবেন।
২. ইফতার (Iftar) - রাতের খাবার
ইফতারে হঠাৎ করে অতিরিক্ত মিষ্টি বা তেলযুক্ত খাবার খেলে ব্লাড সুগার হাই হয়ে যেতে পারে। তাই ধাপে ধাপে খাবার খাওয়া উচিত।

প্রথম ধাপ (খালি পেটে): ৩-৫টি খেজুর (খজুর) এবং ১-২ গ্লাস পানি। খেজুরে প্রাকৃতিক শর্করা থাকে যা দ্রুত শক্তি দেয়, কিন্তু এটিও সীমিত পরিমাণে খেতে হবে (ডায়াবেটিস রোগীদের জন্য ৩টি খেজুর নিরাপদ বলে মনে করা হয়)।
দ্বিতীয় ধাপ (নামাজের পর): নামাজ পড়ে আসার পর হালকা খাবার খান।
সুপ: মসুর ডালের সুপ বা সবজির সুপ খেতে পারেন। এটি পেট ভরা রাখে।
স্টার্টার: গ্রিল করা চিকেন বা মাছের টুকরো, বা ভেজাইটেবল ফ্রাই (অল্প তেলে)।
তৃতীয় ধাপ (মূল খাবার):
রাইস: সাদা ভাতের পরিবর্তে কুচু ভাত বা ব্রাউন রাইস খান। ভাতের পরিমাণ অর্ধেক রাখুন।
সবজি: কম তেলে রান্না করা সবজি অবশ্যই খাবেন।
প্রোটিন: মাছ, মুরগি বা ডাল।
স্যালাড: কাঁচা সবজি (খিচুড়ি, শসা, টমেটো) খেতে পারেন। এটি হজমে সাহায্য করে।
৩. যে খাবারগুলো এড়িয়ে চলবেন বা সীমিত রাখবেন:
মিষ্টি ও চা-কফি: রোস্ট, জিলাপি, বা অতিরিক্ত চিনি দেওয়া চা-কফি থেকে বিরত থাকুন। চা-কফিতে কম চিনি বা চিনি ছাড়া খান।
তেলযুক্ত খাবার: ফুলকো, পাকোড়া, বা অতিরিক্ত তেলে ভাজা খাবার ব্লাড সুগার এবং ওজন বাড়ায়।
ফাস্ট ফুড: পিজ্জা, বার্গার ইত্যাদি এড়িয়ে চলুন।
৪. গুরুত্বপূর্ণ টিপস:
নিয়মিত মনিটরিং: দিনে অন্তত ২-৩ বার ব্লাড সুগার চেক করুন (সাওরি আগে, ইফতার আগে, এবং ইফতারের ২ ঘণ্টা পর)।
হাইপোগ্লাইসেমিয়া (কম সুগার) সতর্কতা: যদি মাথা ঘোরে, কাঁপুনি আসে, বা ঘাম হয়, সাথে সাথে ৪-৫টি খেজুর বা এক গ্লাস গ্লুকোজ ওয়াটার খান।
হালকা ব্যায়াম: নামাজের পর বা ইফতারের ১-২ ঘণ্টা পর হালকা হাঁটাচলা (Walking) করুন। এটি ব্লাড সুগার কন্ট্রোল করতে সাহায্য করে।
ঘুম: পর্যাপ্ত ঘুম নেওয়া জরুরি। রাত জাগলে হরমোনাল পরিবর্তনের কারণে সুগার বাড়তে পারে।
সতর্কতা:
যদি আপনার ডায়াবেটিস খুব নিয়ন্ত্রণে না থাকে, কিডনি বা হৃদরোগের সমস্যা থাকে, অথবা বয়স ৬০ বছরের বেশি হয়, তবে উপোস করা ঝুঁকিপূর্ণ হতে পারে। সেক্ষেত্রে অবশ্যই আপনার চিকিৎসকের সাথে পরামর্শ করে সিদ্ধান্ত নেবেন।

আল্লাহ আপনাকে রমজান মাসের বরকত দান করুন এবং স্বাস্থ্যের ওপর অবিচল থাকতে সাহায্য করুন। কোনো লক্ষণ খারাপ লাগলে সাথে সাথে ডাক্তারের শরণাপন্ন হবেন।"
Qwen3.6-35B-A3B,40,2,Special situations,ডায়াবেটিস রোগীর জন্য রমজান মাসে ডায়েট-চার্ট কেমন হবে?,"স্বাস্থ্যকর রমজান এবং সুস্থ ডায়াবেটিস রোগীর জন্য এটি একটি খুবই গুরুত্বপূর্ণ প্রশ্ন। ডায়াবেটিস থাকলেও রমজান মাসে সাওম রাখা সম্ভব, তবে এর জন্য সঠিক ডায়েট চার্ট এবং সতর্কতা অবলম্বন করা জরুরি।

এখানে একজন ডায়াবেটিস রোগীর জন্য রমজান মাসের একটি সাধারণ ডায়েট চার্ট (Diet Chart) এবং কিছু গুরুত্বপূর্ণ টিপস দেওয়া হলো:
১. সাওরী (Sehri) বা ভোরের খাবার (সবচেয়ে গুরুত্বপূর্ণ)
সাওরীর খাবার এমন হতে হবে যা দীর্ঘক্ষণ শরীরে শক্তি যোগায় এবং ব্লাড সুগার নিয়ন্ত্রণে রাখে।

জটিল কার্বোহাইড্রেট (Complex Carbohydrates): অটম, ব্রাউন রাইস, বা ওটস (Oats) খাবেন। এগুলো ধীরে ধীরে শোষিত হয়, ফলে ব্লাড সুগার হঠাৎ বাড়ে না।
প্রোটিন (Protein): ডিম, মুরগির মাংস, ডাল, বা ডালজাতীয় খাবার। প্রোটিন ক্ষুধা কমায়।
ফাইবার (Fiber): সবুজ শাকসবজি, ফল (যেমন: আপেল, পাপিতা, বাটা)।
পানি: সাওরী থেকে ইফতার পর্যন্ত কমপক্ষে ৮-১০ গ্লাস পানি পান করুন। ডিহাইড্রেশন এড়াতে এটি খুব জরুরি।
এড়িয়ে চলুন: চিনিযুক্ত খাবার, ময়দার তৈরি খাবার (নান, পুরি), এবং অতিরিক্ত লবণ।
২. ইফতার (Iftar)
ইফতারে খাবারটি হালকা এবং পুষ্টিকর হওয়া উচিত।
শুরু করুন: চাটখাই বা খেজুর দিয়ে শুরু করুন (১-৩টি খেজুর যথেষ্ট)। এরপর গরম পানি বা ছাচে খান।
হালকা খাবার: ফলির চা, চাটনি, বা হালকা সুপি।
মূল খাবার: ইফতারের পর ১৫-২০ মিনিট বিরতি নিন। তারপর মূল খাবার খান।
ভাতের পরিমাণ কমিয়ে রাখুন (১ কাপের বেশি নয়)।
তেল-মসলা কম থাকা খাবার পছন্দ করুন (তরকারি, ভাজাপোড়া এড়িয়ে চলুন)।
প্রচুর সবজি এবং প্রোটিন যুক্ত করুন।
ডেজার্ট/মিষ্টি: রমজানে মিষ্টি খাওয়া থেকে বিরত থাকাই শ্রেয়। যদি খেতে চান, তবে খুব সামান্য পরিমাণে এবং খাবারের পরে খাবেন।
৩. রাতে খাবার (Night Snack/Supper)
ঘুমানোর ১-২ ঘণ্টা আগে একটি হালকা খাবার খাওয়া উচিত, যাতে রাতে হাইপোগ্লাইসেমিয়া (নিম্ন রক্তশর্করা) না হয়।
এক গ্লাস দুধ বা দই।
এক কাপ ডাল বা হালকা ভাত।
কিছু ফল বা বাদাম।
ডায়াবেটিস রোগীদের জন্য বিশেষ সতর্কতা:
নিয়মিত ব্লাড সুগার চেক: দিনে অন্তত ৩-৪ বার ব্লাড সুগার মাপুন (সাওরীর আগে, ইফতারের আগে, ইফতারের ২ ঘণ্টা পর, এবং রাতে ঘুমানোর আগে)।
ঔষধের সময়: আপনার ডায়াবেটিসের ঔষধ বা ইনসুলিনের সময় কী হবে তা অবশ্যই আপনার ডাক্তারের পরামর্শ অনুযায়ী পরিবর্তন করুন। সাওরীর ঔষধ সাওরীর আগে এবং ইফতারের ঔষধ ইফতারের পরে খাওয়া যেতে পারে।
হাইপোগ্লাইসেমিয়া (নিম্ন ব্লাড সুগার) লক্ষণ: যদি হাত কাঁপে, ঘাম হয়, মাথা ঘোরে বা দুর্বল লাগে, তবে সাথে সাথে মিষ্টি বা চিনিযুক্ত পানি খান এবং সাওম ভঙ্গ করুন। জীবন রক্ষা করা সবচেয়ে জরুরি।
ব্যায়াম: সাওরীর আগে বা ইফতারের পরে হালকা হাঁটাচলা বা ব্যায়াম করতে পারেন। খুব ক্লান্তি লাগলে ব্যায়াম বন্ধ করুন।
কে যারা সাওম রাখতে পারবেন না:
যাদের ব্লাড সুগার খুব বেশি বা খুব কম থাকে।
যাদের ডায়াবেটিসের জটিলতা আছে (যেমন: কিডনি বা চোখের সমস্যা)।
গর্ভবতী বা বুকের দুধ খাওয়ানো মায়েরা।
যারা ইনসুলিনের ওপর নির্ভরশীল এবং তাদের ব্লাড সুগার নিয়ন্ত্রণে কঠিন।
পরামর্শ: রমজান শুরু করার আগে অবশ্যই আপনার চিকিৎসকের সাথে পরামর্শ করুন। তিনি আপনার বর্তমান স্বাস্থ্য অবস্থা দেখে ঔষধের মাত্রা এবং ডায়েট চার্ট কাস্টমাইজ করে দেবেন।
আল্লাহ আপনার রমজান মাস কল্যাণময় করুন এবং আপনার স্বাস্থ্যের উন্নতি করুন।"
Gemma-4-26B-A4B,1,1,Dietary,ডায়াবেটিস হলে কি আমি দিনে তিন বেলা ভাত খেতে পারব নাকি ভাতের বদলে রুটি খাওয়া যাবে?,"আপনার এই প্রশ্নটি খুবই গুরুত্বপূর্ণ। ডায়াবেটিস নিয়ন্ত্রণে খাবারের নিয়ম মেনে চলাটা সবচেয়ে জরুরি।

দেখুন, আপনি ভাত বা রুটি—দুটোই খেতে পারেন, তবে কিছু বিষয় খেয়াল রাখতে হবে:

১. ভাতের পরিমাণ (Portion Control): তিন বেলা ভাত খাওয়া যাবে কি না, তা নির্ভর করছে আপনি কতটুকু পরিমাণে খাচ্ছেন তার ওপর। ডায়াবেটিস থাকলে একবারে অনেক বেশি ভাত খাওয়া ঠিক নয়, কারণ ভাতে কার্বোহাইড্রেট বা শর্করা বেশি থাকে যা রক্তে 'ব্লাড সুগার' দ্রুত বাড়িয়ে দিতে পারে।

২. ভাতের বদলে রুটি: ভাতের পরিবর্তে লাল আটার রুটি (Whole wheat roti) খাওয়া সাধারণত বেশি ভালো। রুটিতে ফাইবার বা আঁশ বেশি থাকে, যা রক্তে সুগার ধীরে ধীরে বাড়াতে সাহায্য করে। আপনি যদি দুপুরে ভাত খান, তবে চেষ্টা করুন ভাতের পরিমাণ কমিয়ে সাথে প্রচুর পরিমাণে শাকসবজি ও প্রোটিন (যেমন মাছ বা ডাল) রাখতে।

৩. বিকল্প উপায়:

সাদা ভাতের বদলে লাল চালের ভাত খাওয়ার চেষ্টা করুন।
ভাতের প্লেটে সবজির পরিমাণ বেশি রাখুন এবং ভাতের পরিমাণ কমিয়ে দিন।
রাতে রুটি খাওয়া অনেক সময় বেশি নিরাপদ হতে পারে যদি আপনি ভাতের পরিমাণের ওপর নিয়ন্ত্রণ রাখতে না পারেন।
আমার পরামর্শ:
আপনার 'ব্লাড সুগার' লেভেল কত থাকে এবং আপনার ওজন কেমন, তার ওপর ভিত্তি করে একটি সঠিক 'ডায়েট চার্ট' প্রয়োজন। তাই একজন ভালো ডায়েটিশিয়ান (Dietician) বা আপনার ডাক্তার দেখিয়ে একটি নির্দিষ্ট খাবারের তালিকা তৈরি করে নেওয়া সবচেয়ে বুদ্ধিমানের কাজ হবে।

মনে রাখবেন, শুধু খাবার নিয়ন্ত্রণ করলেই হবে না, নিয়মিত হাঁটাচলা বা ব্যায়াম করাও খুব জরুরি। আপনার কি সম্প্রতি কোনো সুগার টেস্ট করা হয়েছে? ফলাফল কেমন ছিল?"
Gemma-4-26B-A4B,1,2,Dietary,ডায়াবেটিস হলে কি আমি দিনে তিন বেলা ভাত খেতে পারব নাকি ভাতের বদলে রুটি খাওয়া যাবে?,"আপনার প্রশ্নটি খুবই গুরুত্বপূর্ণ। ডায়াবেটিস ম্যানেজ করার জন্য খাবারের ধরন এবং পরিমাণ ঠিক রাখা সবচেয়ে জরুরি।

দেখুন, ডায়াবেটিস মানেই যে ভাত খাওয়া একদম বন্ধ করে দিতে হবে, তা কিন্তু নয়। তবে ভাত এবং রুটির মধ্যে কিছু পার্থক্য আছে যা আপনার বোঝা প্রয়োজন:

১. ভাত (Rice): ভাতে কার্বোহাইড্রেট বা শর্করা বেশি থাকে, যা রক্তে শর্করার মাত্রা বা 'ব্লাড সুগার' দ্রুত বাড়িয়ে দিতে পারে। আপনি যদি তিন বেলা ভাত খেতে চান, তবে ভাতের পরিমাণ অনেক কমিয়ে দিতে হবে। ভাতের বদলে প্রচুর পরিমাণে শাকসবজি এবং প্রোটিন (যেমন মাছ বা ডাল) রাখতে হবে যাতে গ্লাইসেমিক ইনডেক্স নিয়ন্ত্রণে থাকে।

২. রুটি (Roti): ভাতের তুলনায় লাল আটার রুটি বা হোল হুইট রুটি বেশি ভালো। এতে ফাইবার বা আঁশ বেশি থাকে, যা রক্তে সুগার ধীরে ধীরে বাড়াতে সাহায্য করে। তাই ভাতের বদলে রুটি খাওয়া একটি অনেক ভালো বিকল্প (Better alternative)।

আমার পরামর্শ হলো:

বিকল্প হিসেবে রুটি: আপনি যদি দুপুরে বা রাতে ভাতের বদলে আটার রুটি খেতে পারেন, তবে সেটা আপনার ব্লাড সুগারের জন্য বেশি উপকারী হবে।
পরিমাণ নিয়ন্ত্রণ (Portion Control): আপনি যদি ভাত খেতেই চান, তবে এক বাটি ভাতের বদলে অর্ধেক বা তার কম পরিমাণ ভাত খাওয়ার চেষ্টা করুন। সাথে প্রচুর পরিমাণে সবজি রাখুন।
চিনি ও মিষ্টি এড়িয়ে চলুন: ভাতের পাশাপাশি চিনিযুক্ত খাবার বা অতিরিক্ত মিষ্টি জাতীয় খাবার একদম এড়িয়ে চলাই ভালো।
একটি জরুরি কথা: প্রত্যেকের শরীর এবং ডায়াবেটিসের ধরন আলাদা। তাই আপনার সুগার লেভেল কত থাকে এবং আপনার ডাক্তার আপনাকে কী পরামর্শ দিয়েছেন, সেটা মাথায় রাখা সবচেয়ে জরুরি।

আপনার যদি প্রায়ই সুগার বেশি থাকে, তবে দেরি না করে একজন ডায়াবেটিস স্পেশালিস্ট বা এন্ডোক্রাইনোলজিস্টের সাথে কথা বলে একটি নির্দিষ্ট 'ডায়েট চার্ট' তৈরি করে নিন।

নিজের যত্ন নিন! আর কোনো প্রশ্ন থাকলে আমাকে নির্দ্বিধায় করতে পারেন।"
Gemma-4-26B-A4B,2,1,Dietary,"ডায়াবেটিস হলে কি আমার জন্য মিষ্টি ফল (যেমন: আম, কাঁঠাল) খাওয়া একদমই নিষেধ, নাকি নির্দিষ্ট পরিমাণে খাওয়া যাবে?","আপনার এই প্রশ্নটি খুবই গুরুত্বপূর্ণ। ডায়াবেটিস মানেই যে আপনি কোনো মিষ্টি ফল খেতে পারবেন না, তা কিন্তু একদম ঠিক নয়।

সহজ কথায় বলতে গেলে, আম বা কাঁঠালের মতো মিষ্টি ফল খাওয়া একদম নিষেধ নয়, তবে আপনাকে কিছু নিয়ম মেনে চলতে হবে। এটাকে আমরা চিকিৎসাবিজ্ঞানে 'Portion Control' বা পরিমিত পরিমাণে খাওয়া বলি।

নিচে আপনার জন্য কিছু জরুরি টিপস দেওয়া হলো:

১. পরিমাণ বা Portion Size: আপনি যদি আম বা কাঁঠাল খেতে চান, তবে খুব অল্প পরিমাণে খেতে হবে। যেমন—একবারে অনেকগুলো আম না খেয়ে মাত্র এক বা দুই স্লাইস (slice) খেতে পারেন। অতিরিক্ত খেলে রক্তে 'ব্লাড সুগার' (blood sugar) হঠাৎ বেড়ে যেতে পারে।

২. সময় নির্বাচন: ফল খাওয়ার সবচেয়ে ভালো সময় হলো দিনের বেলা, যখন আপনি শারীরিকভাবে কিছুটা অ্যাক্টিভ থাকেন। রাতে ঘুমানোর আগে মিষ্টি ফল না খাওয়াই ভালো।

৩. কার্বোহাইড্রেট কাউন্ট করুন: মনে রাখবেন, আম বা কাঁঠালে প্রচুর পরিমাণে প্রাকৃতিক চিনি ও কার্বোহাইড্রেট থাকে। তাই যদি আপনি এই ফলগুলো খান, তবে ওই সময়ের মূল খাবার (যেমন ভাত বা রুটি) কিছুটা কমিয়ে দিতে হবে। যেন আপনার সারাদিনের মোট কার্বোহাইড্রেটের পরিমাণ ঠিক থাকে।

৪. ফাইবার বা আঁশযুক্ত ফল: আম বা কাঁঠালের পাশাপাশি চেষ্টা করবেন আপেল, পেয়ারা বা জামরুল জাতীয় ফলের দিকে নজর দিতে, কারণ এগুলোতে ফাইবার বেশি থাকে যা সুগার নিয়ন্ত্রণে সাহায্য করে।

৫. ব্লাড সুগার মনিটর করুন: আপনি যখন নতুন কোনো ফল খাওয়ার অভ্যাস করবেন, তখন কিছু সময় পর আপনার 'গ্লুকোমিটার' দিয়ে সুগার চেক করে দেখুন। এতে আপনি বুঝতে পারবেন ওই নির্দিষ্ট পরিমাণ ফল আপনার শরীরের জন্য কতটা সহ্য করতে পারছে।

সতর্কবার্তা:
আপনার যদি ডায়াবেটিস অনেক বেশি নিয়ন্ত্রণে না থাকে (High HbA1c), তবে এই ধরনের মিষ্টি ফল খাওয়ার আগে অবশ্যই আপনার ডাক্তার বা একজন ডায়েটিশিয়ানের (Dietician) সাথে কথা বলে একটি নির্দিষ্ট চার্ট তৈরি করে নিন। কারণ প্রত্যেকের শরীরের রেসপন্স আলাদা হয়।

সবসময় মনে রাখবেন, নিয়ন্ত্রিত খাবারই আপনার সুস্থতার চাবিকাঠি। ভালো থাকবেন!"
Gemma-4-26B-A4B,2,2,Dietary,"ডায়াবেটিস হলে কি আমার জন্য মিষ্টি ফল (যেমন: আম, কাঁঠাল) খাওয়া একদমই নিষেধ, নাকি নির্দিষ্ট পরিমাণে খাওয়া যাবে?","আপনার এই প্রশ্নটি খুব গুরুত্বপূর্ণ। ডায়াবেটিস থাকলে মানেই যে সব মিষ্টি ফল খাওয়া একদম বন্ধ করে দিতে হবে, বিষয়টি তেমন নয়। তবে এখানে কিছু নিয়ম মেনে চলা খুব জরুরি।

সহজ কথায় বলতে গেলে, মিষ্টি ফল খাওয়া একদম নিষেধ নয়, কিন্তু 'Portion Control' বা নির্দিষ্ট পরিমাণে খাওয়া প্রয়োজন।

নিচে কিছু বিষয় খেয়াল রাখুন:

১. Glycemic Index (জিআই) বুঝুন: আম বা কাঁঠালের মতো ফলে প্রাকৃতিক চিনি (fructose) বেশি থাকে এবং এদের গ্লাইসেমিক ইনডেক্স কিছুটা বেশি। এর মানে হলো এগুলো খেলে রক্তে 'ব্লাড সুগার' দ্রুত বাড়তে পারে। তাই এই ফলগুলো খাওয়ার সময় খুব সতর্ক থাকতে হবে।

২. পরিমাণ বা Portion Size: আপনি যদি আম বা কাঁঠাল খেতে চান, তবে একবারে অনেক বেশি খাবেন না। যেমন: একটি ছোট আমের অর্ধেক অংশ বা মাত্র ২-৩টি কাঁঠালের কোয়া খাওয়া যেতে পারে। একবারে অনেকটা খেলে 'ব্লাড সুগার' স্পাইক (spike) করতে পারে।

৩. সময় নির্বাচন: ফল খাওয়ার সবচেয়ে ভালো সময় হলো দিনের বেলা, যখন আপনি শারীরিকভাবে সক্রিয় থাকবেন। রাতে ঘুমানোর আগে মিষ্টি ফল না খাওয়াই ভালো।

৪. প্রোটিন বা ফাইবার এর সাথে সমন্বয়: শুধু ফল না খেয়ে যদি তার সাথে কিছু বাদাম (nuts) বা চিয়া সিড জাতীয় কিছু খান, তবে সুগার ধীরে ধীরে রক্তে মিশবে। এতে 'ব্লাড সুগার' হঠাৎ করে বেড়ে যাওয়ার ভয় কম থাকে।

৫. ফুল ফ্রুট বনাম জুস: কখনোই ফলের জুস বা শরবত খাবেন না। জুস খেলে ফাইবার নষ্ট হয়ে যায় এবং চিনি খুব দ্রুত রক্তে মিশে যায়। সবসময় আস্ত ফল চিবিয়ে খাওয়ার চেষ্টা করবেন।

আমার পরামর্শ:
আপনার বর্তমান 'ব্লাড সুগার' লেভেল কেমন থাকে, তার ওপর নির্ভর করে আপনার ডায়েট ঠিক করা উচিত। যদি দেখেন আম বা কাঁঠাল খাওয়ার পর সুগার অনেক বেড়ে যাচ্ছে, তবে এগুলো এড়িয়ে চলাই ভালো।

সবচেয়ে ভালো হয় যদি আপনি আপনার ডাক্তার বা একজন ডায়েটিশিয়ানের (Dietician) সাথে কথা বলে একটি নির্দিষ্ট 'মিল প্ল্যান' তৈরি করে নেন। আর যদি আপনার হঠাৎ খুব বেশি সুগার বেড়ে যায় বা শরীর খারাপ লাগে, তবে দেরি না করে দ্রুত ডাক্তারের পরামর্শ নিন।"
Gemma-4-26B-A4B,3,1,Dietary,ডায়াবেটিস হলে কি আমি চিনি ছাড়া চা খেতে পারবো আর খেতে পারলে দিনে কত কাপ খেতে পারবো?,"আসসালামু আলাইকুম। আপনার প্রশ্নটি খুবই গুরুত্বপূর্ণ।

হ্যাঁ, ডায়াবেটিস থাকলে আপনি অবশ্যই চিনি ছাড়া চা (Sugar-free tea) খেতে পারবেন। চিনি বাদ দিলে চায়ের গ্লাইসেমিক ইনডেক্স অনেক কমে যায়, যা ব্লাড সুগার নিয়ন্ত্রণে রাখতে সাহায্য করে।

তবে কিছু বিষয় আপনার খেয়াল রাখা প্রয়োজন:

১. কত কাপ খাওয়া যাবে?
সাধারণত দিনে ২ থেকে ৩ কাপ চা খাওয়া নিরাপদ। তবে এর বেশি খেলে সমস্যা হতে পারে কারণ চায়ের মধ্যে ক্যাফেইন (Caffeine) থাকে, যা অনেকের ক্ষেত্রে ব্লাড সুগার বা ঘুমের ওপর প্রভাব ফেলতে পারে।

২. দুধের পরিমাণ:
চিনি না দিলেও যদি আপনি অনেক বেশি দুধ দিয়ে চা খান, তবে তাতে থাকা ল্যাকটোজ (Lactose) বা প্রাকৃতিক চিনি আপনার ব্লাড সুগারের ওপর কিছুটা প্রভাব ফেলতে পারে। তাই চেষ্টা করবেন লিন (Lean) বা কম ফ্যাটযুক্ত দুধ ব্যবহার করতে।

৩. বিকল্প মিষ্টি:
আপনি যদি একদম মিষ্টি ছাড়া খেতে না পারেন, তবে খুব সামান্য পরিমাণে স্টিভিয়া (Stevia) জাতীয় ন্যাচারাল সুইটনার ব্যবহার করতে পারেন। তবে সবচেয়ে ভালো হলো চিনি ছাড়াই অভ্যস্ত হওয়া।

কিছু জরুরি টিপস:

চা খাওয়ার সাথে বিস্কুট বা ভাজাভুজি খাবেন না, কারণ এগুলো কার্বোহাইড্রেট ও ফ্যাট বাড়িয়ে দেয়।
খালি পেটে অতিরিক্ত কড়া চা খাওয়া এড়িয়ে চলাই ভালো।
আপনার যদি নিয়মিত ব্লাড সুগার বেশি থাকে, তবে অবশ্যই একজন বিশেষজ্ঞ ডাক্তারের (Diabetologist) পরামর্শ নিন এবং আপনার ডায়েট চার্ট ফলো করুন। নিজের যত্ন নিন!"
Gemma-4-26B-A4B,3,2,Dietary,ডায়াবেটিস হলে কি আমি চিনি ছাড়া চা খেতে পারবো আর খেতে পারলে দিনে কত কাপ খেতে পারবো?,"আসসালামু আলাইকুম। আপনার প্রশ্নটি খুবই গুরুত্বপূর্ণ।

হ্যাঁ, অবশ্যই আপনি চিনি ছাড়া চা (Sugar-free tea) খেতে পারবেন। ডায়াবেটিস নিয়ন্ত্রণে রাখতে চিনি বাদ দেওয়াটা সবচেয়ে ভালো সিদ্ধান্ত। তবে কিছু বিষয় আপনার মাথায় রাখা জরুরি:

১. কত কাপ খেতে পারবেন?
সাধারণত দিনে ২ থেকে ৩ কাপ চা খাওয়া নিরাপদ। তবে এর চেয়ে বেশি খেলে সমস্যা হতে পারে। কারণ, চায়ের ভেতরে থাকা ক্যাফেইন (Caffeine) অনেকের ক্ষেত্রে ব্লাড সুগার লেভেল কিছুটা অস্থির করে দিতে পারে বা ঘুমের ব্যাঘাত ঘটাতে পারে।

২. দুধের ব্যবহার:
আপনি যদি চিনি ছাড়া চা খান, কিন্তু তাতে প্রচুর পরিমাণে ফুল ক্রিম দুধ (Full cream milk) যোগ করেন, তবে সেটি আপনার ব্লাড সুগারের ওপর প্রভাব ফেলতে পারে। কারণ দুধে প্রাকৃতিক ল্যাকটোজ (Lactose) থাকে যা একটি ধরণের শর্করা। তাই চেষ্টা করবেন কম ফ্যাটযুক্ত দুধ ব্যবহার করতে।

৩. বিস্কুট বা স্ন্যাকস:
চিনি ছাড়া চা খাওয়ার সময় আমরা প্রায়ই সাথে বিস্কুট, কেক বা মুড়ি খাই। মনে রাখবেন, চায়ের সাথে এই চিনিযুক্ত বা কার্বোহাইড্রেট জাতীয় খাবারগুলো খেলে আপনার ব্লাড সুগার বেড়ে যেতে পারে। তাই চায়ের সাথে চিনি ছাড়া বিস্কুট বা খুব অল্প পরিমাণে স্বাস্থ্যকর স্ন্যাকস খাওয়ার চেষ্টা করবেন।

আমার পরামর্শ:
আপনার ব্লাড সুগার কত থাকছে তা নিয়মিত চেক করুন। যদি দেখেন চিনি ছাড়া চা খাওয়ার পরও আপনার সুগার লেভেল বেশি থাকছে, তবে অবশ্যই আপনার ডাক্তার বা একজন ডায়েটিশিয়ানের (Dietician) সাথে কথা বলুন।

নিজের যত্ন নিন। আর কোনো প্রশ্ন থাকলে নির্দ্বিধায় করতে পারেন।"
Gemma-4-26B-A4B,4,1,Dietary,ডায়াবেটিস রোগীর জন্য কি মধু বা গুড় চিনির বিকল্প হিসেবে ব্যবহার করা নিরাপদ?,"আপনার প্রশ্নটি খুবই গুরুত্বপূর্ণ। ডায়াবেটিস রোগীদের ক্ষেত্রে মিষ্টির বিকল্প খোঁজাটা একটা কমন বিষয়, কিন্তু এখানে কিছু জিনিস খুব সাবধানে বুঝতে হবে।

সরাসরি উত্তর হলো: মধু বা গুড় চিনির পুরোপুরি নিরাপদ বিকল্প নয়।

কেন এটি ব্যবহার করা ঝুঁকিপূর্ণ, তার কারণগুলো নিচে বুঝিয়ে বলছি:

১. গ্লাইসেমিক ইনডেক্স (Glycemic Index): চিনি, গুড় এবং মধু—তিনটির গ্লাইসেমিক ইনডেক্সই বেশ বেশি। এর মানে হলো এগুলো খাওয়ার পর রক্তে 'ব্লাড সুগার' (Blood Sugar) খুব দ্রুত বেড়ে যায়।

২. ক্যালোরি ও কার্বোহাইড্রেট: অনেকে মনে করেন গুড় বা মধু প্রাকৃতিক, তাই এটি খাওয়া নিরাপদ। কিন্তু আসলে গুড় বা মধুতে প্রচুর পরিমাণে কার্বোহাইড্রেট এবং ক্যালোরি থাকে। অতিরিক্ত পরিমাণে খেলে তা আপনার সুগার লেভেল নিয়ন্ত্রণ করা কঠিন করে তুলবে।

৩. মধু বনাম চিনি: মধুতে কিছু অ্যান্টি-অক্সিডেন্ট থাকলেও এতে ফ্রুক্টোজ (Fructose) থাকে, যা লিভারের জন্য এবং সুগার নিয়ন্ত্রণে সমস্যা করতে পারে যদি বেশি পরিমাণে খাওয়া হয়।

আপনার জন্য পরামর্শ (Recommendations):

Avoid Sugar/Jaggery/Honey: চেষ্টা করুন চিনি, গুড় বা মধু—কোনোটিই নিয়মিত না খেতে। মিষ্টির অভ্যাস যতটা সম্ভব কমিয়ে আনা ভালো।
Natural Sweetness: ফল খাওয়ার সময় খেয়াল রাখবেন যেন তাতে অতিরিক্ত চিনি না থাকে। তবে ফলের প্রাকৃতিক ফাইবার সুগার নিয়ন্ত্রণে সাহায্য করে, তাই সরাসরি চিনি খাওয়ার চেয়ে ফল খাওয়া কিছুটা নিরাপদ (তবে চিকিৎসকের পরামর্শ অনুযায়ী)।
Stevia (স্টিভিয়া): যদি মিষ্টির খুব বেশি প্রয়োজন হয়, তবে আপনি 'স্টিভিয়া' (Stevia) নামক ন্যাচারাল সুইটনার ব্যবহার করার কথা ভাবতে পারেন। এটি একটি প্রাকৃতিক উদ্ভিদ থেকে আসে এবং এর গ্লাইসেমিক ইনডেক্স প্রায় শূন্য। তবে এটি ব্যবহারের আগেও আপনার ডাক্তার বা ডায়েটিশিয়ানের সাথে কথা বলে নেওয়া ভালো।
সতর্কবার্তা:
আপনার সুগার লেভেল যদি প্রায়ই বেশি থাকে (High Blood Sugar), তবে নিজে থেকে কোনো মিষ্টির বিকল্প ব্যবহার শুরু করবেন না। আপনার বর্তমান HbA1c রিপোর্ট এবং নিয়মিত ব্লাড সুগার চেক করে একজন এন্ডোক্রিনোলজিস্ট বা বিশেষজ্ঞ ডাক্তারের পরামর্শ নিন।

সুস্থ থাকুন, নিজের যত্ন নিন।"
Gemma-4-26B-A4B,4,2,Dietary,ডায়াবেটিস রোগীর জন্য কি মধু বা গুড় চিনির বিকল্প হিসেবে ব্যবহার করা নিরাপদ?,"আপনার এই প্রশ্নটি খুবই গুরুত্বপূর্ণ। অনেক মানুষ মনে করেন চিনি বাদ দিয়ে মধু বা গুড় খাওয়া ডায়াবেটিস রোগীদের জন্য পুরোপুরি নিরাপদ, কিন্তু আসলে বিষয়টি তেমন নয়।

সহজ কথায় বলতে গেলে: মধু বা গুড় চিনির একদম সরাসরি বিকল্প নয়।

এর কারণগুলো নিচে বুঝিয়ে বলছি:

১. গ্লাইসেমিক ইনডেক্স (Glycemic Index): চিনি, মধু এবং গুড়—তিনটির ক্ষেত্রেই গ্লাইসেমিক ইনডেক্স বেশ বেশি। এর মানে হলো এগুলো খাওয়ার পর রক্তে ব্লাড সুগার (Blood Sugar) খুব দ্রুত বেড়ে যায়। তাই চিনির বদলে মধু বা গুড় খেলে আপনার সুগার নিয়ন্ত্রণে রাখা কঠিন হয়ে পড়বে।

২. ক্যালোরি ও কার্বোহাইড্রেট: মধুতে চিনি ছাড়াও ফ্রুক্টোজ এবং গ্লুকোজ থাকে, যা শরীরে কার্বোহাইড্রেট হিসেবেই কাজ করে। গুড়ও অনেকটা একই রকম। অতিরিক্ত পরিমাণে এগুলো খেলে ইনসুলিন রেজিস্ট্যান্স বাড়তে পারে।

৩. পুষ্টিগুণ থাকলেও সতর্কতা প্রয়োজন: গুড় বা মধুতে কিছু মিনারেল বা ভিটামিন থাকতে পারে, যা চিনিতে নেই। কিন্তু ডায়াবেটিস রোগীর ক্ষেত্রে 'সুগার কন্ট্রোল' করাটাই সবচেয়ে বড় বিষয়। তাই পুষ্টির কথা ভেবে অতিরিক্ত মধু বা গুড় খাওয়া একদম ঠিক নয়।

আমার পরামর্শ (Advice):

বিকল্প খুঁজুন: মিষ্টির তীব্র আকাঙ্ক্ষা হলে স্টিভিয়া (Stevia) এর মতো ন্যাচারাল সুইটনার ব্যবহার করতে পারেন, যা ব্লাড সুগার বাড়ায় না। তবে এটি ব্যবহারের আগে আপনার ডাক্তারের সাথে কথা বলে নেওয়া ভালো।
পরিমাণ নিয়ন্ত্রণ: যদি আপনি একেবারেই ছাড়তে না পারেন, তবে খুব সামান্য পরিমাণে ব্যবহারের চেষ্টা করুন এবং খাওয়ার পর অবশ্যই ব্লাড সুগার চেক করে দেখবেন আপনার শরীরে কেমন প্রভাব পড়ছে।
ডায়েট মেনে চলুন: মিষ্টির বদলে ফাইবার সমৃদ্ধ খাবার এবং কম কার্বোহাইড্রেটযুক্ত ডায়েট (Diet) অনুসরণ করার চেষ্টা করুন।
সতর্কবার্তা: আপনার যদি সুগার অনেক বেশি থাকে বা নিয়মিত হাই ব্লাড সুগারের সমস্যা থাকে, তবে নিজে থেকে কোনো পরিবর্তন আনার আগে অবশ্যই আপনার ডাক্তার বা এন্ডোক্রাইনোলজিস্টের (Endocrinologist) পরামর্শ নিন।

নিজের যত্ন নিন, সুস্থ থাকুন।"
Gemma-4-26B-A4B,5,1,Dietary,ডায়াবেটিস হলে কি আমি মিষ্টি খেতে পারবো?,"আপনার এই প্রশ্নটি খুবই কমন এবং ডায়াবেটিস রোগীদের মনে প্রায়ই এমন দ্বিধা কাজ করে।

দেখুন, ডায়াবেটিস মানেই যে আপনি সারাজীবন একদম মিষ্টির স্বাদ ভুলে যাবেন, তা কিন্তু নয়। তবে আপনাকে কিছু বিষয়ে খুব সতর্ক থাকতে হবে:

১. পরিমাণ বা Quantity: মিষ্টি খাওয়ার মূল সমস্যা হলো এর পরিমাণ। আপনি যদি খুব সামান্য পরিমাণে বা মাঝে মাঝে খেতে চান, তবে সেটা আপনার 'ব্লাড সুগার' (Blood Sugar) লেভেল হঠাৎ বাড়িয়ে দিতে পারে। তাই একদম নিয়ন্ত্রণহীনভাবে মিষ্টি খাওয়া যাবে না।

২. টাইপের ওপর নির্ভর করে: আপনার ডায়াবেটিস যদি টাইপ-১ হয় বা ইনসুলিন (Insulin) নিতে হয়, তবে মিষ্টি খাওয়ার ক্ষেত্রে আপনাকে আরও বেশি সাবধান হতে হবে। কারণ এতে 'হাইপোগ্লাইসেমিয়া' (Hypoglycemia) বা সুগার খুব দ্রুত কমে যাওয়ার ঝুঁকি থাকে।

৩. বিকল্প মিষ্টি (Alternatives): এখন বাজারে অনেক 'Sugar-free' বা 'Stevia' জাতীয় মিষ্টি পাওয়া যায়। এগুলো সরাসরি চিনি না হলেও এগুলোও অতিরিক্ত খাওয়া ঠিক নয়।

৪. ডায়েট ও লাইফস্টাইল: মিষ্টির চেয়েও বড় বিষয় হলো আপনার প্রতিদিনের কার্বোহাইড্রেট (Carbohydrate) বা শর্করা কতটুকু হচ্ছে। ভাত, রুটি বা আলুর পরিমাণ নিয়ন্ত্রণে রেখে খুব অল্প পরিমাণে মিষ্টি খেলে হয়তো সাময়িক ছাড় দেওয়া যায়, কিন্তু সেটা আপনার ডাক্তারের পরামর্শ অনুযায়ী হওয়া উচিত।

আমার পরামর্শ:
আপনি যখন মিষ্টি খাবেন, তখন চেষ্টা করবেন যেন সেটি খালি পেটে না হয় এবং সাথে কিছু প্রোটিন বা ফাইবার (যেমন শাকসবজি) থাকে। তবে সবচেয়ে ভালো হয় যদি আপনি আপনার ডাক্তারের (Doctor) সাথে কথা বলে একটি নির্দিষ্ট 'ডায়েট চার্ট' তৈরি করে নেন।

আপনার ব্লাড সুগার লেভেল কি ইদানীং বেশি থাকছে? যদি দেখেন মিষ্টি খাওয়ার পর শরীর খারাপ লাগছে বা অনেক বেশি পিপাসার মতো লক্ষণ দেখা দিচ্ছে, তবে দেরি না করে দ্রুত ডাক্তার দেখান।"
Gemma-4-26B-A4B,5,2,Dietary,ডায়াবেটিস হলে কি আমি মিষ্টি খেতে পারবো?,"দেখুন, ডায়াবেটিস মানেই যে আপনি একদম সব মিষ্টি খাওয়া বন্ধ করে দেবেন, বিষয়টা তেমন নয়। তবে আপনাকে খুব সতর্ক থাকতে হবে।

সহজ কথায় বলতে গেলে:

১. Limit is key (পরিমাণ নিয়ন্ত্রণ): আপনি যদি একদম মিষ্টির বদলে অন্য কিছু খেতে পারেন, তবে সেটা সবচেয়ে ভালো। কিন্তু যদি খুব মন চায়, তবে খুব অল্প পরিমাণে খাওয়ার চেষ্টা করতে পারেন। অতিরিক্ত চিনি বা মিষ্টি খেলে আপনার ব্লাড সুগার (Blood Sugar) হঠাৎ করে অনেক বেড়ে যেতে পারে, যা শরীরের জন্য খুবই ক্ষতিকর।

২. Type of sugar (মিষ্টির ধরন): সাদা চিনি, গুড় বা মিষ্টির চেয়ে প্রাকৃতিক চিনিযুক্ত ফল (যেমন: আপেল বা পেয়ারা) খাওয়া অনেক বেশি নিরাপদ। তবে ফলের রস না খেয়ে আস্ত ফল খাওয়া ভালো, কারণ এতে ফাইবার থাকে যা সুগার নিয়ন্ত্রণে সাহায্য করে।

৩. Monitoring (নিয়মিত পরীক্ষা): আপনি যদি অল্প কিছু মিষ্টি খান, তবে খাওয়ার পর আপনার গ্লুকোমিটার (Glucometer) দিয়ে ব্লাড সুগার চেক করে দেখুন কত হচ্ছে। এতে আপনি বুঝতে পারবেন ওই পরিমাণ মিষ্টি আপনার শরীরের জন্য কতটা সহ্য করতে পারছে।

৪. Diet and Exercise (খাবার ও ব্যায়াম): মিষ্টির পরিবর্তে আপনার ডায়েট (Diet) যেন ফাইবার সমৃদ্ধ হয় এবং নিয়মিত হাঁটাচলা বা ব্যায়াম করার অভ্যাস থাকে।

আমার পরামর্শ:
আপনার যদি সুগার অনেক বেশি থাকে, তবে মিষ্টি পুরোপুরি এড়িয়ে চলাই বুদ্ধিমানের কাজ। আর আপনার বর্তমান সুগার লেভেল অনুযায়ী আপনি কতটুকু খেতে পারবেন, তা নিশ্চিত হতে আপনার ডাক্তারের (Doctor) সাথে অবশ্যই কথা বলুন। কারণ একেকজনের শরীরের অবস্থা একেক রকম।

নিজের খেয়াল রাখুন!"
Gemma-4-26B-A4B,6,1,Dietary,ডায়াবেটিস রোগীর জন্য কি কি শাক-সবজি খাওয়া ভালো?,"ডায়াবেটিস কন্ট্রোল করার জন্য সঠিক ডায়েট বা খাবার নির্বাচন করা খুবই জরুরি। সবজি বা শাক-সবজি খাওয়ার ক্ষেত্রে মূল বিষয় হলো এমন কিছু বেছে নেওয়া যার Glycemic Index (GI) কম, অর্থাৎ যা রক্তে চিনির মাত্রা দ্রুত বাড়িয়ে দেয় না।

ডায়াবেটিস রোগীদের জন্য নিচের সবজি ও শাকগুলো খাওয়া খুব ভালো:

১. সবুজ শাকসবজি (Leafy Greens):
পালং শাক (Spinimach), লাল শাক, কলমি শাক বা পুঁই শাকের মতো সবুজ শাক খেতে পারেন। এগুলোতে প্রচুর ফাইবার থাকে যা ব্লাড সুগার (Blood Sugar) নিয়ন্ত্রণে রাখতে সাহায্য করে। তবে খেয়াল রাখবেন যেন অতিরিক্ত তেল-মশলা দিয়ে রান্না না করা হয়।

২. করলা (Bitter Gourd):
করলা ডায়াবেটিস রোগীদের জন্য আশীর্বাদস্বরূপ। এর মধ্যে এমন কিছু উপাদান আছে যা প্রাকৃতিক ইনসুলিনের মতো কাজ করতে পারে এবং সুগার লেভেল কমাতে সাহায্য করে।

৩. ঢেঁড়াশাক বা ঢেঁড়স (Okra):
ঢেঁড়স ফাইবারে ভরপুর, যা হজম প্রক্রিয়া উন্নত করে এবং সুগার শোষণ ধীর করে দেয়।

৪. ফুলকপি ও ব্রকলি (Cauliflower & Broccoli):
এগুলো লো-কার্বোহাইড্রেট (Low-carb) খাবার। এগুলো খেলে পেট ভরা থাকে কিন্তু ব্লাড সুগার হঠাৎ বেড়ে যায় না।

৫. শসা ও লাউ (Cucumber & Bottle Gourd):
লাউ এবং শসা খুবই নিরাপদ খাবার। এতে পানির পরিমাণ বেশি এবং ক্যালরি খুব কম, যা ওজন নিয়ন্ত্রণেও সাহায্য করে।

৬. অন্যান্য সবজি:
বাঁধাকপি, ক্যাপসিকাম, এবং তিতকুটে স্বাদের সবজিগুলো ডায়েটে রাখতে পারেন।

কিছু জরুরি টিপস (Important Tips):

Avoid High Carb Vegetables: আলু (Potato) বা মিষ্টি আলুর মতো কার্বোহাইড্রেট বেশি থাকে এমন সবজি খুব সীমিত পরিমাণে খাওয়া উচিত। কারণ এগুলো ব্লাড সুগার দ্রুত বাড়িয়ে দিতে পারে।
Cooking Method: সবজি ভাজি বা ডুবো তেলে ভাজা না খেয়ে ঝোল বা ভাপানো (Steamed) পদ্ধতিতে রান্না করার চেষ্টা করুন।
Portion Control: সবজি বেশি খাওয়া ভালো, তবে পরিমাণের দিকেও খেয়াল রাখতে হবে।
সতর্কতা (Disclaimer):
আপনার যদি কিডনির কোনো সমস্যা থাকে, তবে পটাশিয়াম সমৃদ্ধ সবজি খাওয়ার আগে অবশ্যই আপনার ডাক্তার বা একজন Dietitian-এর পরামর্শ নিন। কারণ কিডনি রোগীদের জন্য কিছু সবজি নিয়ন্ত্রণ করা প্রয়োজন।

আপনার সুগার লেভেল কি নিয়মিত চেক করছেন? কোনো অস্বাভাবিক পরিবর্তন দেখলে দ্রুত ডাক্তারের সাথে যোগাযোগ করুন।"
Gemma-4-26B-A4B,6,2,Dietary,ডায়াবেটিস রোগীর জন্য কি কি শাক-সবজি খাওয়া ভালো?,"ডায়াবেটিস কন্ট্রোল করার জন্য শাক-সবজি খুবই গুরুত্বপূর্ণ। সঠিক ডায়েট মেনে চললে ব্লাড সুগার (Blood Sugar) নিয়ন্ত্রণে রাখা অনেক সহজ হয়ে যায়।

ডায়াবেটিস রোগীদের জন্য নিচের সবজিগুলো খাওয়া সবচেয়ে ভালো:

১. শাকসবজি (Leafy Greens): পালং শাক, লাল শাক বা যেকোনো সবুজ শাক প্রচুর পরিমাণে খাওয়া উচিত। এতে ফাইবার থাকে এবং গ্লাইসেমিক ইনডেক্স (Glycemic Index) অনেক কম, যা সুগার বাড়তে দেয় না।

২. করলা (Bitter Gourd): আমাদের দেশে করলা খুবই জনপ্রিয়। এটি ডায়াবেটিস রোগীদের জন্য আশীর্বাদ স্বরূপ, কারণ এটি ন্যাচারালি ব্লাড সুগার কমাতে সাহায্য করে।

৩. পেঁপে ও লাউ (Papaya & Bottle Gourd): কাঁচা পেপে এবং লাউ খুব ভালো। এগুলোতে পানির পরিমাণ বেশি থাকে এবং কার্বোহাইড্রেট কম থাকে।

৪. বাঁধাকপি ও ফুলকপি (Cabbage & Cauliflower): এই সবজিগুলোতে প্রচুর ফাইবার আছে, যা হজমে সাহায্য করে এবং সুগার লেভেল স্ট্যাবল রাখে।

৫. শিম ও মটরশুঁটি (Beans & Peas): এগুলো প্রোটিন এবং ফাইবারের ভালো উৎস। তবে পরিমিত পরিমাণে খাওয়া উচিত।

কিছু জরুরি টিপস:

Avoid Starchy Vegetables: আলু বা মিষ্টি আলুর মতো কার্বোহাইড্রেট বেশি আছে এমন সবজি এড়িয়ে চলাই ভালো। যদি খেতে হয়, তবে খুব অল্প পরিমাণে খাবেন।
Cooking Method: সবজি রান্নার সময় অতিরিক্ত তেল বা মশলা ব্যবহার করবেন না। ভাজি করার চেয়ে ভাপিয়ে (steamed) বা কম তেলে রান্না করে খাওয়া সবচেয়ে স্বাস্থ্যকর।
Fiber is Key: সবজিতে ফাইবার বেশি থাকলে তা রক্তে সুগার শোষণের গতি কমিয়ে দেয়।
সতর্কতা: আপনার যদি কিডনির কোনো সমস্যা থাকে, তবে পটাশিয়ামযুক্ত শাকসবজি খাওয়ার আগে অবশ্যই আপনার ডাক্তার বা একজন ডায়েটিশিয়ানের (Dietician) পরামর্শ নিন।

আপনার ব্লাড সুগার লেভেল নিয়মিত চেক করুন এবং সুস্থ থাকুন!"
Gemma-4-26B-A4B,7,1,Dietary,ডায়াবেটিসের রোগীরা ইফতারে খেজুর বা শরবত খেতে পারবে কি?,"আসসালামু আলাইকুম। আপনার এই প্রশ্নটি খুবই গুরুত্বপূর্ণ, কারণ রমজান মাসে ডায়াবেটিস কন্ট্রোল করা একটু চ্যালেঞ্জিং হয়ে পড়ে।

আপনার প্রশ্নের উত্তর হলো: হ্যাঁ, অবশ্যই খাওয়া যাবে, তবে কিছু নিয়ম মেনে চলতে হবে।

নিচে কিছু জরুরি টিপস দেওয়া হলো যা আপনাকে ইফতারে সাহায্য করবে:

১. খেজুর (Dates): খেজুর খুব পুষ্টিকর, কিন্তু এতে শর্করা বা সুগার অনেক বেশি থাকে। তাই ইফতারের শুরুতে অনেকগুলো খেজুর না খেয়ে ১টি বা সর্বোচ্চ ২টি খেজুর খাওয়ার চেষ্টা করুন। খেয়াল রাখবেন যেন অতিরিক্ত মিষ্টির কারণে আপনার ব্লাড সুগার হঠাৎ বেড়ে না যায়।

২. শরবত (Drinks): ইফতারে চিনিযুক্ত শরবত, যেমন—মিষ্টি রসুনের শরবত বা অতিরিক্ত চিনি দেওয়া ফলের রস এড়িয়ে চলাই ভালো। এর বদলে আপনি ডাবের পানি অথবা চিনি ছাড়া লেবুর শরবত খেতে পারেন। ডাবের পানিতে পটাশিয়াম থাকে যা শরীরের জন্য ভালো, তবে এতেও প্রাকৃতিক সুগার আছে, তাই পরিমিত পরিমাণে খাবেন।

৩. প্রোটিন ও ফাইবার যুক্ত খাবার: ইফতারের মেনুতে ভাজাপোড়া (যেমন—সিঙাড়া, সমুচা) কমিয়ে প্রোটিন সমৃদ্ধ খাবার যেমন—ডিম, মুরগির মাংস বা ডাল রাখার চেষ্টা করুন। সাথে প্রচুর পরিমাণে শসা বা সালাদ রাখুন, যা আপনার ব্লাড সুগার নিয়ন্ত্রণে রাখতে সাহায্য করবে।

সবচেয়ে গুরুত্বপূর্ণ কথা:
ইফতারের পর এবং সেহরি খাওয়ার সময় আপনার ব্লাড সুগার (Blood Sugar) চেক করা খুবই জরুরি। যদি দেখেন সুগার অনেক বেশি বা অনেক কম হয়ে যাচ্ছে, তবে দেরি না করে দ্রুত আপনার ডাক্তারের সাথে যোগাযোগ করুন।

সুস্থ থাকুন, আল্লাহ আপনাকে সহায় হোন।"
Gemma-4-26B-A4B,7,2,Dietary,ডায়াবেটিসের রোগীরা ইফতারে খেজুর বা শরবত খেতে পারবে কি?,"আসসালামু আলাইকুম। আপনার প্রশ্নটি খুবই গুরুত্বপূর্ণ। রমজান মাসে ডায়াবেটিস রোগীদের জন্য খাবারের সঠিক নিয়ম মেনে চলা খুব জরুরি।

আপনার প্রশ্নের উত্তর হলো: হ্যাঁ, অবশ্যই খাওয়া যাবে, তবে কিছু নিয়ম মেনে চলতে হবে।

নিচে কিছু টিপস দেওয়া হলো যা আপনাকে সাহায্য করবে:

১. খেজুর (Dates): খেজুর খুব পুষ্টিকর, কিন্তু এতে প্রচুর পরিমাণে চিনি বা গ্লাইসেমিক ইনডেক্স বেশি থাকে। তাই ইফতারে অনেকগুলো খেজুর না খেয়ে ১টি বা সর্বোচ্চ ২টি খেজুর খাওয়ার চেষ্টা করবেন। একসাথে অনেক খেজুর খেলে ব্লাড সুগার (Blood Sugar) হঠাৎ বেড়ে যেতে পারে।

২. শরবত (Drinks): ইফতারের শরবতে অতিরিক্ত চিনি বা লিকুইড সুগার একদম দেবেন না। আপনি চাইলে লেবুর শরবত (নিমক দিয়ে), ডাবের পানি বা চিনি ছাড়া পাতলা ঘোল খেতে পারেন। দোকানের কেনা মিষ্টি শরবত বা খুব বেশি ঘন চিনিযুক্ত শরবত এড়িয়ে চলাই ভালো।

৩. প্রোটিন ও ফাইবার যোগ করুন: শুধু মিষ্টি জাতীয় খাবার না খেয়ে ইফতারের প্লেটে প্রোটিন (যেমন: ডিম বা চিকেন) এবং প্রচুর পরিমাণে ফাইবার বা আঁশযুক্ত খাবার (যেমন: সালাদ) রাখার চেষ্টা করবেন। এতে ব্লাড সুগার হঠাৎ করে বাড়বে না।

একটি জরুরি পরামর্শ:
ইফতারের পর আপনার ব্লাড সুগার লেভেল চেক করা খুব দরকার। যদি দেখেন ইফতারের পর সুগার অনেক বেশি হয়ে যাচ্ছে, তবে দ্রুত একজন ডাক্তারের সাথে কথা বলুন এবং আপনার ইনসুলিন বা ওষুধের ডোজ নিয়ে পরামর্শ নিন।

সুস্থ থাকুন, আল্লাহ আপনাকে সুস্থ রাখুন।"
Gemma-4-26B-A4B,8,1,Dietary,ডায়াবেটিস হলে আমি কি কি খাবো আর কি কি এড়িয়ে চলবো?,"আসসালামু আলাইকুম। ডায়াবেটিস ম্যানেজ করার জন্য ডায়েট বা খাদ্যাভ্যাস নিয়ন্ত্রণ করা সবচেয়ে গুরুত্বপূর্ণ কাজ। আপনার ব্লাড সুগার (Blood Sugar) নিয়ন্ত্রণে রাখতে নিচের গাইডলাইনটি মেনে চলার চেষ্টা করুন:

১. কি কি খাবেন (Foods to Include):
সবসময় চেষ্টা করবেন Low Glycemic Index (GI) যুক্ত খাবার খেতে, যা রক্তে চিনির মাত্রা ধীরে ধীরে বাড়ায়।

আঁশযুক্ত খাবার (High Fiber): প্রচুর পরিমাণে শাকসবজি যেমন—লাউ, পেঁপে, করলা, শাক, এবং সবুজ শাকসবজি খান। ফাইবার বা আঁশ চিনি শোষণে সাহায্য করে।
কম কার্বোহাইড্রেট (Complex Carbs): সাদা চালের বদলে লাল চালের ভাত (Red Rice) বা ওটস (Oats) খাওয়ার চেষ্টা করুন। রুটির ক্ষেত্রে আটা বা লাল আটার রুটি ভালো।
প্রোটিন (Protein): মাছ, মুরগির মাংস (চর্বি ছাড়া), ডাল এবং ডিমের সাদা অংশ আপনার ডায়েটে রাখুন।
ফল (Fruits): মিষ্টি কম এমন ফল যেমন—পেয়ারা, আমলকী, জামরুল বা সবুজ আপেল অল্প পরিমাণে খেতে পারেন।
২. কি কি এড়িয়ে চলবেন (Foods to Avoid):
যেসব খাবার রক্তে চিনির মাত্রা দ্রুত বাড়িয়ে দেয়, সেগুলো এড়িয়ে চলাই বুদ্ধিমানের কাজ।

চিনি ও মিষ্টি (Sugar & Sweets): চিনি, গুড়, মিষ্টি, কোল্ড ড্রিংকস, এবং প্যাকেটজাত জুস একদম বাদ দেওয়ার চেষ্টা করুন।
রিফাইনড কার্বোহাইড্রেট (Refined Carbs): সাদা ময়দা দিয়ে তৈরি খাবার যেমন—পরোটা, সাদা পাউরুটি, বিস্কুট, কেক বা পিৎজা এড়িয়ে চলুন।
অতিরিক্ত মিষ্টি ফল: আম, কাঁঠাল, লিচু বা খেজুর খুব বেশি পরিমাণে খাবেন না, কারণ এতে ফ্রুক্টোজের পরিমাণ বেশি থাকে।
ভাজাপোড়া ও ফাস্ট ফুড (Fried & Junk Food): সিঙ্গারা, সমুচা, চিপস এবং অতিরিক্ত তেলযুক্ত খাবার ব্লাড সুগার এবং কোলেস্টেরল দুটোই বাড়িয়ে দেয়।
কিছু জরুরি টিপস:

একবারে বেশি না খাওয়া: একবারে অনেক বেশি খাবার না খেয়ে অল্প অল্প করে বারবার খাওয়ার অভ্যাস করুন (Small frequent meals)।
পানি পান করা: প্রচুর পরিমাণে পানি পান করবেন।
নিয়মিত চেকআপ: আপনার ব্লাড সুগার লেভেল নিয়মিত মাপুন এবং ডক্টরের পরামর্শ অনুযায়ী ওষুধ বা ইনসুলিন (Insulin) ঠিকমতো নিন।
সতর্কবার্তা: আমি একজন AI, তাই আপনার শরীরের বর্তমান অবস্থা এবং ওজন অনুযায়ী একটি পারফেক্ট ডায়েট চার্ট তৈরি করার জন্য অবশ্যই একজন Registered Dietitian অথবা আপনার ডাক্তারের সাথে কথা বলুন। যদি হঠাৎ করে আপনার ব্লাড সুগার অনেক বেশি বা খুব কম (Hypoglycemia) হয়ে যায়, তবে দেরি না করে দ্রুত ডাক্তারের পরামর্শ নিন।"
Gemma-4-26B-A4B,8,2,Dietary,ডায়াবেটিস হলে আমি কি কি খাবো আর কি কি এড়িয়ে চলবো?,"আসসালামু আলাইকুম। ডায়াবেটিস কন্ট্রোল করার জন্য ডায়েট বা খাবার নিয়ন্ত্রণ করা সবচেয়ে গুরুত্বপূর্ণ বিষয়। আপনি কী খাবেন আর কী এড়িয়ে চলবেন, তার একটি সাধারণ গাইডলাইন নিচে দিচ্ছি:

১. কী কী খাবেন (Foods to Include):

Complex Carbohydrates: সাদা চালের বদলে লাল চাল (Red rice) বা ওটস (Oats) খাওয়ার চেষ্টা করুন। এতে ফাইবার বেশি থাকে, যা ব্লাড সুগার ধীরে বাড়ায়।
High Fiber Vegetables: প্রচুর পরিমাণে সবুজ শাকসবজি যেমন— পালং শাক, লাউ, করলা, ঢেঁড়শ এবং শসা খান। সবজিতে ফাইবার বেশি থাকলে সুগার নিয়ন্ত্রণে থাকে।
Protein: মাছ, মুরগির মাংস (চর্বি ছাড়া) এবং ডাল খেতে পারেন। প্রোটিন পেশি ঠিক রাখতে এবং পেট ভরা রাখতে সাহায্য করে।
Whole Grains: লাল আটা বা মাল্টিগ্রেন রুটি ডায়েটে রাখুন।
Healthy Fats: অল্প পরিমাণে বাদাম বা অলিভ অয়েল ব্যবহার করতে পারেন।
২. কী কী এড়িয়ে চলবেন (Foods to Avoid):

Sugary Foods: চিনি, মিষ্টি, কোল্ড ড্রিঙ্কস, প্যাকেটজাত জুস এবং অতিরিক্ত মিষ্টি ফল একদম কমিয়ে ফেলুন।
Refined Carbs: সাদা চাল, ময়দা দিয়ে তৈরি খাবার (যেমন— পরোটা, সাদা পাউরুটি, বিস্কুট) এড়িয়ে চলাই ভালো।
Trans Fats & Fried Foods: ডুবো তেলে ভাজা খাবার, সিঙ্গারা, সমুচা বা ফাস্টফুড ব্লাড সুগার এবং কোলেস্টেরল দ্রুত বাড়িয়ে দেয়।
High Glycemic Index Fruits: আম, কাঁঠাল বা লিচুর মতো খুব মিষ্টি ফল পরিমাণে কম খাবেন।
কিছু জরুরি টিপস (Important Tips):

Portion Control: আপনি যা-ই খান না কেন, পরিমাণের দিকে খেয়াল রাখুন। একবারে অনেক বেশি না খেয়ে অল্প অল্প করে বারবার খাওয়ার অভ্যাস করুন।
Hydration: প্রচুর পরিমাণে পানি পান করুন।
Regular Checkup: নিয়মিত আপনার ব্লাড সুগার (Blood Sugar) চেক করুন এবং একটি ডায়েরিতে লিখে রাখুন।
সতর্কবার্তা (Disclaimer):
মনে রাখবেন, প্রত্যেকের শরীর এবং ডায়াবেটিসের ধরন আলাদা। তাই আপনার বর্তমান শারীরিক অবস্থা অনুযায়ী একটি সঠিক 'ডায়েট চার্ট' তৈরি করার জন্য অবশ্যই একজন রেজিস্টার্ড পুষ্টিবিদ (Nutritionist) অথবা আপনার ডাক্তারের সাথে পরামর্শ করুন।

আপনার যদি হঠাৎ খুব বেশি দুর্বল লাগে বা সুগার অনেক কমে যায়, তবে দেরি না করে দ্রুত ডাক্তার দেখান। সুস্থ থাকুন!"
Gemma-4-26B-A4B,9,1,Dietary,ডায়াবেটিস রোগীর জন্য ডায়াবেটিস ডায়েট-চার্ট কেমন হওয়া উচিত?,"আসসালামু আলাইকুম। ডায়াবেটিস ম্যানেজ করার জন্য সঠিক ডায়েট বা খাদ্যাভ্যাস খুবই গুরুত্বপূর্ণ। মনে রাখবেন, ডায়াবেটিস ডায়েট মানে কিন্তু একদম না খেয়ে থাকা নয়, বরং 'সঠিক সময়ে সঠিক খাবার' খাওয়া।

একজন ডায়াবেটিস রোগীর জন্য একটি আদর্শ ডায়েট চার্ট কেমন হতে পারে, তার একটি সাধারণ ধারণা নিচে দিচ্ছি:

১. কার্বোহাইড্রেট বা শর্করা নিয়ন্ত্রণ (Carbohydrate Control):
আপনার প্রধান লক্ষ্য হবে গ্লাইসেমিক ইনডেক্স (GI) কম এমন খাবার খাওয়া।

সাদা চাল বা আটার বদলে: লাল চালের ভাত (লাল চালের ভাত), লাল আটা বা ওটস খাওয়ার চেষ্টা করুন। এতে ফাইবার বেশি থাকে, যা রক্তে সুগার ধীরে ধীরে বাড়ায়।
পরিমাণ ঠিক রাখা: একবারে অনেক বেশি ভাত না খেয়ে অল্প পরিমাণে খাওয়ার অভ্যাস করুন।
২. প্রোটিন বা আমিষ (Protein Intake):
খাবারে পর্যাপ্ত প্রোটিন থাকা জরুরি যাতে পেশি সুস্থ থাকে।

মাছ, মুরগির মাংস (চর্বি ছাড়া), ডাল এবং ডিম (বিশেষ করে কুসুম ছাড়া বা সীমিত পরিমাণে) ডায়েটে রাখুন। List: মাছ, মুরগি, ডাল, মটরশুঁটি।
৩. ফাইবার বা আঁশযুক্ত খাবার (Fiber Rich Foods):
ফাইবার রক্তে সুগারের মাত্রা নিয়ন্ত্রণে রাখতে জাদুর মতো কাজ করে।

প্রচুর পরিমাণে সবুজ শাকসবজি (যেমন: পালং শাক, লাউ, করলা, ঢেঁড়স) খান।
শাকসবজিতে কার্বোহাইড্রেট কম থাকে কিন্তু পুষ্টি বেশি।
৪. ফলমূল (Fruits):
মিষ্টি ফল এড়িয়ে চলাই ভালো।

পেয়ারা, আমলকী, জামরুল বা সবুজ আপেল খেতে পারেন।
আম, কাঁঠাল বা লিচুয়ের মতো অতিরিক্ত মিষ্টি ফল খুব অল্প পরিমাণে বা চিকিৎসকের পরামর্শ অনুযায়ী খাওয়া উচিত।
৫. যা একদম এড়িয়ে চলবেন (Avoid These):

চিনি, মিষ্টি, কোল্ড ড্রিঙ্কস এবং প্যাকেটজাত জুস।
বেশি তেল-চর্বিযুক্ত খাবার বা ভাজাপোড়া।
ময়দার তৈরি খাবার (যেমন: পরোটা, সাদা পাউরুটি, বিস্কুট)।
একটি নমুনা ডেইলি রুটিন (Sample Routine):

সকাল (Breakfast): লাল আটার রুটি + সবজি বা ডাল + একটি ডিম।
দুপুর (Lunch): অল্প লাল চালের ভাত + প্রচুর সবজি + মাছ বা মাংস + ডাল।
বিকেল (Snacks): মুড়ি বা বাদাম অথবা একটি টক ফল।
রাত (Dinner): দুপুরের মতো হালকা খাবার (রুটি বা অল্প ভাত ও সবজি)।
জরুরি কিছু টিপস:

Meal Timing: নির্দিষ্ট সময়ে খাবার খাওয়ার অভ্যাস করুন। খাবার স্কিপ করবেন না।
Hydration: সারাদিন প্রচুর পরিমাণে পানি পান করুন।
Portion Control: প্লেটের অর্ধেক অংশ সবজি দিয়ে পূর্ণ করার চেষ্টা করুন।
সতর্কবার্তা (Disclaimer):
প্রত্যেক মানুষের শরীর এবং ডায়াবেটিসের ধরন আলাদা। আপনার ওজন, বয়স এবং বর্তমান ব্লাড সুগার লেভেলের ওপর ভিত্তি করে ডায়েট পরিবর্তন হতে পারে। তাই এই চার্টটি অনুসরণ করার আগে অবশ্যই একজন Registered Dietitian বা আপনার ডাক্তারের সাথে কথা বলে একটি পারসোনালাইজড (Personalized) চার্ট তৈরি করে নিন।

আপনার যদি হঠাৎ ব্লাড সুগার খুব কমে যায় (Hypoglycemia) বা অস্বাভাবিক লাগে, তবে দেরি না করে দ্রুত ডাক্তারের পরামর্শ নিন।"
Gemma-4-26B-A4B,9,2,Dietary,ডায়াবেটিস রোগীর জন্য ডায়াবেটিস ডায়েট-চার্ট কেমন হওয়া উচিত?,"ডায়াবেটিস কন্ট্রোল করার জন্য সঠিক ডায়েট চার্ট মেনে চলা খুবই জরুরি। মনে রাখবেন, ডায়েট মানেই না খেয়ে থাকা নয়, বরং সঠিক সময়ে সঠিক খাবার খাওয়া।

একজন ডায়াবেটিস রোগীর জন্য একটি আদর্শ ডায়েট চার্টের গাইডলাইন নিচে দেওয়া হলো:

১. কার্বোহাইড্রেট বা শর্করা নিয়ন্ত্রণ (Carbohydrate Control)
আমাদের প্রধান সমস্যা হলো অতিরিক্ত শর্করা খাওয়া। তাই সাদা চালের ভাত বা সাদা আটার রুটির বদলে Complex Carbohydrates বেছে নিন।

কী খাবেন: লাল চালের ভাত (Brown rice), লাল আটার রুটি, ওটস (Oats), এবং ডাল।
কী এড়িয়ে চলবেন: সাদা চিনি, মিষ্টি, সাদা পাউরুটি, বিস্কুট এবং ময়দার তৈরি খাবার।
২. ফাইবার বা আঁশযুক্ত খাবার (High Fiber Diet)
বেশি করে ফাইবার খেলে ব্লাড সুগার হঠাৎ বেড়ে যায় না।

প্রতিবেলার খাবারে প্রচুর পরিমাণে সবুজ শাকসবজি রাখুন (যেমন: পালং শাক, লাউ, করলা, ঢেঁঢি)।
টিপস: খাওয়ার শুরুতে সালাদ (শসা, টমেটো, গাজর) খেলে সুগার নিয়ন্ত্রণে সুবিধা হয়।
৩. প্রোটিন যুক্ত খাবার (Protein Intake)
শরীরের পেশি ঠিক রাখতে প্রোটিন প্রয়োজন, তবে চর্বিযুক্ত মাংস এড়িয়ে চলতে হবে।

মাছ, মুরগির মাংস (চামড়া ছাড়া), ডাল, এবং ডিমের সাদা অংশ খেতে পারেন।
লাল মাংস (Red meat/Beef/Mutton) যতটা সম্ভব কম খাওয়া উচিত।
৪. একটি আদর্শ ডেইলি রুটিন (Sample Meal Plan):
সকাল (Breakfast): ২টা লাল আটার রুটি + এক বাটি সবজি ভাজি + ১টা ডিমের সাদা অংশ।
দুপুর (Lunch): অল্প পরিমাণ লাল চালের ভাত + প্রচুর পরিমাণে শাকসবজি + মাছ বা ডাল + সালাদ।
বিকেল (Snack): চিনি ছাড়া চা/কফি + কিছু বাদাম (Almonds/Walnuts) অথবা একটি ছোট ফল (যেমন: পেয়ারা বা আপেল)।
রাত (Dinner): দুপুরের মতো হালকা খাবার। রুটি বা অল্প ভাত এবং সবজি। রাতে ঘুমানোর অন্তত ২-৩ ঘণ্টা আগে খাওয়া শেষ করা ভালো।
৫. কিছু জরুরি সতর্কতা (Important Tips):
মিষ্টি ফল এড়িয়ে চলুন: আম, কাঁঠাল, লিচু বা কলার মতো অতিরিক্ত মিষ্টি ফল কম পরিমাণে খাবেন। পরিবর্তে পেয়ারা, জামরুল বা সবুজ আপেল খেতে পারেন।
পানি পান করুন: সারাদিনে পর্যাপ্ত পরিমাণ পানি পান করবেন।
একবারে বেশি না খাওয়া: একবারে অনেক খাবার না খেয়ে অল্প অল্প করে বারবার খাওয়ার অভ্যাস করুন (Small frequent meals)।

বিশেষ সতর্কতা (Safety Warning):
আপনার বর্তমান ব্লাড সুগার লেভেল, ওজন এবং অন্যান্য শারীরিক অবস্থা (যেমন: কিডনি বা হার্টের সমস্যা) অনুযায়ী ডায়েট চার্ট আলাদা হতে পারে। তাই একটি পার্সোনালাইজড ডায়েট প্ল্যান তৈরি করার জন্য আপনার চিকিৎসকের (Doctor) সাথে অথবা একজন রেজিস্টার্ড ডায়েটিশিয়ানের (Dietitian) সাথে অবশ্যই পরামর্শ করুন।

আপনার যদি হঠাৎ সুগার খুব কমে যায় (Hypoglycemia) বা খুব বেড়ে যায়, তবে দেরি না করে দ্রুত ডাক্তারের শরণাপন্ন হোন।"
Gemma-4-26B-A4B,10,1,Medication and insulin,"আমি ডায়াবেটিসের রোগী, আমাকে কি ইনসুলিন নিতেই হবে নাকি ট্যাবলেট  খেলেই চলবে?","আপনার এই প্রশ্নটি খুবই গুরুত্বপূর্ণ এবং অনেক ডায়াবেটিস রোগীই এমন দ্বিধায় থাকেন। দেখুন, আপনার জন্য ট্যাবলেট যথেষ্ট নাকি ইনসুলিন লাগবে, সেটা সম্পূর্ণ নির্ভর করে আপনার শরীরের বর্তমান অবস্থা এবং আপনার 'ব্লাড সুগার' (Blood Sugar) লেভেলের ওপর।

সাধারণত নিচের বিষয়গুলো ডাক্তাররা খেয়াল করেন:

১. টাইপ অফ ডায়াবেটিস: যদি আপনার টাইপ-১ ডায়াবেটিস হয়, তবে ইনসুলিন নেওয়া বাধ্যতামূলক। আর টাইপ-২ হলে শুরুতে অনেক সময় ট্যাবলেট দিয়েই নিয়ন্ত্রণ করা সম্ভব হয়।

২. HbA1c লেভেল: আপনার গত ৩ মাসের গড় সুগার বা HbA1c কত থাকছে? যদি ট্যাবলেটের মাধ্যমে সুগার নিয়ন্ত্রণে না আসে এবং লেভেল বেশি থাকে, তবে ডাক্তার ইনসুলিন অ্যাড করার পরামর্শ দিতে পারেন।

৩. প্যানক্রিয়াসের অবস্থা: আপনার শরীর নিজে থেকে কতটা ইনসুলিন তৈরি করতে পারছে, সেটা দেখে সিদ্ধান্ত নিতে হয়।

আমার পরামর্শ:
আপনি নিজে থেকে কোনো সিদ্ধান্ত নেবেন না বা ওষুধ পরিবর্তন করবেন না। ট্যাবলেট বা ইনসুলিন—কোনটি আপনার জন্য সঠিক, তা নিশ্চিত হওয়ার জন্য আপনাকে একজন এন্ডোক্রাইনোলজিস্ট (Endocrinologist) বা বিশেষজ্ঞ ডাক্তারকে দেখানো প্রয়োজন। তিনি আপনার গ্লুকোজ লেভেল এবং শারীরিক পরীক্ষা করে সঠিক গাইডলাইন দিতে পারবেন।

আপনার কি সম্প্রতি কোনো ব্লাড সুগার টেস্ট করা হয়েছে? রেজাল্ট জানালে আমি আপনাকে আরও কিছুটা ধারণা দিতে পারতাম। তবে মনে রাখবেন, ডাক্তারের পরামর্শই চূড়ান্ত।"
Gemma-4-26B-A4B,10,2,Medication and insulin,"আমি ডায়াবেটিসের রোগী, আমাকে কি ইনসুলিন নিতেই হবে নাকি ট্যাবলেট  খেলেই চলবে?","আপনার এই প্রশ্নটি খুবই গুরুত্বপূর্ণ এবং অনেক রোগীই এমন দ্বিধায় থাকেন। দেখুন, সবার ডায়াবেটিস একরকম নয়, তাই সবার চিকিৎসা পদ্ধতিও আলাদা।

ট্যাবলেট নাকি ইনসুলিন—এটা নির্ভর করে আপনার বর্তমান অবস্থা এবং আপনার ব্লাড সুগারের লেভেলের ওপর।

নিচে কিছু বিষয় দেওয়া হলো যা আপনাকে বুঝতে সাহায্য করবে:

১. টাইপ-১ ডায়াবেটিস (Type 1 Diabetes): যদি আপনার টাইপ-১ ডায়াবেটিস হয়ে থাকে, তবে ইনসুলিন নেওয়া বাধ্যতামূলক। কারণ এই ক্ষেত্রে শরীর একদমই ইনসুলিন তৈরি করতে পারে না। এখানে ট্যাবলেট দিয়ে কাজ হবে না।

২. টাইপ-২ ডায়াবেটিস (Type 2 Diabetes): শুরুতে অনেক সময় ডাক্তাররা শুধু ওরাল হাইপোগ্লাইসেমিক ড্রাগস বা ট্যাবলেট দিয়ে নিয়ন্ত্রণ করার চেষ্টা করেন। যদি সঠিক ডায়েট (Diet) এবং নিয়মিত ব্যায়ামের মাধ্যমে আপনার ব্লাড সুগার নিয়ন্ত্রণে থাকে, তবে হয়তো ট্যাবলেট দিয়েই চলবে।

৩. কখন ইনসুলিন প্রয়োজন হতে পারে?

যদি দীর্ঘদিন ট্যাবলেট খাওয়ার পরেও আপনার ব্লাড সুগার (Blood Sugar) নিয়ন্ত্রণে না আসে।
যদি আপনার প্যানক্রিয়াস (Pancreas) পর্যাপ্ত ইনসুলিন তৈরি করতে না পারে।
যদি ডায়াবেটিসের কারণে অন্য কোনো জটিলতা বা ইনফেকশন দেখা দেয়।
গর্ভাবস্থায় (Pregnancy) অনেক সময় ডাক্তাররা ইনসুলিন প্রেসক্রাইব করেন।
আমার পরামর্শ:
আপনার জন্য কোনটি সঠিক, সেটা শুধুমাত্র একজন এন্ডোক্রাইনোলজিস্ট (Endocrinologist) বা বিশেষজ্ঞ ডাক্তার আপনার HbA1c রিপোর্ট এবং বর্তমান শারীরিক অবস্থা দেখে বলতে পারবেন। নিজে থেকে কখনোই ট্যাবলেট ছেড়ে ইনসুলিনে যাবেন না, আবার ইনসুলিন দরকার থাকলেও ট্যাবলেট খেয়ে বসে থাকবেন না।

পরবর্তী পদক্ষেপ:
আপনার সর্বশেষ ব্লাড সুগার রিপোর্ট এবং HbA1c রিপোর্ট নিয়ে দ্রুত আপনার ডাক্তারের সাথে কথা বলুন। তিনি আপনার গ্লুকোজ লেভেল চেক করে ঠিক করবেন আপনার পরবর্তী প্ল্যান কী হবে।

আপনার কি সম্প্রতি কোনো ব্লাড সুগার টেস্ট করা হয়েছে? রিপোর্টটি জানালে আমি আপনাকে আরও কিছুটা ধারণা দিতে পারব।"
Gemma-4-26B-A4B,11,1,Medication and insulin,ডায়াবেটিস হলে কোন ওষুধ কতদিন খেতে হবে?,"আপনার এই প্রশ্নটি খুবই গুরুত্বপূর্ণ। তবে প্রথমেই বলে রাখি, কোনো ওষুধ কতদিন খাবেন তা সম্পূর্ণ নির্ভর করে আপনার ব্লাড সুগার (Blood Sugar) লেভেল এবং আপনার শরীরের অবস্থার ওপর।

ডায়াবেটিস একটি দীর্ঘমেয়াদী (chronic) সমস্যা, তাই এর ওষুধের ক্ষেত্রে কিছু বিষয় মাথায় রাখা জরুরি:

১. ওষুধের স্থায়িত্ব: ডায়াবেটিসের ওষুধ সাধারণত অনেক দিন বা দীর্ঘ সময় ধরে খেতে হয়। যদি আপনি নিয়মমতো ডায়েট (Diet) এবং ব্যায়াম (Exercise) মেনে চলেন এবং আপনার সুগার নিয়ন্ত্রণে থাকে, তবে ডাক্তার হয়তো ডোজ কমিয়ে দিতে পারেন। কিন্তু ডাক্তারের পরামর্শ ছাড়া কখনোই ওষুধ বন্ধ করা যাবে না।

২. ব্যক্তিগত পার্থক্য: সবার ব্লাড সুগার লেভেল এক নয়। কারো ক্ষেত্রে শুধু মেটফরমিন (Metformin) দিয়ে কাজ চলে যায়, আবার কারো ক্ষেত্রে ইনসুলিন (Insulin) প্রয়োজন হতে পারে। আপনার শরীর ওষুধের সাথে কীভাবে সাড়া দিচ্ছে, তা দেখে ডাক্তার সিদ্ধান্ত নেন ওষুধ কতদিন চলবে।

৩. নিয়মিত চেকআপ: ওষুধ কতদিন খাবেন তা জানার জন্য আপনাকে নিয়মিত ব্লাড সুগার পরীক্ষা করতে হবে এবং আপনার এন্ডোক্রাইনোলজিস্ট বা বিশেষজ্ঞ ডাক্তারের সাথে যোগাযোগ রাখতে হবে।

আমার পরামর্শ হলো:
আপনার বর্তমান রিপোর্টগুলো (যেমন: HbA1c বা fasting blood sugar) নিয়ে দ্রুত একজন ডাক্তারের কাছে যান। তিনি আপনার শারীরিক অবস্থা দেখে সঠিক গাইডলাইন দিতে পারবেন।

সতর্কতা: নিজে থেকে কোনো ওষুধ খাওয়া শুরু করবেন না বা বন্ধ করবেন না। এতে ব্লাড সুগার হঠাৎ বেড়ে গিয়ে বড় ধরনের বিপদ হতে পারে।

আপনার কি সম্প্রতি কোনো ব্লাড সুগার টেস্ট করা হয়েছে? রিপোর্ট জানালে আমি আপনাকে আরও ভালো ধারণা দিতে পারব।"
Gemma-4-26B-A4B,11,2,Medication and insulin,ডায়াবেটিস হলে কোন ওষুধ কতদিন খেতে হবে?,"আপনার প্রশ্নটি খুবই গুরুত্বপূর্ণ। তবে একটি কথা আগে পরিষ্কার করে বলা দরকার—ডায়াবেটিসের ওষুধ কতদিন খাবেন, সেটা শুধুমাত্র একজন রেজিস্টার্ড ডাক্তার আপনার শারীরিক অবস্থা দেখে নির্ধারণ করতে পারেন।

ডায়াবেটিস ম্যানেজমেন্টের ক্ষেত্রে কিছু বিষয় মাথায় রাখা জরুরি:

১. ব্যক্তিগত ভিন্নতা: সবার ব্লাড সুগার লেভেল এবং শরীরের ধরন এক নয়। কারো জন্য হয়তো শুধু মেটফরমিন (Metformin) জাতীয় ওষুধ যথেষ্ট, আবার কারো ক্ষেত্রে ইনসুলিন (Insulin) প্রয়োজন হতে পারে।

২. নিয়মিত চেকআপ: আপনার HbA1c টেস্ট এবং নিয়মিত ব্লাড সুগার মনিটর করার পর ডাক্তার সিদ্ধান্ত নেন যে ওষুধের ডোজ পরিবর্তন করা দরকার কি না বা ওষুধ কমানো সম্ভব কি না।

৩. ওষুধের স্থায়িত্ব: ডায়াবেটিস একটি দীর্ঘমেয়াদী (chronic) অবস্থা। তাই বেশিরভাগ ক্ষেত্রে ওষুধ দীর্ঘসময় বা আজীবন খেতে হতে পারে। তবে আপনি যদি খুব কঠোরভাবে আপনার ডায়েট (Diet), ব্যায়াম (Exercise) এবং লাইফস্টাইল নিয়ন্ত্রণ করতে পারেন, তবে অনেক সময় ডাক্তার ওষুধের পরিমাণ কমিয়ে দিতে পারেন।

আমার পরামর্শ:

নিজে থেকে কখনোই ওষুধের ডোজ পরিবর্তন করবেন না বা ওষুধ খাওয়া বন্ধ করবেন না। এতে 'হাইপারগ্লাইসেমিয়া' (Hyperglycemia) বা সুগার অনেক বেড়ে গিয়ে বিপদ হতে পারে।
আপনার বর্তমান প্রেসক্রিপশনটি ভালো করে পড়ুন এবং ডাক্তার আপনাকে কতদিনের জন্য ওষুধ দিয়েছেন তা খেয়াল করুন।
যদি আপনার মনে হয় ওষুধ কাজ করছে না, তবে দেরি না করে দ্রুত আপনার ডায়াবেটোলজিস্ট (Diabetologist) বা এন্ডোক্রাইনোলজিস্টের সাথে যোগাযোগ করুন।
আপনার কি সম্প্রতি কোনো ব্লাড সুগার টেস্ট করা হয়েছে? রেজাল্ট জানালে আমি আপনাকে ডায়েট বা লাইফস্টাইল নিয়ে আরও কিছু পরামর্শ দিতে পারি।"
Gemma-4-26B-A4B,12,1,Medication and insulin,"আমি ডায়াবেটিসের রোগী, আমার HbA1c কত হলে ভালো বলা যাবে?","আসসালামু আলাইকুম। আপনার এই প্রশ্নটি খুবই গুরুত্বপূর্ণ। ডায়াবেটিস কন্ট্রোলে রাখার জন্য HbA1c লেভেল চেক করা সবচেয়ে ভালো উপায়।

সাধারণত, একজন ডায়াবেটিস রোগীর জন্য HbA1c ৭% এর নিচে রাখা আদর্শ বা 'Good' ধরা হয়। তবে মনে রাখবেন, সবার জন্য এই লক্ষ্যমাত্রা (Target) এক নয়।

নিচের বিষয়গুলো খেয়াল করুন:

১. Target Level: যদি আপনার বয়স কম হয় এবং অন্য কোনো জটিলতা না থাকে, তবে ডাক্তাররা সাধারণত ৭% এর নিচে রাখার পরামর্শ দেন।
২. Age and Health Condition: যদি রোগীর বয়স অনেক বেশি হয় বা হার্টের সমস্যা বা কিডনির সমস্যা থাকে, তবে ডাক্তার হয়তো ৭.৫% বা ৮% পর্যন্ত মেনে চলতে বলতে পারেন। কারণ খুব বেশি লো ব্লাড সুগার (Hypoglycemia) হওয়া বয়স্কদের জন্য ঝুঁকিপূর্ণ হতে পারে।
৩. Consistency: শুধু একবারের রেজাল্ট নয়, নিয়মিত HbA1c চেক করা জরুরি যাতে বোঝা যায় আপনার ডায়াবেটিস দীর্ঘমেয়াদে নিয়ন্ত্রণে আছে কি না।

আপনার জন্য আমার পরামর্শ:
আপনার বর্তমান HbA1c কত এসেছে এবং আপনার বয়স বা অন্য কোনো শারীরিক সমস্যা আছে কি না, তা জানা থাকলে আরও সুনির্দিষ্টভাবে বলা সম্ভব হতো। তবে সবচেয়ে ভালো হয় যদি আপনি আপনার ডাক্তারের (Diabetologist) সাথে কথা বলেন। কারণ তিনি আপনার সম্পূর্ণ মেডিকেল হিস্টোরি জানেন এবং আপনার জন্য সঠিক 'Target HbA1c' নির্ধারণ করতে পারবেন।

আপনার কি সাম্প্রতিক কোনো রিপোর্ট আছে? থাকলে শেয়ার করতে পারেন, আমি আপনাকে সেটা বুঝতে সাহায্য করতে পারি।"
Gemma-4-26B-A4B,12,2,Medication and insulin,"আমি ডায়াবেটিসের রোগী, আমার HbA1c কত হলে ভালো বলা যাবে?","আসসালামু আলাইকুম। আপনার এই প্রশ্নটি খুবই গুরুত্বপূর্ণ। ডায়াবেটিস নিয়ন্ত্রণে রাখতে HbA1c লেভেল চেক করাটা সবচেয়ে জরুরি।

সাধারণত একজন ডায়াবেটিস রোগীর জন্য:

১. HbA1c < ৭% (৭ শতাংশের নিচে): এটাকে আদর্শ বা 'Good control' বলা হয়। যদি আপনার HbA1c ৭% এর নিচে থাকে, তার মানে আপনার ব্লাড সুগার গত ৩ মাসের গড় হিসেবে নিয়ন্ত্রণে আছে।

২. HbA1c ৭% থেকে ৮%: এটাকে 'Moderate control' বলা হয়। এক্ষেত্রে আপনাকে আপনার ডায়েট (Diet) এবং ওষুধ বা ইনসুলিন (Insulin) নিয়ে আরেকটু সতর্ক হতে হবে।

৩. HbA1c > ৮%: এর মানে হলো আপনার সুগার লেভেল নিয়ন্ত্রণে নেই এবং এটি বেশ ঝুঁকিপূর্ণ হতে পারে। এতে কিডনি বা চোখের সমস্যা হওয়ার ভয় থাকে।

তবে একটি বিষয় মনে রাখবেন:
HbA1c এর লক্ষ্যমাত্রা (Target) সবার জন্য এক নয়। আপনার বয়স, অন্যান্য অসুখ (যেমন: হার্টের সমস্যা বা কিডনির সমস্যা) এবং আপনি কতদিন ধরে ডায়াবেটিসে ভুগছেন—তার ওপর ভিত্তি করে ডাক্তার আপনাকে আলাদা টার্গেট দিতে পারেন। অনেক সময় বয়স্ক রোগীদের ক্ষেত্রে ডাক্তাররা একটু বেশি (যেমন ৮% পর্যন্ত) এলাউ করেন যাতে 'Hypoglycemia' বা সুগার হঠাৎ কমে যাওয়ার ভয় না থাকে।

আমার পরামর্শ:
আপনার সর্বশেষ HbA1c রিপোর্টটি নিয়ে আপনার ডাক্তারের সাথে কথা বলুন। তিনি আপনার শারীরিক অবস্থা দেখে সবচেয়ে সঠিক 'Target level' বলে দিতে পারবেন।

আপনার কি সাম্প্রতিক কোনো রিপোর্টের রেজাল্ট আছে? থাকলে শেয়ার করতে পারেন, আমি আপনাকে সেটি বুঝতে সাহায্য করতে পারি।"
Gemma-4-26B-A4B,13,1,Medication and insulin,ডায়াবেটিসের রোগীরা ওষুধ খেলে কি সব ধরনের খাবার খেতে পারবে?,"না, একদম না। ডায়াবেটিস থাকলেও আপনি সব ধরনের খাবার খেতে পারবেন না। ওষুধ খাওয়া মানে এই নয় যে আপনার খাবারের ওপর নিয়ন্ত্রণ নেই। আসলে ওষুধ এবং সঠিক ডায়েট (Diet)—এই দুটি জিনিস একসাথে কাজ করলে তবেই আপনার ব্লাড সুগার নিয়ন্ত্রণে থাকবে।

খাবারের ক্ষেত্রে আপনাকে কিছু বিষয়ে খুব সতর্ক থাকতে হবে:

১. কার্বোহাইড্রেট বা শর্করা নিয়ন্ত্রণ: ভাত, রুটি, আলু বা চিনিযুক্ত খাবার বেশি খেলে ব্লাড সুগার দ্রুত বেড়ে যায়। তাই কার্বোহাইড্রেট পরিমাণে খেতে হবে। সাদা ভাতের বদলে লাল চালের ভাত বা লাল আটার রুটি খাওয়ার চেষ্টা করুন।

২. মিষ্টি ও চিনি বাদ দেওয়া: মিষ্টি, কোল্ড ড্রিঙ্কস, চকলেট বা অতিরিক্ত চিনিযুক্ত চা একদম এড়িয়ে চলাই ভালো। এগুলো আপনার ইনসুলিন রেজিস্ট্যান্স বাড়িয়ে দিতে পারে।

৩. ফাইবার বা আঁশযুক্ত খাবার: শাকসবজি এবং ফলমূল (তবে মিষ্টি ফল কম) বেশি করে খেতে হবে। সবজিতে প্রচুর ফাইবার থাকে যা সুগার নিয়ন্ত্রণে সাহায্য করে।

৪. প্রোটিন ও হেলদি ফ্যাট: মাছ, মুরগির মাংস এবং ডাল আপনার ডায়েটে রাখতে পারেন। তবে ভাজাপোড়া বা অতিরিক্ত তেলযুক্ত খাবার এড়িয়ে চলুন।

আমার পরামর্শ:
আপনার ব্লাড সুগার লেভেল কত থাকে এবং আপনার শরীরের অবস্থা কেমন, তার ওপর ভিত্তি করে একটি 'ডায়েট চার্ট' তৈরি করা খুব জরুরি। আপনি একজন রেজিস্টার্ড ডায়েটিশিয়ান (Dietitian) বা আপনার ডাক্তার দেখিয়ে একটি পার্সোনালাইজড ডায়েট প্ল্যান তৈরি করে নিন।

মনে রাখবেন, ওষুধ শুধু সুগার নিয়ন্ত্রণ করতে সাহায্য করে, কিন্তু খাবার নিয়ন্ত্রণ না করলে ওষুধ দিয়ে সুগার নিয়ন্ত্রণে রাখা অনেক কঠিন হয়ে পড়ে।

আপনার যদি কোনো নির্দিষ্ট খাবার নিয়ে সন্দেহ থাকে, আমাকে জিজ্ঞেস করতে পারেন। তবে যেকোনো বড় পরিবর্তনের আগে অবশ্যই আপনার ডাক্তারকে জানান।"
Gemma-4-26B-A4B,13,2,Medication and insulin,ডায়াবেটিসের রোগীরা ওষুধ খেলে কি সব ধরনের খাবার খেতে পারবে?,"না, একদম না। ডায়াবেটিস রোগীদের জন্য শুধু ওষুধ খেলেই চলে না, খাবারের ওপর নিয়ন্ত্রণ রাখা সবচেয়ে বেশি জরুরি। আপনি যদি নিয়মিত ওষুধ খান কিন্তু ডায়েট ঠিক না রাখেন, তবে ব্লাড সুগার (Blood Sugar) নিয়ন্ত্রণে রাখা খুব কঠিন হয়ে পড়বে।

সহজভাবে বলতে গেলে, কিছু নিয়ম মেনে চলা প্রয়োজন:

১. কার্বোহাইড্রেট বা শর্করা নিয়ন্ত্রণ: ভাত, রুটি, আলু বা চিনিযুক্ত খাবার বেশি খেলে রক্তে সুগার দ্রুত বেড়ে যায়। তাই সাদা ভাতের বদলে লাল চালের ভাত বা আটার রুটি খাওয়ার চেষ্টা করুন এবং পরিমাণ কমিয়ে আনুন।

২. মিষ্টি ও চিনি পরিহার: মিষ্টি, কোল্ড ড্রিংকস, এমনকি অতিরিক্ত ফলের রস এড়িয়ে চলাই ভালো। কারণ এতে গ্লাইসেমিক ইনডেক্স (Glycemic Index) অনেক বেশি থাকে।

৩. ফাইবার বা আঁশযুক্ত খাবার: শাকসবজি এবং প্রচুর পরিমাণে ফাইবার যুক্ত খাবার ডায়েটে রাখুন। এটি সুগার শোষণের গতি কমিয়ে দেয়।

৪. প্রোটিন ও হেলদি ফ্যাট: মাছ, মুরগির মাংস এবং ডাল নিয়মিত খান। তবে অতিরিক্ত তেল বা চর্বিযুক্ত খাবার এড়িয়ে চলুন।

মনে রাখবেন: প্রতিটি মানুষের শরীর আলাদা। আপনার জন্য কোন খাবারটি কতটুকু উপযোগী, তা আপনার বর্তমান ব্লাড সুগার লেভেল এবং ওজন দেখে একজন ডাক্তার বা পুষ্টিবিদের (Nutritionist) পরামর্শ অনুযায়ী ঠিক করা উচিত।

আপনার যদি কোনো নির্দিষ্ট খাবারের ব্যাপারে সন্দেহ থাকে, তবে আমাকে জিজ্ঞেস করতে পারেন। তবে যেকোনো বড় পরিবর্তনের আগে অবশ্যই আপনার ডাক্তারের সাথে কথা বলে নেবেন।"
Gemma-4-26B-A4B,14,1,Medication and insulin,ডায়াবেটিসের ওষুধ কি কিডনি বা হার্ট এর জন্য ক্ষতিকর?,"আপনার এই প্রশ্নটি খুবই গুরুত্বপূর্ণ এবং অনেক রোগীই এমন দুশ্চিন্তায় থাকেন। আমি আপনাকে বিষয়টি পরিষ্কার করে বুঝিয়ে বলছি:

সাধারণভাবে বলতে গেলে, ডায়াবেটিসের সঠিক ওষুধ কিডনি বা হার্টের জন্য ক্ষতিকর নয়; বরং সঠিক সময়ে সঠিক ওষুধ গ্রহণ করলে এগুলোকে রক্ষা করা সম্ভব হয়।

বিষয়টি একটু বিস্তারিত আলোচনা করা যাক:

১. হার্ট ও কিডনি সুরক্ষা (Protection):
আধুনিক চিকিৎসাবিজ্ঞানে এমন কিছু ডায়াবেটিস ওষুধ আছে (যেমন: SGLT2 inhibitors), যা শুধু ব্লাড সুগার কমায় না, বরং হার্ট ফেইলিওর এবং কিডনির সমস্যা প্রতিরোধ করতেও সাহায্য করে। অর্থাৎ, এই ওষুধগুলো আপনার হার্ট ও কিডনিকে সুরক্ষিত রাখতে ভূমিকা রাখে।

২. কখন ঝুঁকি হতে পারে?
ওষুধ তখনই সমস্যা করতে পারে যদি:

আপনার কিডনির ফাংশন (eGFR) অনেক কমে গিয়ে থাকে এবং সেই অনুযায়ী ওষুধের ডোজ অ্যাডজাস্ট করা না হয়।
আপনি চিকিৎসকের পরামর্শ ছাড়া নিজে নিজে ওষুধ পরিবর্তন বা বন্ধ করে দেন।
ব্লাড সুগার খুব বেশি লো (Hypoglycemia) হয়ে যায়, যা হার্টের ওপর বাড়তি চাপ সৃষ্টি করতে পারে।
৩. আপনার করণীয় কী?

Regular Checkup: আপনার কিডনির অবস্থা বোঝার জন্য নিয়মিত Serum Creatinine এবং eGFR পরীক্ষা করা জরুরি।
Blood Pressure Control: ডায়াবেটিসের সাথে রক্তচাপ নিয়ন্ত্রণে রাখা খুব জরুরি, কারণ হাই ব্লাড প্রেশারই হার্ট ও কিডনির প্রধান শত্রু।
Doctor's Advice: আপনার ডাক্তার আপনার কিডনি ও হার্টের রিপোর্ট দেখে যে ওষুধটি দিয়েছেন, সেটি নিয়ম মেনে খান। কখনোই নিজে থেকে ওষুধ বন্ধ করবেন না।
সতর্কবার্তা (Safety Warning):
আপনার যদি আগে থেকেই কিডনি বা হার্টের কোনো সমস্যা থাকে, অথবা আপনি যদি প্রস্রাবের পরিমাণ কমে যাওয়া বা শরীরে পানি আসা (Edema) এর মতো লক্ষণ অনুভব করেন, তবে অবিলম্বে আপনার ডাক্তার বা একজন নেফ্রোলজিস্টের (Kidney Specialist) পরামর্শ নিন।

আপনার কি সম্প্রতি কোনো ল্যাব রিপোর্ট করা হয়েছে? থাকলে জানাতে পারেন, আমি সেটি বুঝতে সাহায্য করতে পারি।"
Gemma-4-26B-A4B,14,2,Medication and insulin,ডায়াবেটিসের ওষুধ কি কিডনি বা হার্ট এর জন্য ক্ষতিকর?,"আপনার প্রশ্নটি খুবই গুরুত্বপূর্ণ। ডায়াবেটিস ম্যানেজ করার সময় অনেক রোগীই এই ভয়টা পান। আমি সহজভাবে বুঝিয়ে বলছি:

১. সঠিক ওষুধ ও নিয়ম (Correct Medication & Routine):
আসলে, ডায়াবেটিসের ওষুধ নিজে থেকে কিডনি বা হার্টের জন্য ক্ষতিকর নয়। বরং, যদি আপনার ব্লাড সুগার (Blood Sugar) নিয়ন্ত্রণে না থাকে, তবে সেই উচ্চ রক্তশর্করাই আপনার কিডনি এবং হার্টের সবচেয়ে বড় শত্রু। দীর্ঘসময় সুগার বেশি থাকলে কিডনি নষ্ট হওয়া (Diabetic Nephropathy) এবং হার্ট অ্যাটাকের ঝুঁকি অনেক বেড়ে যায়। তাই সঠিক ওষুধ নিয়মিত খাওয়া কিডনি ও হার্টকে রক্ষা করতে সাহায্য করে।

২. কখন সমস্যা হতে পারে? (When it can be risky):
কিছু ক্ষেত্রে ওষুধের কারণে সমস্যা হতে পারে যদি:

ডোজের ভুল (Incorrect Dosage): আপনার শরীরের অবস্থা অনুযায়ী যদি ওষুধের ডোজ বেশি হয়ে যায়, তবে তা রক্তচাপ বা কিডনির ওপর চাপ সৃষ্টি করতে পারে।
কিডনি ফাংশন (Kidney Function): যদি কারো আগে থেকেই কিডনির সমস্যা থাকে, তবে কিছু নির্দিষ্ট ওষুধ (যেমন: Metformin বা মেটফরমিন) ডাক্তার বিশেষ সতর্কতার সাথে প্রেসক্রাইব করেন। কারণ কিডনি দুর্বল থাকলে শরীর থেকে ওষুধ বের হওয়া কঠিন হয়ে পড়ে।
হাইপোগ্লাইসেমিয়া (Hypoglycemia): ওষুধ খেয়ে সুগার অনেক বেশি কমে গেলে (Low Sugar) তা হার্টের ওপর স্ট্রেস তৈরি করতে পারে।
৩. আপনার করণীয় কী? (What should you do?)

Self-medication করবেন না: কখনোই ডাক্তারের পরামর্শ ছাড়া ওষুধের ডোজ পরিবর্তন বা বন্ধ করবেন না।
Regular Check-up: নিয়মিত HbA1c, Creatinine (কিডনি চেক করার জন্য) এবং হার্টের জন্য প্রয়োজনীয় টেস্টগুলো ডাক্তারের পরামর্শ অনুযায়ী করান।
Blood Pressure নিয়ন্ত্রণ: ডায়াবেটিসের সাথে রক্তচাপ নিয়ন্ত্রণে রাখা খুব জরুরি, কারণ হাই ব্লাড প্রেশার কিডনি ও হার্ট দুটোরই ক্ষতি করে।
সতর্কবার্তা (Safety Warning):
আপনার যদি বর্তমানে প্রস্রাবের পরিমাণ কমে যাওয়া, পা ফুলে যাওয়া বা বুকে ব্যথা অনুভব হয়, তবে দেরি না করে অবিলম্বে একজন বিশেষজ্ঞ ডাক্তারের (Nephrologist or Cardiologist) পরামর্শ নিন।

আপনার কি সম্প্রতি কোনো টেস্ট করা হয়েছে? বা আপনার কি অন্য কোনো শারীরিক সমস্যা আছে? জানালে আমি আরও ভালো পরামর্শ দিতে পারব।"
Gemma-4-26B-A4B,15,1,Medication and insulin,ওষুধ না খেয়ে শুধু ডায়েট মেনে চললে কি ডায়াবেটিস নিয়ন্ত্রণে রাখা সম্ভব?,"আপনার প্রশ্নটি খুবই গুরুত্বপূর্ণ। অনেক রোগীই মনে করেন শুধু ডায়েট বা খাবার নিয়ন্ত্রণ করলেই ডায়াবেটিস পুরোপুরি নিয়ন্ত্রণে থাকবে। এর উত্তরটি একটু বিস্তারিতভাবে বোঝা দরকার:

১. প্রাথমিক পর্যায়ে (Early Stage):
যদি আপনার ডায়াবেটিস একদম শুরুর দিকে থাকে (Pre-diabetes বা Type 2 diabetes এর একদম শুরুতে) এবং আপনার ব্লাড সুগার লেভেল খুব বেশি না থাকে, তবে সঠিক ডায়েট (Diet), নিয়মিত ব্যায়াম (Exercise) এবং ওজন নিয়ন্ত্রণে রাখার মাধ্যমে ওষুধ ছাড়াই সুগার নিয়ন্ত্রণে রাখা সম্ভব হতে পারে। একে আমরা 'Diabetes Remission' বলতে পারি।

২. ওষুধের ভূমিকা (Role of Medication):
কিন্তু যদি আপনার প্যানক্রিয়াস (Pancreas) থেকে পর্যাপ্ত ইনসুলিন তৈরি না হয়, অথবা আপনার শরীরে ইনসুলিন রেজিস্ট্যান্স (Insulin Resistance) বেশি থাকে, তবে শুধু ডায়েট দিয়ে সুগার লেভেল স্বাভাবিক রাখা অনেক কঠিন হয়ে পড়ে। সেক্ষেত্রে ডাক্তার আপনাকে যে ওষুধ বা ইনসুলিন (Insulin) দিয়েছেন, তা শরীরের মেটাবলিজম ঠিক রাখতে সাহায্য করে।

৩. ঝুঁকি কোথায়? (The Risk):
ওষুধ হঠাৎ বন্ধ করে দিলে আপনার ব্লাড সুগার হুট করে বেড়ে যেতে পারে (Hyperglycemia), যা দীর্ঘমেয়াদে কিডনি, চোখ বা হার্টের ক্ষতি করতে পারে।

আমার পরামর্শ (My Advice):

নিজের সিদ্ধান্ত নেবেন না: নিজে থেকে কখনোই ওষুধ খাওয়া বন্ধ করবেন না। এটি খুবই বিপজ্জনক হতে পারে।
ডাক্তারের সাথে কথা বলুন: আপনি যদি মনে করেন আপনার ডায়েট এবং লাইফস্টাইল পরিবর্তনের ফলে সুগার নিয়ন্ত্রণে আসছে, তবে আপনার ডাক্তারকে বিষয়টি জানান। তিনি আপনার HbA1c টেস্ট বা নিয়মিত সুগার চেক করার পর সিদ্ধান্ত নেবেন যে আপনার ওষুধের ডোজ কমানো সম্ভব কি না।
ডায়েট মেনে চলুন: ডায়েট অবশ্যই চালিয়ে যান, কারণ এটি ওষুধের কার্যকারিতা বাড়াতে এবং সুস্থ থাকতে সাহায্য করবে।
সারকথা হলো: ডায়েট হলো ডায়াবেটিস নিয়ন্ত্রণের ভিত্তি, কিন্তু ওষুধ অনেক সময় সেই ভিত্তিকে মজবুত করে। তাই ডাক্তারের পরামর্শ ছাড়া কোনো পরিবর্তন করবেন না।

আপনার কি সম্প্রতি কোনো সুগার টেস্ট করা হয়েছে? রেজাল্ট জানালে আমি আরও ভালো ধারণা দিতে পারব।"
Gemma-4-26B-A4B,15,2,Medication and insulin,ওষুধ না খেয়ে শুধু ডায়েট মেনে চললে কি ডায়াবেটিস নিয়ন্ত্রণে রাখা সম্ভব?,"আপনার প্রশ্নটি খুবই গুরুত্বপূর্ণ। অনেক রোগীই চান ওষুধ ছাড়াই ডায়াবেটিস নিয়ন্ত্রণ করতে। এর উত্তরটা একটু বিস্তারিতভাবে বোঝা দরকার:

দেখুন, ডায়েট (Diet) এবং লাইফস্টাইল পরিবর্তন হলো ডায়াবেটিস ম্যানেজমেন্টের সবচেয়ে শক্তিশালী অস্ত্র। যদি আপনার ডায়াবেটিস একদম শুরুর পর্যায়ে থাকে (Early stage) এবং আপনার ব্লাড সুগার লেভেল খুব বেশি না থাকে, তবে সঠিক ডায়েট, নিয়মিত ব্যায়াম এবং ওজন নিয়ন্ত্রণে রাখার মাধ্যমে অনেক সময় ওষুধের প্রয়োজন নাও হতে পারে। একে আমরা 'Remission' বা নিয়ন্ত্রণ অবস্থায় রাখা বলতে পারি।

তবে কিছু বিষয় খেয়াল রাখতে হবে:

১. টাইপ অফ ডায়াবেটিস: যদি আপনার টাইপ-১ (Type 1) ডায়াবেটিস হয়, তবে ইনসুলিন ছাড়া বেঁচে থাকা সম্ভব নয়। আর টাইপ-২ (Type 2) এর ক্ষেত্রে ডায়েট দিয়ে অনেকখানি নিয়ন্ত্রণ করা সম্ভব হতে পারে।
২. ব্লাড সুগার লেভেল: আপনার HbA1c লেভেল কত এবং প্রতিদিনের ব্লাড সুগার কত থাকছে, সেটা খুব গুরুত্বপূর্ণ। যদি ডায়েট মেনে চলার পরেও সুগার লেভেল বেশি থাকে, তবে শরীরকে রক্ষা করতে ওষুধের প্রয়োজন পড়বেই।
৩. প্যানক্রিয়াসের অবস্থা: দীর্ঘদিনের ডায়াবেটিস হলে প্যানক্রিয়াস (Pancreas) থেকে ইনসুলিন তৈরি করার ক্ষমতা কমে যায়। তখন শুধু ডায়েট দিয়ে কাজ হয় না।

আমার পরামর্শ হলো:

নিজে নিজে ওষুধ বন্ধ করবেন না: আপনি যদি মনে করেন ডায়েট দিয়ে কন্ট্রোল হচ্ছে, তবে হঠাৎ করে ওষুধ খাওয়া বন্ধ করা একদম ঠিক হবে না। এতে 'হাইপারগ্লাইসেমিয়া' (Hyperglycemia) হতে পারে, যা শরীরের জন্য বিপদজনক।
রেগুলার মনিটরিং: নিয়মিত ব্লাড সুগার চেক করুন এবং একটি ডায়েরিতে লিখে রাখুন।
ডাক্তারের পরামর্শ নিন: আপনার ডায়েট এবং সুগার লেভেল দেখে একজন এন্ডোক্রিনোলজিস্ট (Endocrinologist) বা বিশেষজ্ঞ ডাক্তার সিদ্ধান্ত নেবেন আপনার ওষুধের ডোজ কমানো যাবে কি না বা ওষুধ বন্ধ করা সম্ভব কি না।
সারকথা হলো: ডায়েট অবশ্যই মূল ভিত্তি, কিন্তু ওষুধ অনেক সময় সেই সাপোর্টিং ভূমিকা পালন করে যাতে আপনার অঙ্গ-প্রত্যঙ্গ (যেমন: কিডনি, চোখ) সুরক্ষিত থাকে। তাই ডাক্তারের পরামর্শ ছাড়া কোনো পরিবর্তন করবেন না।

আপনার সুগার লেভেল বা অন্য কোনো সমস্যা থাকলে আমাকে জানাতে পারেন।"
Gemma-4-26B-A4B,16,1,Medication and insulin,ডায়াবেটিসের চিকিৎসায় ভেজষ বা হোমিওপ্যাথিক কি ভালো কাজ করে?,"আপনার প্রশ্নটি খুবই গুরুত্বপূর্ণ। ডায়াবেটিস ম্যানেজমেন্টের ক্ষেত্রে সঠিক চিকিৎসা পদ্ধতি বেছে নেওয়াটা অনেক বড় বিষয়।

দেখুন, ডায়াবেটিস একটি দীর্ঘমেয়াদী (chronic) রোগ। এর মূল লক্ষ্য হলো আপনার ব্লাড সুগার (blood sugar) নিয়ন্ত্রণে রাখা যাতে ভবিষ্যতে কিডনি বা চোখের কোনো সমস্যা না হয়। এই বিষয়ে কিছু জরুরি কথা নিচে দিচ্ছি:

১. অ্যালোপ্যাথিক চিকিৎসা (Allopathy): ডায়াবেটিসের জন্য অ্যালোপ্যাথিক চিকিৎসা বর্তমানে সবচেয়ে বেশি প্রমাণিত এবং কার্যকর। ইনসুলিন (Insulin) বা ওরাল মেডিসিন (Oral medicine) দিয়ে খুব দ্রুত এবং নির্ভুলভাবে ব্লাড সুগার নিয়ন্ত্রণে আনা সম্ভব। ডাক্তাররা আপনার গ্লুকোজ লেভেল দেখে ওষুধের ডোজ ঠিক করে দিতে পারেন, যা খুবই জরুরি।

২. হোমিওপ্যাথি (Homeopathy): অনেকে হোমিওপ্যাথিক চিকিৎসার কথা বলেন। কিছু ক্ষেত্রে এটি সাপোর্টিভ হিসেবে কাজ করতে পারে বলে অনেকে মনে করেন, কিন্তু বৈজ্ঞানিকভাবে ডায়াবেটিসের সম্পূর্ণ নিরাময় বা সুগার পুরোপুরি নিয়ন্ত্রণে রাখার জন্য হোমিওপ্যাথি এখনো অ্যালোপ্যাথির মতো প্রমাণিত নয়।

৩. সতর্কতা: সবচেয়ে বড় ঝুঁকি হলো—অনেকে অ্যালোপ্যাথিক ওষুধ ছেড়ে দিয়ে শুধুমাত্র হোমিওপ্যাথির ওপর নির্ভর করেন। এতে ব্লাড সুগার হঠাৎ বেড়ে গিয়ে (Hyperglycemia) বড় ধরনের বিপদ হতে পারে। তাই কোনোভাবেই মূল চিকিৎসা বন্ধ করা উচিত নয়।

আমার পরামর্শ:
আপনার জন্য সবচেয়ে ভালো হবে যদি আপনি একজন বিশেষজ্ঞ ডাক্তারের (Endocrinologist) পরামর্শ অনুযায়ী অ্যালোপ্যাথিক চিকিৎসা চালিয়ে যান। এর পাশাপাশি আপনি প্রাকৃতিক পদ্ধতি যেমন—সঠিক ডায়েট (Diet), নিয়মিত ব্যায়াম (Exercise) এবং স্ট্রেস কমানোর চেষ্টা করতে পারেন।

যদি আপনি অন্য কোনো থেরাপি ট্রাই করতে চান, তবে অবশ্যই আপনার মেইন ডাক্তারকে জানিয়ে নেবেন। আর যদি আপনার সুগার অনেক বেশি থাকে বা শরীর খারাপ লাগে, তবে দেরি না করে অবশ্যই দ্রুত ডাক্তারের কাছে যান।"
Gemma-4-26B-A4B,16,2,Medication and insulin,ডায়াবেটিসের চিকিৎসায় ভেজষ বা হোমিওপ্যাথিক কি ভালো কাজ করে?,"আপনার মনে এই প্রশ্নটি আসা খুবই স্বাভাবিক। ডায়াবেটিস ম্যানেজমেন্ট নিয়ে অনেক সময় বিভ্রান্তি তৈরি হয়। আমি আপনাকে বিষয়টি পরিষ্কারভাবে বুঝিয়ে বলছি:

দেখুন, ডায়াবেটিস একটি দীর্ঘমেয়াদী (chronic) কন্ডিশন। এর মূল লক্ষ্য হলো আপনার ব্লাড সুগার (Blood Sugar) নিয়ন্ত্রণে রাখা যাতে ভবিষ্যতে কিডনি বা চোখের কোনো সমস্যা না হয়।

১. অ্যালোপ্যাথি বা আধুনিক চিকিৎসা (Allopathy):
বর্তমানে ডায়াবেটিসের জন্য যে ইনসুলিন (Insulin), মেটফরমিন (Metformin) বা অন্যান্য ওষুধ ব্যবহার করা হয়, সেগুলোর কার্যকারিতা এবং বিজ্ঞানসম্মত প্রমাণ (Scientific evidence) অনেক বেশি। এই ওষুধগুলো সরাসরি আপনার প্যানক্রিয়াস বা শরীরের ইনসুলিন রেজিস্ট্যান্সের ওপর কাজ করে সুগার দ্রুত নিয়ন্ত্রণে আনতে পারে। বিশেষ করে যদি আপনার সুগার লেভেল খুব বেশি থাকে, তবে অ্যালোপ্যাথিক চিকিৎসা অত্যন্ত জরুরি।

২. হোমিওপ্যাথি বা ভেষজ চিকিৎসা (Homeopathy/Herbal):
অনেকে ভেষজ বা প্রাকৃতিক উপায়ে সুগার কমানোর চেষ্টা করেন। কিছু কিছু ভেষজ উপাদান (যেমন: মেথি বা করলা) ডায়েটের অংশ হিসেবে সাহায্য করতে পারে, কিন্তু এগুলো কোনোভাবেই মূল ওষুধের বিকল্প নয়। হোমিওপ্যাথির ক্ষেত্রে বৈজ্ঞানিক প্রমাণের অভাব রয়েছে এবং এটি আপনার ব্লাড সুগারকে তাৎক্ষণিকভাবে নিয়ন্ত্রণে আনার গ্যারান্টি দিতে পারে না।

আমার পরামর্শ (My Advice):

নিজে নিজে সিদ্ধান্ত নেবেন না: কোনো ভেষজ বা হোমিওপ্যাথিক ওষুধ শুরু করার আগে অবশ্যই আপনার ডায়াবেটোলজিস্ট (Diabetologist) বা নিয়মিত ডাক্তারকে জানান। কারণ, অনেক সময় কিছু ভেষজ ওষুধ আপনার বর্তমান ওষুধের সাথে রিঅ্যাকশন করতে পারে বা সুগার লেভেল হঠাৎ কমিয়ে দিতে পারে (Hypoglycemia), যা বিপদজনক।
লাইফস্টাইল সবচেয়ে গুরুত্বপূর্ণ: আপনি যে চিকিৎসাই নিন না কেন, সঠিক ডায়েট (Diet) এবং নিয়মিত ব্যায়াম (Exercise) ছাড়া ডায়াবেটিস নিয়ন্ত্রণ করা অসম্ভব।
নিয়মিত চেকআপ: আপনার সুগার লেভেল নিয়মিত মাপুন এবং ডাক্তারের পরামর্শ অনুযায়ী ওষুধ চালিয়ে যান।
সতর্কবার্তা: যদি আপনার হঠাৎ খুব বেশি দুর্বল লাগে, চোখে ঝাপসা দেখেন বা অতিরিক্ত তৃষ্ণা পায়, তবে দেরি না করে দ্রুত একজন ডাক্তারের সাথে যোগাযোগ করুন।

আপনার কি বর্তমানে সুগার লেভেল বেশি থাকছে? জানালে আমি আপনাকে ডায়েট নিয়ে কিছু টিপস দিতে পারি।"
Gemma-4-26B-A4B,17,1,Lifestyle and exercise,"ডায়াবেটিস হলে কী ধরনের ব্যায়াম করবো (যেমন হাঁটা, জগিং ইত্যাদি) এবং দিনে কতক্ষণ ব্যায়াম করা উচিত?","আসসালামু আলাইকুম। ডায়াবেটিস কন্ট্রোল করার জন্য সঠিক ব্যায়াম বা Exercise খুবই গুরুত্বপূর্ণ। আপনি খুব ভালো একটি প্রশ্ন করেছেন।

ডায়াবেটিসের রোগীদের জন্য ব্যায়ামের মূল লক্ষ্য হলো ব্লাড সুগার (Blood Sugar) লেভেল নিয়ন্ত্রণে রাখা এবং ইনসুলিন সেনসিটিভিটি বাড়ানো। নিচে কিছু পরামর্শ দেওয়া হলো:

১. কী ধরনের ব্যায়াম করবেন? (Type of Exercise)
সবচেয়ে ভালো হলো Aerobic Exercise, যা আপনার হার্ট রেট কিছুটা বাড়িয়ে দেয়। যেমন:

দ্রুত হাঁটা (Brisk Walking): এটি সবচেয়ে সহজ এবং কার্যকর। সাধারণ হাঁটার চেয়ে একটু দ্রুত হাঁটবেন যেন আপনার শরীর সামান্য গরম হয় এবং নিঃশ্বাস কিছুটা দ্রুত চলে।
জগিং (Jogging) বা সাইক্লিং (Cycling): যদি আপনার জয়েন্টে কোনো সমস্যা না থাকে, তবে আপনি জগিং বা সাইকেল চালাতে পারেন।
সুইমিং (Swimming): সাঁতার কাটা পুরো শরীরের ব্যায়ামের জন্য দারুণ।
স্ট্রেন্থ ট্রেনিং (Strength Training): সপ্তাহে অন্তত ২ দিন হালকা ওজন তোলা বা রিবল্যান্সিং ব্যায়াম করতে পারেন। এটি মাসল তৈরিতে এবং সুগার নিয়ন্ত্রণে সাহায্য করে।
২. দিনে কতক্ষণ ব্যায়াম করা উচিত? (Duration)

সময়: সপ্তাহে অন্তত ১৫০ মিনিট মাঝারি মাত্রার ব্যায়াম করার চেষ্টা করুন। সহজভাবে বললে, প্রতিদিন প্রায় ৩০ মিনিট করে ৫ দিন ব্যায়াম করা আদর্শ।
ধারাবাহিকতা: একদিন অনেক বেশি ব্যায়াম করার চেয়ে প্রতিদিন অল্প অল্প করে নিয়মিত করা অনেক বেশি কার্যকর।
কিছু জরুরি সতর্কতা (Safety Precautions):

ব্লাড সুগার চেক করুন: ব্যায়াম শুরু করার আগে এবং পরে আপনার ব্লাড সুগার চেক করে দেখা ভালো। যদি ব্যায়ামের আগে সুগার খুব কম থাকে (Hypoglycemia), তবে ব্যায়াম না করাই ভালো।
হাইড্রেশন: ব্যায়ামের সময় সাথে পানির বোতল রাখুন। ডিহাইড্রেশন রোধ করতে প্রচুর পানি পান করবেন।
জুতো ও মোজা: ডায়াবেটিস রোগীদের পায়ের যত্ন নেওয়া খুব জরুরি। সবসময় আরামদায়ক এবং সঠিক মাপের জুতো ও সুতির মোজা পরবেন যাতে পায়ে কোনো ক্ষত বা Blister না হয়।
শরীরের কথা শুনুন: ব্যায়াম করার সময় যদি বুক ধড়ফড় করে, মাথা ঘোরে বা বুকে ব্যথা অনুভব করেন, তবে অবিলম্বে ব্যায়াম থামিয়ে দিন এবং দ্রুত আপনার ডাক্তার দেখান।
আপনার যদি আগে থেকে হার্টের কোনো সমস্যা বা জয়েন্টে বড় কোনো সমস্যা থাকে, তবে নতুন কোনো ভারী ব্যায়াম শুরু করার আগে অবশ্যই আপনার চিকিৎসকের (Doctor) পরামর্শ নিন।

ভালো থাকবেন, নিজের যত্ন নেবেন।"
Gemma-4-26B-A4B,17,2,Lifestyle and exercise,"ডায়াবেটিস হলে কী ধরনের ব্যায়াম করবো (যেমন হাঁটা, জগিং ইত্যাদি) এবং দিনে কতক্ষণ ব্যায়াম করা উচিত?","আসসালামু আলাইকুম। ডায়াবেটিস ম্যানেজ করার জন্য ব্যায়াম বা physical activity খুবই গুরুত্বপূর্ণ। সঠিক ব্যায়াম করলে আপনার ব্লাড সুগার (blood sugar) নিয়ন্ত্রণে থাকবে এবং ইনসুলিন সেনসিটিভিটি বাড়বে।

আপনার জন্য কিছু কার্যকরী ব্যায়ামের পরামর্শ নিচে দিচ্ছি:

১. কী ধরনের ব্যায়াম করবেন? (Types of Exercise):

হাঁটা (Brisk Walking): এটি ডায়াবেটিস রোগীদের জন্য সবচেয়ে সহজ এবং কার্যকর ব্যায়াম। খুব ধীরে না হেঁটে একটু দ্রুত গতিতে হাঁটবেন যেন আপনার শরীর কিছুটা গরম হয় এবং হালকা ঘাম আসে।
জগিং (Jogging): যদি আপনার হার্টের সমস্যা বা জয়েন্টে ব্যথা না থাকে, তবে আপনি জগিং করতে পারেন। এটি ক্যালোরি বার্ন করতে খুব সাহায্য করে।
সাইক্লিং (Cycling): সাইকেল চালানোও একটি দারুণ কার্ডিও ব্যায়াম।
সুইমিং (Swimming): যদি সুযোগ থাকে, সাঁতার কাটা পুরো শরীরের জন্য খুব ভালো।
স্ট্রেন্থ ট্রেনিং (Strength Training): সপ্তাহে অন্তত ২ দিন হালকা ওজন তোলা বা রেজিস্ট্যান্স ব্যান্ড দিয়ে ব্যায়াম করা উচিত। এতে মাংসপেশি মজবুত হয় এবং গ্লুকোজ ব্যবহার করার ক্ষমতা বাড়ে।
২. দিনে কতক্ষণ ব্যায়াম করবেন? (Duration):

লক্ষ্য: সপ্তাহে অন্তত ১৫০ মিনিট মাঝারি মানের ব্যায়াম (moderate-intensity exercise) করার চেষ্টা করুন।
রুটিন: আপনি চাইলে প্রতিদিন ৩০ মিনিট করে সপ্তাহে ৫ দিন ব্যায়াম করতে পারেন। যদি একবারে ৩০ মিনিট সম্ভব না হয়, তবে ১০ মিনিট করে দিনে ৩ বার ভাগ করে নিতে পারেন।
কিছু জরুরি সতর্কতা (Important Precautions):

হাইপোগ্লাইসেমিয়া চেক করুন: ব্যায়াম করার আগে এবং পরে অবশ্যই আপনার ব্লাড সুগার পরীক্ষা করে নেবেন। ব্যায়ামের সময় সুগার খুব বেশি কমে গেলে (Hypoglycemia) মাথা ঘোরা বা দুর্বল লাগতে পারে। সাথে সবসময় গ্লুকোজ বা মিষ্টি কিছু রাখুন।
জুতো ও পা: ডায়াবেটিস রোগীদের পায়ের যত্ন নেওয়া খুব জরুরি। ব্যায়াম করার সময় আরামদায়ক এবং সঠিক মাপের জুতো পরবেন যাতে পায়ে কোনো ক্ষত বা Blister না হয়।
পানি পান করুন: ব্যায়ামের সময় শরীর হাইড্রেটেড রাখতে পর্যাপ্ত পানি পান করবেন।
শুরু করার আগে: যদি আপনার আগে থেকে হার্টের সমস্যা, উচ্চ রক্তচাপ বা চোখের রেটিনোপ্যাথি (Retinopathy) থাকে, তবে নতুন কোনো ভারী ব্যায়াম শুরু করার আগে অবশ্যই আপনার ডাক্তারের পরামর্শ নিন।
ধৈর্য ধরে নিয়মিত রুটিন মেনে চললে আপনি খুব ভালো ফলাফল পাবেন। নিজের খেয়াল রাখুন!"
Gemma-4-26B-A4B,18,1,Lifestyle and exercise,ডায়াবেটিস হলে কি শরীরের ওজন কমানো জরুরি?,"হ্যাঁ, ডায়াবেটিস ম্যানেজ করার জন্য ওজন কমানো খুবই জরুরি। বিশেষ করে যদি আপনার Type 2 Diabetes থাকে, তবে ওজন নিয়ন্ত্রণে রাখা আপনার চিকিৎসার একটি বড় অংশ।

কেন ওজন কমানো দরকার, তার কিছু কারণ নিচে দিচ্ছি:

১. Insulin Resistance কমানো: অতিরিক্ত ওজনের কারণে আমাদের শরীরের কোষগুলো ইনসুলিন (Insulin) ঠিকমতো ব্যবহার করতে পারে না। ওজন কমলে ইনসুলিন সেনসিটিভিটি বা কার্যকারিতা বাড়ে, ফলে ব্লাড সুগার (Blood Sugar) লেভেল নিয়ন্ত্রণে রাখা সহজ হয়।

২. Sugar Control: গবেষণায় দেখা গেছে, শরীরের ওজনের মাত্র ৫% থেকে ৭% কমাতে পারলেও ডায়াবেটিস নিয়ন্ত্রণে অনেক বড় পরিবর্তন আনা সম্ভব। এতে আপনার গ্লুকোজ লেভেল অনেক স্টেবল থাকে।

৩. Complications রোধ করা: ওজন বেশি থাকলে হার্টের সমস্যা বা উচ্চ রক্তচাপের ঝুঁকি বেড়ে যায়। ওজন কমালে ডায়াবেটিসের কারণে হওয়া জটিলতাগুলো (যেমন: কিডনি বা চোখের সমস্যা) কমানো সম্ভব।

আপনার জন্য কিছু ছোট টিপস:

Diet Control: কার্বোহাইড্রেট বা শর্করা জাতীয় খাবার (ভাত, রুটি) কমিয়ে প্রোটিন এবং প্রচুর শাকসবজি খাওয়ার চেষ্টা করুন।
Physical Activity: প্রতিদিন অন্তত ৩০ মিনিট দ্রুত হাঁটার অভ্যাস করুন।
Portion Control: একবারে অনেক না খেয়ে অল্প অল্প করে বারবার খাওয়ার চেষ্টা করুন।
একটি জরুরি কথা: ওজন কমানোর জন্য হঠাৎ কোনো ডায়েট বা ব্যায়াম শুরু করার আগে আপনার ডাক্তার বা একজন ডায়েটিশিয়ানের (Dietician) সাথে অবশ্যই কথা বলে নিন। কারণ আপনার বর্তমান ব্লাড সুগার লেভেল অনুযায়ী একটি সঠিক প্ল্যান প্রয়োজন।

আপনার কি বর্তমানে ওজন কমানোর জন্য কোনো বিশেষ সমস্যা হচ্ছে? আমাকে জানাতে পারেন।"
Gemma-4-26B-A4B,18,2,Lifestyle and exercise,ডায়াবেটিস হলে কি শরীরের ওজন কমানো জরুরি?,"হ্যাঁ, ডায়াবেটিস ম্যানেজ করার জন্য ওজন কমানো খুবই জরুরি। বিশেষ করে যদি আপনার টাইপ ২ ডায়াবেটিস (Type 2 Diabetes) থাকে, তবে ওজন নিয়ন্ত্রণে রাখা আপনার চিকিৎসার একটি বড় অংশ।

কেন ওজন কমানো দরকার, তার কিছু কারণ নিচে দেওয়া হলো:

১. ইনসুলিন রেজিস্ট্যান্স কমায়: অতিরিক্ত ওজনের কারণে শরীরের কোষগুলো ইনসুলিন ঠিকমতো ব্যবহার করতে পারে না (যাকে insulin resistance বলে)। ওজন কমলে ইনসুলিন আরও ভালো কাজ করতে পারে, ফলে ব্লাড সুগার (Blood Sugar) নিয়ন্ত্রণে রাখা সহজ হয়।

২. সুগার লেভেল নিয়ন্ত্রণ: গবেষণায় দেখা গেছে, শরীরের মোট ওজনের মাত্র ৫% থেকে ৭% কমাতে পারলেও ডায়াবেটিসের ঝুঁকি এবং সুগারের মাত্রা অনেকখানি কমিয়ে আনা সম্ভব।

৩. অন্যান্য জটিলতা রোধ: ওজন নিয়ন্ত্রণে থাকলে ডায়াবেটিসের কারণে হওয়া অন্যান্য সমস্যা যেমন—উচ্চ রক্তচাপ (High Blood Pressure), কোলেস্টেরল এবং হার্টের সমস্যা হওয়ার ঝুঁকি কমে যায়।

আপনার জন্য কিছু ছোট টিপস:

ডায়েট (Diet): কার্বোহাইড্রেট বা শর্করা জাতীয় খাবার (যেমন: সাদা চাল, রুটি, মিষ্টি) কমিয়ে প্রোটিন এবং প্রচুর শাকসবজি খাওয়ার চেষ্টা করুন।
ব্যায়াম (Exercise): প্রতিদিন অন্তত ৩০ মিনিট দ্রুত হাঁটার অভ্যাস করুন।
ধীরে ধীরে শুরু করুন: হঠাৎ করে খুব কঠিন ডায়েট না করে ছোট ছোট পরিবর্তন আনুন।
সতর্কবার্তা: ওজন কমানোর জন্য কোনো ক্রাশ ডায়েট বা অতিরিক্ত ওষুধ নিজে নিজে গ্রহণ করবেন না। কারণ এতে আপনার সুগার অনেক কমে (Hypoglycemia) যেতে পারে, যা বিপজ্জনক। ওজন কমানোর সঠিক প্ল্যান করার জন্য অবশ্যই আপনার ডাক্তার (Doctor) বা একজন ডায়েটিশিয়ানের (Dietician) পরামর্শ নিন।"
Gemma-4-26B-A4B,19,1,Lifestyle and exercise,ডায়াবেটিস রোগীদের জন্য দিনে কতক্ষণ হাঁটা উচিত?,"ডায়াবেটিস কন্ট্রোল করার জন্য নিয়মিত হাঁটা বা physical activity খুবই জরুরি।

সাধারণত একজন ডায়াবেটিস রোগীর জন্য দিনে অন্তত ৩০ থেকে ৪৫ মিনিট দ্রুত হাঁটা (brisk walking) খুব উপকারী। তবে এটি একবারে না করে আপনি চাইলে ভাগ করে নিতে পারেন—যেমন সকালে ২০ মিনিট এবং বিকেলে ২০ মিনিট।

হাঁটার ক্ষেত্রে কিছু জরুরি টিপস মনে রাখবেন:

১. Consistency is key: সপ্তাহে অন্তত ৫ দিন হাঁটার চেষ্টা করবেন। একদিন অনেক বেশি হাঁটার চেয়ে প্রতিদিন অল্প করে হাঁটা বেশি কার্যকর।
২. Intensity: হাঁটার সময় এমন গতিতে হাঁটবেন যেন আপনার হার্ট রেট কিছুটা বাড়ে এবং হালকা ঘাম হয়, কিন্তু আপনি কথা বলতে পারেন (একে বলে moderate intensity)।
৩. Foot Care: হাঁটার সময় অবশ্যই আরামদায়ক এবং সঠিক মাপের জুতো পরবেন। ডায়াবেটিস রোগীদের পায়ের যত্ন নেওয়া খুব জরুরি, তাই কোনো ক্ষত বা Blister হচ্ছে কি না তা খেয়াল রাখবেন।
৪. Check Blood Sugar: ব্যায়াম বা হাঁটার আগে এবং পরে আপনার 'ব্লাড সুগার' (Blood Sugar) লেভেল চেক করে নেওয়া ভালো, যাতে হাইপোগ্লাইসেমিয়া (Hypoglycemia) বা সুগার অনেক কমে যাওয়ার ঝুঁকি না থাকে।
৫. Hydration: হাঁটার সময় সাথে পানির বোতল রাখবেন যেন ডিহাইড্রেশন না হয়।

সতর্কতা: আপনার যদি হার্টের সমস্যা বা অন্য কোনো জটিল শারীরিক অবস্থা থাকে, তবে নতুন কোনো heavy exercise বা দীর্ঘক্ষণ হাঁটার রুটিন শুরু করার আগে অবশ্যই আপনার ডাক্তারের (Doctor) সাথে পরামর্শ করে নিন।"
Gemma-4-26B-A4B,19,2,Lifestyle and exercise,ডায়াবেটিস রোগীদের জন্য দিনে কতক্ষণ হাঁটা উচিত?,"ডায়াবেটিস কন্ট্রোল করার জন্য নিয়মিত হাঁটা বা physical activity খুবই জরুরি।

সাধারণত একজন ডায়াবেটিস রোগীর জন্য প্রতিদিন অন্তত ৩০ থেকে ৪৫ মিনিট দ্রুত গতিতে হাঁটা (brisk walking) খুব উপকারী। সপ্তাহে অন্তত ৫ দিন এই নিয়ম মেনে চলা উচিত।

তবে হাঁটার সময় কিছু বিষয় খেয়াল রাখা দরকার:

১. গতি (Intensity): এমন গতিতে হাঁটবেন যাতে আপনার বুক কিছুটা ধড়ফড় করে বা হালকা ঘাম হয়, কিন্তু আপনি কথা বলতে পারেন (একে বলা হয় moderate intensity)।
২. Consistency: একদিন অনেকক্ষণ হেঁটে পরের কয়েকদিন বসে না থেকে, প্রতিদিন অল্প অল্প করে নিয়মিত হাঁটার অভ্যাস করা বেশি কার্যকর।
৩. ব্লাড সুগার চেক: হাঁটার আগে এবং পরে আপনার 'ব্লাড সুগার' লেভেল চেক করা ভালো, যাতে হাইপোগ্লাইসেমিয়া (সুগার কমে যাওয়া) না হয়।
৪. জুতো ও পা: হাঁটার সময় আরামদায়ক জুতো পরবেন এবং খেয়াল রাখবেন পায়ে কোনো ঘা বা Blister হচ্ছে কি না। ডায়াবেটিস রোগীদের পায়ের যত্ন নেওয়া খুব জরুরি।

একটি বিশেষ সতর্কতা: আপনার যদি হার্টের সমস্যা থাকে বা আগে কখনো বড় কোনো শারীরিক জটিলতা হয়ে থাকে, তবে নতুন কোনো heavy exercise বা দীর্ঘক্ষণ হাঁটার রুটিন শুরু করার আগে অবশ্যই আপনার ডাক্তারের (Doctor) সাথে পরামর্শ করে নিন।

আপনার শরীর কেমন লাগছে? আপনি কি বর্তমানে নিয়মিত হাঁটছেন?"
Gemma-4-26B-A4B,20,1,Lifestyle and exercise,ডায়াবেটিস রোগীদের জন্য খালি পেটে হাঁটা ভালো নাকি খাওয়ার পর?,"আসলে ডায়াবেটিস রোগীদের জন্য কখন হাঁটবেন, সেটা নির্ভর করে আপনার শরীরের অবস্থা এবং আপনি কীভাবে রেসপন্স করছেন তার ওপর। তবে সাধারণভাবে নিচের বিষয়গুলো খেয়াল রাখা জরুরি:

১. খাওয়ার পর হাঁটা (Post-meal walk): ডায়াবেটিস রোগীদের জন্য খাওয়ার ৩০-৪৫ মিনিট পর হালকা হাঁটা সবচেয়ে বেশি কার্যকরী। এতে 'postprandial glucose' বা খাওয়ার পর ব্লাড সুগার হঠাৎ বেড়ে যায় না। এটি ইনসুলিন সেনসিটিভিটি বাড়াতে সাহায্য করে।

২. খালি পেটে হাঁটা (Fasting walk): সকালে খালি পেটে হাঁটলে ক্যালরি বার্ন ভালো হয়, কিন্তু ডায়াবেটিস রোগীদের ক্ষেত্রে একটা রিস্ক থাকে— Hypoglycemia বা ব্লাড সুগার অনেক বেশি কমে যাওয়া। যদি আপনার সুগার লেভেল এমনিতেই লো থাকে, তবে খালি পেটে হাঁটলে মাথা ঘোরা বা শরীর খারাপ লাগতে পারে।

আমার পরামর্শ (My Advice):

আপনার যদি ব্লাড সুগার নিয়ন্ত্রণে থাকে, তবে আপনি সকালে খালি পেটে হাঁটতে পারেন। কিন্তু হাঁটার আগে অবশ্যই ব্লাড সুগার চেক করে নেবেন।
যদি দেখেন খালি পেটে হাঁটলে শরীর দুর্বল লাগছে বা বুক ধড়ফড় করছে, তবে অবশ্যই ভরা পেটে বা হালকা কিছু খেয়ে (যেমন একটি বিস্কুট বা ফল) হাঁটবেন।
সবচেয়ে ভালো হলো, দুপুরের বা রাতের খাবারের ৩০ মিনিট পর অন্তত ১৫-২০ মিনিট ধীরগতিতে হাঁটা।
সতর্কতা (Warning):
যদি হাঁটার সময় আপনার চোখে ঝাপসা লাগে, অতিরিক্ত ঘাম হয় বা শরীর খুব দুর্বল মনে হয়, তবে সাথে সাথে হাঁটা থামিয়ে দিন এবং কিছু মিষ্টি বা গ্লুকোজ খেয়ে নিন। আর যদি এই সমস্যা বারবার হয়, তবে অবশ্যই আপনার ডাক্তারের (Doctor) সাথে কথা বলুন এবং আপনার ইনসুলিন বা ওষুধের ডোজ নিয়ে পরামর্শ করুন।"
Gemma-4-26B-A4B,20,2,Lifestyle and exercise,ডায়াবেটিস রোগীদের জন্য খালি পেটে হাঁটা ভালো নাকি খাওয়ার পর?,"আসলে ডায়াবেটিস রোগীদের জন্য কখন হাঁটবেন, সেটা নির্ভর করে আপনার ব্লাড সুগার লেভেল এবং আপনার শরীরের অবস্থার ওপর। তবে সাধারণ কিছু নিয়ম নিচে দেওয়া হলো:

১. খাওয়ার পর হাঁটা (Post-meal Walk):
ডায়াবেটিস রোগীদের জন্য খাওয়ার ৩০ থেকে ৪৫ মিনিট পর হালকা হাঁটা সবচেয়ে বেশি কার্যকরী। একে 'Postprandial walk' বলা হয়। এতে খাওয়ার পর রক্তে সুগারের মাত্রা (Blood sugar spike) হঠাৎ করে বেড়ে যায় না। এটি ইনসুলিন সেনসিটিভিটি বাড়াতে সাহায্য করে।

২. খালি পেটে হাঁটা (Fasting Walk):
সকালে খালি পেটে হাঁটলে মেদ বা ওজন কমানো সহজ হয়। কিন্তু সমস্যা হলো, অনেক সময় খালি পেটে হাঁটলে হাইপোগ্লাইসেমিয়া (Hypoglycemia) বা ব্লাড সুগার অতিরিক্ত কমে যাওয়ার ঝুঁকি থাকে। যদি আপনার সুগার লেভেল এমনিতেই লো থাকে, তবে খালি পেটে হাঁটা বিপজ্জনক হতে পারে।

আমার পরামর্শ (Doctor's Advice):

আপনার জন্য কোনটি ভালো? যদি আপনার রাতে ঘুমানোর পর সকালে সুগার লেভেল ঠিক থাকে, তবে আপনি হালকা হাঁটতে পারেন। কিন্তু যদি আপনার সুগার প্রায়ই লো হয়ে যায়, তবে অবশ্যই খাওয়ার পর হাঁটা আপনার জন্য সবচেয়ে নিরাপদ।
সতর্কতা: হাঁটার সময় যদি মাথা ঘোরা, বুক ধড়ফড় করা বা অতিরিক্ত ঘাম হওয়ার মতো লক্ষণ দেখেন, তবে সাথে সাথে হাঁটা থামিয়ে দিন এবং কিছু মিষ্টি বা গ্লুকোজ খেয়ে নিন।
Consistency is key: প্রতিদিন অন্তত ৩০ মিনিট হাঁটার চেষ্টা করুন।
একটি জরুরি কথা: আপনার সুগার লেভেল কত থাকে এবং আপনার জন্য কোন সময়টি সবচেয়ে নিরাপদ, তা নিশ্চিত করতে আপনার ডাক্তারের (Doctor) সাথে একবার কথা বলে নেওয়া সবচেয়ে ভালো। কারণ প্রত্যেকের ব্লাড সুগারের প্যাটার্ন আলাদা হয়।"
Gemma-4-26B-A4B,21,1,Lifestyle and exercise,ডায়াবেটিস রোগীরা কি স্মোকিং করতে পারবে?,"দেখুন, একদম সরাসরি এবং পরিষ্কার করে বলছি—ডায়াবেটিস রোগীদের জন্য ধূমপান বা smoking করা খুবই বিপজ্জনক। আপনি যদি ডায়াবেটিসে আক্রান্ত হন, তবে smoking আপনার শরীরের জন্য অনেক বড় ঝুঁকি তৈরি করতে পারে।

কেন এটি করবেন না, তার কিছু முக்கியமான কারণ নিচে দেওয়া হলো:

১. Cardiovascular Risk (হার্টের সমস্যা): ধূমপানের ফলে রক্তনালী বা blood vessels শক্ত হয়ে যায় এবং সরু হয়ে যায়। ডায়াবেটিস রোগীদের ক্ষেত্রে এর ফলে হার্ট অ্যাটাক (Heart Attack) বা স্ট্রোক (Stroke) হওয়ার ঝুঁকি বহুগুণ বেড়ে যায়।

২. Blood Sugar Control: ধূমপান করলে শরীরের insulin resistance বেড়ে যেতে পারে, যার ফলে আপনার ব্লাড সুগার (Blood Sugar) নিয়ন্ত্রণে রাখা অনেক কঠিন হয়ে পড়ে।

৩. Nerve Damage (স্নায়ুর ক্ষতি): ডায়াবেটিস রোগীদের প্রায়ই neuropathy বা স্নায়ুর সমস্যা হয়। smoking এই সমস্যাকে আরও খারাপ করে দেয়, যা হাত বা পায়ের অনুভূতি কমিয়ে দিতে পারে।

৪. Kidney & Eye Problems: ধূমপান করলে কিডনি নষ্ট হওয়ার ঝুঁকি (Nephropathy) এবং চোখের রেটিনার ক্ষতি (Retinopathy) হওয়ার সম্ভাবনা অনেক বেড়ে যায়।

৫. Wound Healing (ক্ষত শুকানো): ডায়াবেটিস রোগীদের ছোটখাটো ক্ষত বা ঘা শুকাতে দেরি হয়। smoking রক্ত সঞ্চালন কমিয়ে দেয়, ফলে শরীরের কোনো ক্ষত সারাতে অনেক বেশি সময় লাগে।

আমার পরামর্শ:
আপনি যদি smoker হয়ে থাকেন, তবে এখনই এটি ছাড়ার চেষ্টা করুন। এটি একবারে করা কঠিন হতে পারে, কিন্তু আপনার দীর্ঘমেয়াদী সুস্থতার জন্য এটি সবচেয়ে জরুরি।

যদি আপনার ধূমপানের কারণে শ্বাসকষ্ট বা বুকে ব্যথা অনুভব করেন, তবে দেরি না করে অবশ্যই একজন ডাক্তারের সাথে সরাসরি পরামর্শ করুন। নিজের যত্ন নিন।"
Gemma-4-26B-A4B,21,2,Lifestyle and exercise,ডায়াবেটিস রোগীরা কি স্মোকিং করতে পারবে?,"দেখুন, একদম সহজ করে বলতে গেলে—না, ডায়াবেটিস রোগীদের জন্য স্মোকিং করা খুবই বিপজ্জনক। একজন ডাক্তার হিসেবে আমি আপনাকে এটা কড়াভাবে নিষেধ করবো।

কেন স্মোকিং করবেন না, তার কিছু কারণ নিচে দিচ্ছি:

১. কার্ডিওভাসকুলার রিস্ক (Cardiovascular Risk): ডায়াবেটিস থাকলে এমনিতেই হার্টের সমস্যা হওয়ার ভয় থাকে। আপনি যদি ধূমপান করেন, তবে আপনার হার্ট অ্যাটাক (Heart Attack) এবং স্ট্রোক (Stroke) হওয়ার ঝুঁকি বহুগুণ বেড়ে যায়।

২. ব্লাড সুগার কন্ট্রোল (Blood Sugar Control): স্মোকিং করলে শরীরের ইনসুলিন রেজিস্ট্যান্স (Insulin Resistance) বেড়ে যেতে পারে। এর ফলে আপনার ব্লাড সুগার (Blood Sugar) নিয়ন্ত্রণ করা অনেক কঠিন হয়ে পড়বে।

৩. রক্তনালী ও স্নায়ুর ক্ষতি (Vascular & Nerve Damage): ধূমপানের ফলে রক্তনালী সরু হয়ে যায়, যা ডায়াবেটিক কমপ্লিকেশন যেমন—পায়ে ঘা হওয়া (Diabetic Foot), কিডনি সমস্যা এবং চোখের দৃষ্টিশক্তি কমে যাওয়ার ঝুঁকি বাড়িয়ে দেয়।

৪. ক্ষত শুকাতে দেরি হওয়া: স্মোকিং করলে শরীরে অক্সিজেন সরবরাহ কমে যায়, যার ফলে ডায়াবেটিসের কারণে হওয়া ছোটখাটো ক্ষত বা ঘা শুকাতে অনেক বেশি সময় লাগে।

আমার পরামর্শ:
আপনি যদি বর্তমানে ধূমপান করেন, তবে আজই এটা ছাড়ার চেষ্টা করুন। এটা শুরুতে কঠিন মনে হতে পারে, কিন্তু আপনার সুস্থ জীবনের জন্য এটি সবচেয়ে জরুরি পদক্ষেপ। আপনি চাইলে কোনো বিশেষজ্ঞ ডাক্তারের (Physician) সাথে কথা বলতে পারেন 'Smoking Cessation Program' এর জন্য।

নিজের যত্ন নিন। আপনার আর কোনো প্রশ্ন থাকলে আমাকে নির্দ্বিধায় করতে পারেন।"
Gemma-4-26B-A4B,22,1,Complications and safety,ডায়াবেটিস থেকে কী কী সমস্যা বা জটিলতা হতে পারে?,"ডায়াবেটিস যদি ঠিকমতো কন্ট্রোল করা না হয়, তবে শরীরের অনেকগুলো গুরুত্বপূর্ণ অঙ্গপ্রত্যঙ্গে বড় ধরনের জটিলতা বা complications দেখা দিতে পারে। এটাকে আমরা 'ডায়াবেটিক কমপ্লিকেশনস' বলতে পারি। প্রধান সমস্যাগুলো নিচে দেওয়া হলো:

১. কিডনির সমস্যা (Nephropathy): দীর্ঘদিনের হাই ব্লাড সুগার কিডনির ফিল্টারিং ক্ষমতা নষ্ট করে দিতে পারে, যাকে আমরা 'কিডনি ফেইলিওর' বলি।

২. চোখের সমস্যা (Retinopathy): চোখের রেটিনার রক্তনালী ক্ষতিগ্রস্ত হতে পারে, যার ফলে দৃষ্টিশক্তি কমে যাওয়া বা এমনকি অন্ধত্ব (Blindness) পর্যন্ত হতে পারে।

৩. হার্ট ও স্ট্রোক (Cardiovascular Disease): ডায়াবেটিস থাকলে হার্ট অ্যাটাক এবং স্ট্রোকের ঝুঁকি অনেক বেড়ে যায়। রক্তনালী সরু হয়ে যাওয়ার কারণে হার্টের সমস্যা দেখা দেয়।

৪. নার্ভ বা স্নায়ুর সমস্যা (Neuropathy): বিশেষ করে হাত ও পায়ের নার্ভ ক্ষতিগ্রস্ত হয়। এর ফলে হাত-পা ঝিনঝিন করা, অবশ হয়ে যাওয়া বা ব্যথা হওয়ার মতো সমস্যা হতে পারে।

৫. পায়ের সমস্যা (Diabetic Foot): পায়ের সেনসেশন বা অনুভূতি কমে যাওয়ায় ছোটখাটো ক্ষত বোঝা যায় না। ইনফেকশন ছড়িয়ে পড়ে ঘা তৈরি হতে পারে, যা অনেক সময় মারাত্মক আকার ধারণ করে।

৬. ত্বকের সমস্যা ও ইনফেকশন: ডায়াবেটিস থাকলে ত্বকে চুলকানি বা ব্যাকটেরিয়াল ও ফাঙ্গাল ইনফেকশন খুব দ্রুত ছড়ায়।

আমার পরামর্শ:
এই জটিলতাগুলো থেকে বাঁচার একমাত্র উপায় হলো নিয়মিত ব্লাড সুগার (Blood Sugar) চেক করা, সঠিক ডায়েট (Diet) মেনে চলা এবং ডাক্তারের পরামর্শ অনুযায়ী নিয়মিত ওষুধ বা ইনসুলিন (Insulin) গ্রহণ করা।

আপনার যদি বর্তমানে কোনো অস্বাভাবিক লক্ষণ (যেমন: চোখে ঝাপসা দেখা বা পায়ে ক্ষত) দেখা দেয়, তবে দেরি না করে দ্রুত আপনার ডাক্তার দেখান। সুস্থ থাকুন!"
Gemma-4-26B-A4B,22,2,Complications and safety,ডায়াবেটিস থেকে কী কী সমস্যা বা জটিলতা হতে পারে?,"ডায়াবেটিস ঠিকমতো কন্ট্রোল না করলে শরীরে অনেক ধরনের জটিলতা বা complication দেখা দিতে পারে। এটি শুধু রক্তের সুগারের বিষয় নয়, বরং পুরো শরীরের বিভিন্ন অঙ্গপ্রত্যঙ্গকে প্রভাবিত করতে পারে।

প্রধান কিছু সমস্যা নিচে দেওয়া হলো:

১. কিডনির সমস্যা (Nephropathy): দীর্ঘসময় ব্লাড সুগার বেশি থাকলে কিডনি ক্ষতিগ্রস্ত হতে পারে, যাকে আমরা 'কিডনি ফেইলিওর' বলি। এর ফলে প্রস্রাবে প্রোটিন বা অ্যালবুমিন চলে আসতে পারে।

২. চোখের সমস্যা (Retinopathy): চোখের রেটিনার সূক্ষ্ম রক্তনালীগুলো ক্ষতিগ্রস্ত হলে দৃষ্টিশক্তি কমে যেতে পারে বা এমনকি অন্ধত্ব (blindness) হতে পারে। এছাড়া গ্লুকোমা বা ছানি পড়ার ঝুঁকিও বেড়ে যায়।

৩. হার্ট ও স্ট্রোক (Cardiovascular Disease): ডায়াবেটিস থাকলে হার্ট অ্যাটাক এবং স্ট্রোক হওয়ার ঝুঁকি অনেক বেশি থাকে। রক্তনালী সরু হয়ে যাওয়ায় রক্ত চলাচল বাধাগ্রস্ত হয়।

৪. নার্ভের সমস্যা (Neuropathy): সুগার বেশি থাকলে হাতের বা পায়ের নার্ভ ক্ষতিগ্রস্ত হয়। এর ফলে হাত-পা ঝিনঝিন করা, অবশ হয়ে যাওয়া বা ব্যথা করার মতো সমস্যা দেখা দেয়। বিশেষ করে পায়ের ক্ষত (Diabetic Foot) হওয়ার ঝুঁকি থাকে।

৫. ত্বকের সমস্যা (Skin Problems): ত্বকে ইনফেকশন, চুলকানি বা ঘা হওয়ার প্রবণতা বেড়ে যায়।

৬. দাঁতের সমস্যা: মাড়িতে ইনফেকশন বা দাঁত ক্ষয় হওয়ার সম্ভাবনা থাকে।

আমার পরামর্শ:
এই জটিলতাগুলো এড়ানোর সবচেয়ে ভালো উপায় হলো নিয়মিত ব্লাড সুগার (Blood Sugar) চেক করা, সঠিক ডায়েট (Diet) মেনে চলা এবং ডাক্তারের পরামর্শ অনুযায়ী ওষুধ বা ইনসুলিন (Insulin) নিয়মিত ব্যবহার করা।

আপনার যদি ইতিমধ্যে কোনো অস্বাভাবিক লক্ষণ (যেমন: হাত-পা ঝিনঝিন করা বা চোখে ঝাপসা দেখা) দেখা দেয়, তবে দেরি না করে দ্রুত একজন বিশেষজ্ঞ ডাক্তারের (Endocrinologist) পরামর্শ নিন।"
Gemma-4-26B-A4B,23,1,Complications and safety,ডায়াবেটিস হলে পায়ের কেন বেশি যত্ন নিতে হয়?,"আপনার প্রশ্নটি খুবই গুরুত্বপূর্ণ। ডায়াবেটিস রোগীদের জন্য পায়ের যত্ন নেওয়া (Foot care) প্রাণ বাঁচানোর মতো জরুরি। এর প্রধান কিছু কারণ নিচে সহজভাবে বুঝিয়ে বলছি:

১. নিউরোপ্যাথি (Neuropathy): দীর্ঘসময় ব্লাড সুগার (Blood sugar) নিয়ন্ত্রণে না থাকলে পায়ের নার্ভ বা স্নায়ু ক্ষতিগ্রস্ত হয়। একে আমরা 'নিউরোপ্যাথি' বলি। এর ফলে পায়ে কোনো চোট লাগলে, কেটে গেলে বা পুঁজ হলে রোগী অনেক সময় ব্যথা অনুভব করেন না। আপনি বুঝতেই পারবেন না যে আপনার পায়ে কোনো সমস্যা হয়েছে।

২. রক্ত চলাচলের সমস্যা (Poor Circulation): ডায়াবেটিস থাকলে পায়ের রক্তনালীগুলো সরু হয়ে যায়, ফলে পায়ে রক্ত চলাচল কমে যায়। এর কারণে যেকোনো ক্ষত বা ঘা শুকাতে অনেক বেশি সময় লাগে।

৩. ইনফেকশনের ঝুঁকি (Risk of Infection): যেহেতু রক্ত চলাচল কম এবং ক্ষত দ্রুত শুকায় না, তাই সামান্য ছোট ক্ষত থেকেও মারাত্মক ইনফেকশন হতে পারে। এই ইনফেকশন যদি ঠিক সময়ে ধরা না পড়ে, তবে তা 'ডায়াবেটিক ফুট আলসার' (Diabetic foot ulcer) বা গ্যাংরিনে (Gangrene) পরিণত হতে পারে, যা অনেক সময় পা কেটে ফেলার কারণ হয়ে দাঁড়ায়।

আপনার জন্য কিছু জরুরি টিপস:

প্রতিদিন চেক করুন: প্রতিদিন রাতে ঘুমানোর আগে আয়না দিয়ে পায়ের তলা, আঙুলের ফাঁক এবং নখ ভালো করে পরীক্ষা করুন। কোনো লালচে দাগ, ফোলা ভাব বা ছোট ক্ষত আছে কি না দেখুন।
ময়েশ্চারাইজার ব্যবহার করুন: পা যেন ফেটে না যায়, সেজন্য লোশন বা ময়েশ্চারাইজার ব্যবহার করুন। তবে খেয়াল রাখবেন, আঙুলের ফাঁকে যেন ক্রিম না লাগে, কারণ সেখানে আর্দ্রতা থাকলে ফাঙ্গাল ইনফেকশন হতে পারে।
সঠিক জুতো পরুন: সবসময় আরামদায়ক এবং সঠিক মাপের জুতো পরবেন। খালি পায়ে হাঁটবেন না, এমনকি ঘরের ভেতরেও।
নখ কাটার নিয়ম: নখ খুব ছোট করে কাটবেন না বা কোণা দিয়ে বেশি কাটবেন না, এতে ইনগ্রোন নেল (Ingrown nail) বা ক্ষত হতে পারে।
সতর্কবার্তা: যদি দেখেন আপনার পায়ে কোনো ঘা হয়েছে, পুঁজ বের হচ্ছে বা পা ফুলে গেছে, তবে দেরি না করে অবিলম্বে একজন ডাক্তার বা বিশেষজ্ঞ দেখান। নিজে নিজে কোনো ওষুধ বা মলম ব্যবহার করবেন না।"
Gemma-4-26B-A4B,23,2,Complications and safety,ডায়াবেটিস হলে পায়ের কেন বেশি যত্ন নিতে হয়?,"ডায়াবেটিস থাকলে পায়ের বিশেষ যত্ন নেওয়া খুব জরুরি। এর প্রধান কিছু কারণ নিচে সহজভাবে বুঝিয়ে বলছি:

১. নিউরোপ্যাথি (Neuropathy): দীর্ঘদিনের হাই ব্লাড সুগার (High Blood Sugar) হওয়ার কারণে পায়ের নার্ভ বা স্নায়ু ক্ষতিগ্রস্ত হতে পারে। একে আমরা 'নিউরোপ্যাথি' বলি। এর ফলে পায়ে ব্যথা, ঝিনঝিন করা বা অবশ ভাব অনুভূত হতে পারে। অনেক সময় ছোটখাটো কোনো ক্ষত বা চোট লাগলেও রোগী তা টের পান না। ফলে ইনফেকশন বড় আকার ধারণ করতে পারে।

২. দুর্বল রক্ত সঞ্চালন (Poor Circulation): ডায়াবেটিস শরীরের রক্ত চলাচলের ক্ষমতা কমিয়ে দেয়। পায়ের পাতায় রক্ত চলাচল কমে গেলে ক্ষত বা ঘা শুকাতে অনেক বেশি সময় লাগে।

৩. ইনফেকশনের ঝুঁকি: ব্লাড সুগার নিয়ন্ত্রণে না থাকলে শরীরের রোগ প্রতিরোধ ক্ষমতা কমে যায়। ফলে পায়ের সামান্য আঁচড় বা ফাটল থেকেও খুব দ্রুত ব্যাকটেরিয়াল ইনফেকশন হতে পারে।

আপনার জন্য কিছু জরুরি টিপস:

প্রতিদিন রাতে ঘুমানোর আগে ভালো করে পা চেক করুন—দেখুন কোথাও কোনো লাল দাগ, ফোলা ভাব বা ক্ষত আছে কি না।
কখনও খালি পায়ে হাঁটবেন না। সবসময় আরামদায়ক এবং সঠিক মাপের জুতা পরবেন।
পা পরিষ্কার ও শুকনো রাখুন। বিশেষ করে আঙুলের ফাঁকে যেন আর্দ্রতা না থাকে।
যদি পায়ে কোনো ক্ষত বা ঘা দেখতে পান যা শুটছে না, তবে দেরি না করে দ্রুত আপনার ডাক্তার দেখান।
মনে রাখবেন, পায়ের যত্ন নেওয়া মানে হলো ডায়াবেটিস ম্যানেজমেন্টের একটি বড় অংশ। আপনার ব্লাড সুগার নিয়ন্ত্রণে রাখা সবচেয়ে বেশি জরুরি।"
Gemma-4-26B-A4B,24,1,Complications and safety,ডায়াবেটিস রোগীর সুগার কমে গেলে কিভাবে বুঝব এবং কী কী পদক্ষেপ নেব?,"আপনার প্রশ্নটি খুবই গুরুত্বপূর্ণ। ডায়াবেটিস রোগীদের জন্য হাইপোগ্লাইসেমিয়া বা ব্লাড সুগার কমে যাওয়া একটি জরুরি অবস্থা। এটি ঠিকমতো না চিনলে বিপদ হতে পারে।

নিচে আমি বিস্তারিত বুঝিয়ে বলছি:

১. কীভাবে বুঝবেন সুগার কমে গেছে? (Symptoms)
আপনার শরীরে নিচের লক্ষণগুলো দেখা দিলে বুঝতে হবে আপনার ব্লাড সুগার (Blood Sugar) কমে গেছে:

অতিরিক্ত ঘাম হওয়া: হঠাৎ করে শরীর ঠান্ডা হয়ে ঘেমে যাওয়া।
কাঁপুনি: হাত বা শরীর কাঁপতে শুরু করা (Trembling)।
দুর্বলতা ও বুক ধড়ফড় করা: হঠাৎ খুব দুর্বল লাগা বা হার্টবিট বেড়ে যাওয়া।
মাথা ঘোরা: মাথা ঝিমঝিম করা বা চোখে অন্ধকার দেখা।
খুব বেশি ক্ষুধা লাগা: প্রচণ্ড খিদে পাওয়া।
মেজাজ পরিবর্তন: হঠাৎ রেগে যাওয়া, অস্থির হওয়া বা কনফিউশন (Confusion) তৈরি হওয়া।
পছন্দহীন অনুভূতি: শরীর অস্বাভাবিক বা অবশ মনে হওয়া।
২. সুগার কমে গেলে তাৎক্ষণিক কী করবেন? (Immediate Steps)
যদি আপনি বুঝতে পারেন সুগার কমে গেছে, তবে দেরি না করে '১৫-১৫ রুল' (15-15 Rule) অনুসরণ করুন:

ধাপ ১: দ্রুত ১৫ গ্রাম কার্বোহাইড্রেট বা চিনিযুক্ত কিছু মুখে দিন। যেমন:
৩-৪ চামচ চিনি বা গ্লুকোজ পানির সাথে মিশিয়ে খাওয়া।
আধা কাপ ফলের রস (Fruit Juice)।
১ টেবিল চামচ মধু।
বা ৩-৪টি গ্লুকোজ বিস্কুট।
ধাপ ২: খাওয়ার পর ১৫ মিনিট অপেক্ষা করুন। এরপর আবার ব্লাড সুগার চেক করুন।
ধাপ ৩: যদি সুগার এখনো কম থাকে (৭০ mg/dL এর নিচে), তবে আবার ১৫ গ্রাম চিনিযুক্ত কিছু খান এবং আরও ১৫ মিনিট পর চেক করুন।
৩. সতর্কবার্তা ও পরবর্তী করণীয়
সতর্কতা: রোগী যদি জ্ঞান হারিয়ে ফেলে বা কথা বলতে না পারে, তবে তাকে মুখে কোনো খাবার বা তরল দেওয়ার চেষ্টা করবেন না (এতে দম আটকে যেতে পারে)। এমন অবস্থায় অবিলম্বে হাসপাতালে নিয়ে যান।
পরবর্তী পদক্ষেপ: সুগার স্বাভাবিক হওয়ার পর একটি ছোট স্ন্যাকস (যেমন: রুটি বা বিস্কুট) খেয়ে নিন যাতে সুগার আবার কমে না যায়।
ডাক্তারের পরামর্শ: আপনার যদি বারবার সুগার কমে যাওয়ার সমস্যা হয়, তবে অবশ্যই আপনার ডাক্তারকে (Doctor) জানান। আপনার ইনসুলিন (Insulin) বা ওরাল মেডিসিনের (Oral Medicine) ডোজ পরিবর্তন করার প্রয়োজন আছে কি না, তা ডাক্তার ঠিক করবেন।
সবসময় সাথে গ্লুকোজ বা চকলেট রাখার চেষ্টা করবেন। নিজের যত্ন নিন!"
Gemma-4-26B-A4B,24,2,Complications and safety,ডায়াবেটিস রোগীর সুগার কমে গেলে কিভাবে বুঝব এবং কী কী পদক্ষেপ নেব?,"আপনার এই প্রশ্নটি খুবই গুরুত্বপূর্ণ। ডায়াবেটিস রোগীদের জন্য হাইপোগ্লাইসেমিয়া বা ব্লাড সুগার কমে যাওয়া একটি জরুরি অবস্থা। এটি বুঝতে পারা এবং দ্রুত ব্যবস্থা নেওয়া খুব দরকার।

১. কীভাবে বুঝবেন সুগার কমে গেছে? (Symptoms of Low Blood Sugar)
যদি আপনার ব্লাড সুগার ৭০ mg/dL এর নিচে নেমে যায়, তবে নিচের লক্ষণগুলো দেখা দিতে পারে:

অত্যধিক ঘাম হওয়া: শরীর ঠান্ডা হয়ে ঘেমে যাওয়া।
কাঁপুনি: হাত বা শরীর কাঁপতে থাকা (Trembling)।
দুর্বলতা ও বুক ধড়ফড় করা: হঠাৎ খুব দুর্বল লাগা বা Heart palpitations হওয়া।
মাথা ঘোরা: মাথা ঝিমঝিম করা বা চোখে অন্ধকার দেখা।
খিদে পাওয়া: প্রচণ্ড ক্ষুধা লাগা।
মেজাজ পরিবর্তন: কথা বলতে সমস্যা হওয়া, কনফিউশন বা খিটখিটে মেজাজ।
ঘাম ও বুক ধড়ফড়: শরীর ঠান্ডা হয়ে যাওয়া এবং ঘামানো।
২. সুগার কমে গেলে কী কী পদক্ষেপ নেবেন? (Immediate Steps)
যদি আপনি বুঝতে পারেন আপনার সুগার কমে গেছে, তবে দেরি না করে ""১৫-১৫ রুল"" (15-15 Rule) অনুসরণ করুন:

ধাপ ১ (১৫ গ্রাম দ্রুত শর্করা): দ্রুত ১৫ গ্রাম কার্বোহাইড্রেট গ্রহণ করুন। যেমন:
৩-৪ চামচ চিনি বা গ্লুকোজ পানিতে মিশিয়ে খাওয়া।
১ কাপ ফলের রস (Fruit Juice)।
১ টেবিল চামচ মধু।
অথবা ৩-৪টি গ্লুকোজ বিস্কুট।
ধাপ ২ (১৫ মিনিট অপেক্ষা): খাবার খাওয়ার পর ১৫ মিনিট বিশ্রাম নিন এবং এরপর আবার ব্লাড সুগার চেক করুন।
ধাপ ৩ (পুনরায় পরীক্ষা): যদি দেখেন সুগার এখনো ৭০ mg/dL এর নিচে আছে, তবে আবার ১৫ গ্রাম শর্করা গ্রহণ করুন এবং ১৫ মিনিট পর আবার চেক করুন।
৩. কখন ডাক্তার বা হাসপাতালে যাবেন? (When to see a doctor)
যদি বারবার সুগার কমে যায় (Frequent episodes)।
যদি চিনি খাওয়ার পরও সুগার না বাড়ে।
যদি রোগী অজ্ঞান হয়ে যায় বা কথা বলার ক্ষমতা হারিয়ে ফেলে (এমন অবস্থায় মুখে কিছু দেবেন না, দ্রুত অ্যাম্বুলেন্স ডাকুন বা হাসপাতালে নিয়ে যান)।
বিশেষ পরামর্শ:
আপনার যদি প্রায়ই এমন হয়, তবে আপনার ডাক্তারকে জানান। তিনি হয়তো আপনার ইনসুলিন (Insulin) বা ওরাল মেডিসিনের ডোজ পরিবর্তন করে দিতে পারেন। আর সবসময় সাথে কিছু গ্লুকোজ বা চকলেট রাখার অভ্যাস করবেন।

নিজের যত্ন নিন, সুস্থ থাকুন।"
Gemma-4-26B-A4B,25,1,Complications and safety,ডায়াবেটিস থাকলে কি হার্ট অ্যাটাকের ঝুঁকি বেড়ে যায়?,"হ্যাঁ, একদম ঠিক ধরেছেন। ডায়াবেটিস থাকলে হার্ট অ্যাটাকের (Heart Attack) ঝুঁকি অনেকটাই বেড়ে যায়। এটাকে আমরা medically 'increased cardiovascular risk' বলি।

এর কারণগুলো একটু সহজভাবে বুঝিয়ে বলছি:

১. Blood Vessels বা রক্তনালীর ক্ষতি: যখন আপনার রক্তে সুগারের পরিমাণ (Blood Sugar) অনেক বেশি থাকে, তখন সেটা সময়ের সাথে সাথে আপনার হৃদপিণ্ডের রক্তনালীগুলোর (Arteries) দেয়ালকে ক্ষতিগ্রস্ত করে। এতে রক্তনালীতে চর্বি বা কোলেস্টেরল জমে 'Plaque' তৈরি হয়, যাকে আমরা 'Atherosclerosis' বলি।

২. High Blood Pressure ও Cholesterol: ডায়াবেটিস রোগীদের ক্ষেত্রে প্রায়ই উচ্চ রক্তচাপ (High Blood Pressure) এবং খারাপ কোলেস্টেরল (LDL) বেড়ে যাওয়ার প্রবণতা থাকে। এই তিনটি বিষয় (Diabetes, Hypertension, Hyperlipidemia) মিলে হার্ট অ্যাটাকের ঝুঁকি বহুগুণ বাড়িয়ে দেয়।

৩. Nerve Damage: দীর্ঘদিনের অনিয়ন্ত্রিত ডায়াবেটিসের কারণে হৃদপিণ্ডের স্নায়ু বা নার্ভ ক্ষতিগ্রস্ত হতে পারে, যার ফলে অনেক সময় হার্ট অ্যাটাক হলেও বুকে ব্যথা হওয়ার মতো লক্ষণগুলো বোঝা যায় না (একে Silent Heart Attack বলা হয়)।

আপনার যা করা উচিত (Prevention Tips):

Blood Sugar Control: নিয়মিত ব্লাড সুগার চেক করুন এবং ডাক্তার দেখানো অনুযায়ী ওষুধ বা 'ইনসুলিন' (Insulin) মেনে চলুন।
Diet Management: চিনি, মিষ্টি এবং অতিরিক্ত কার্বোহাইড্রেট কমিয়ে প্রোটিন ও শাকসবজি বেশি খান।
Regular Checkup: শুধু সুগার নয়, নিয়মিত আপনার Blood Pressure এবং Cholesterol লেভেল পরীক্ষা করান।
Lifestyle: প্রতিদিন অন্তত ৩০ মিনিট হাঁটাচলা বা হালকা ব্যায়াম করার চেষ্টা করুন।
সতর্কবার্তা (Warning):
যদি আপনার হঠাৎ বুকে প্রচণ্ড ব্যথা, শ্বাসকষ্ট বা বাম হাতে ব্যথা অনুভব করেন, তবে দেরি না করে অবিলম্বে নিকটস্থ হাসপাতালের জরুরি বিভাগে (Emergency) যোগাযোগ করুন।"
Gemma-4-26B-A4B,25,2,Complications and safety,ডায়াবেটিস থাকলে কি হার্ট অ্যাটাকের ঝুঁকি বেড়ে যায়?,"হ্যাঁ, একদম ঠিক ধরেছেন। ডায়াবেটিস থাকলে হার্ট অ্যাটাকের (Heart Attack) ঝুঁকি অনেকটা বেড়ে যায়। এটাকে আমরা medically 'increased cardiovascular risk' বলি।

কেন এমন হয়, তার কিছু সহজ কারণ নিচে দিচ্ছি:

১. Blood Vessels বা রক্তনালীর ক্ষতি: যখন ব্লাড সুগার (Blood Sugar) অনেক বেশি থাকে, তখন দীর্ঘসময়ে আমাদের শরীরের রক্তনালীগুলোর দেয়াল ক্ষতিগ্রস্ত হয়। এতে রক্তনালীতে কোলেস্টেরল বা চর্বি জমে 'plaque' তৈরি করে, যা ধমনী সরু করে দেয়। একে আমরা 'Atherosclerosis' বলি।

২. High Blood Pressure ও Cholesterol: ডায়াবেটিস রোগীদের ক্ষেত্রে প্রায়ই হাই ব্লাড প্রেশার এবং খারাপ কোলেস্টেরল (LDL) বেড়ে যাওয়ার প্রবণতা থাকে। এই তিনটি জিনিস মিলে হার্টের ওপর অনেক বেশি চাপ সৃষ্টি করে।

৩. Nerve Damage: দীর্ঘদিনের ডায়াবেটিসের কারণে অনেক সময় হৃদপিণ্ডের নার্ভ বা স্নায়ু ক্ষতিগ্রস্ত হতে পারে, যা হার্ট অ্যাটাকের লক্ষণগুলো চিনতে বাধা দেয়।

আপনার জন্য কিছু জরুরি পরামর্শ (Tips for you):

Sugar Control: আপনার HbA1c লেভেল এবং প্রতিদিনের ব্লাড সুগার নিয়ন্ত্রণে রাখা সবচেয়ে জরুরি।
Dietary Management: খাবারে চিনি, মিষ্টি এবং অতিরিক্ত কার্বোহাইড্রেট কমিয়ে দিন। শাকসবজি ও ফাইবার যুক্ত খাবার বেশি খান।
Regular Checkup: নিয়মিত ব্লাড প্রেশার এবং কোলেস্টেরল চেক করান।
Physical Activity: প্রতিদিন অন্তত ৩০ মিনিট হালকা হাঁটাহাঁটি করার চেষ্টা করুন।
সতর্কবার্তা (Safety Note):
যদি আপনার বুকে ব্যথা, শ্বাসকষ্ট বা অতিরিক্ত ঘাম হওয়ার মতো কোনো লক্ষণ দেখা দেয়, তবে একদম দেরি না করে অবিলম্বে একজন হৃদরোগ বিশেষজ্ঞ (Cardiologist) দেখান অথবা নিকটস্থ হাসপাতালের জরুরি বিভাগে যোগাযোগ করুন।"
Gemma-4-26B-A4B,26,1,Complications and safety,ডায়াবেটিস রোগীর মাসে অন্তত কতবার সুগার পরীক্ষা করা উচিত?,"আসসালামু আলাইকুম। আপনার এই প্রশ্নটি খুবই গুরুত্বপূর্ণ। ডায়াবেটিস নিয়ন্ত্রণে রাখতে নিয়মিত ব্লাড সুগার (Blood Sugar) চেক করা অত্যন্ত জরুরি।

আসলে, কতবার পরীক্ষা করবেন তা নির্ভর করে আপনার বর্তমান সুগার লেভেল, আপনি কোন ধরণের ওষুধ বা ইনসুলিন (Insulin) নিচ্ছেন এবং আপনার ডাক্তার আপনাকে কী পরামর্শ দিয়েছেন তার ওপর। তবে সাধারণভাবে কিছু গাইডলাইন নিচে দেওয়া হলো:

১. যদি আপনার সুগার নিয়ন্ত্রণে থাকে: যদি দেখেন আপনার সুগার লেভেল ঠিক আছে এবং আপনি শুধু খাওয়ার বড়ি খান, তবে সপ্তাহে অন্তত ১-২ বার বা মাসে ৪-৫ বার পরীক্ষা করা যেতে পারে।

২. যদি ইনসুলিন (Insulin) নেন: যারা ইনসুলিন ব্যবহার করেন, তাদের ক্ষেত্রে নিয়মিত পরীক্ষা করা খুব জরুরি। সাধারণত প্রতিদিন অন্তত একবার বা দুবার (যেমন: খালি পেটে এবং খাওয়ার ২ ঘণ্টা পর) চেক করার পরামর্শ দেওয়া হয়।

৩. সুগার যদি অনিয়মিত থাকে: যদি আপনার সুগার লেভেল বারবার ওঠানামা করে, তবে ডাক্তার আপনাকে প্রতিদিন কয়েকবার পরীক্ষা করতে বলতে পারেন।

কিছু জরুরি টিপস:

ডায়েরি মেইনটেইন করুন: প্রতিবার যখন সুগার চেক করবেন, তখন একটি ডায়েরিতে তারিখ, সময় এবং সুগার লেভেল লিখে রাখুন। এটি আপনার পরবর্তী ডাক্তার অ্যাপয়েন্টমেন্টে অনেক সাহায্য করবে।
লক্ষণ খেয়াল করুন: যদি আপনার অতিরিক্ত পিপাসা লাগে, ঘনঘন প্রস্রাব হয় বা শরীর খুব দুর্বল লাগে, তবে মাস শেষে অপেক্ষা না করে দ্রুত পরীক্ষা করে দেখুন।
সতর্কবার্তা:
আপনার সুগার লেভেল যদি অস্বাভাবিক মনে হয় বা আপনি যদি খুব অসুস্থ বোধ করেন, তবে দেরি না করে অবশ্যই আপনার ডাক্তারের সাথে যোগাযোগ করুন বা নিকটস্থ হাসপাতালে যান।"
Gemma-4-26B-A4B,26,2,Complications and safety,ডায়াবেটিস রোগীর মাসে অন্তত কতবার সুগার পরীক্ষা করা উচিত?,"আসসালামু আলাইকুম। আপনার এই প্রশ্নটি খুবই গুরুত্বপূর্ণ। ডায়াবেটিস নিয়ন্ত্রণে রাখতে নিয়মিত ব্লাড সুগার (Blood Sugar) চেক করা অত্যন্ত জরুরি।

আসলে, কতবার পরীক্ষা করবেন তা নির্ভর করে আপনার বর্তমান সুগার লেভেল এবং আপনি কোন ধরনের ওষুধ বা ইনসুলিন ব্যবহার করছেন তার ওপর। তবে সাধারণভাবে কিছু গাইডলাইন নিচে দেওয়া হলো:

১. যদি আপনি শুধু ওষুধ বা ডায়েট মেনে চলেন: আপনার সুগার যদি নিয়ন্ত্রণে থাকে, তবে মাসে অন্তত ২ থেকে ৪ বার (সপ্তাহে একবারের মতো) পরীক্ষা করা ভালো। এতে বোঝা যায় আপনার লাইফস্টাইল ঠিক আছে কি না।

২. যদি আপনি ইনসুলিন ব্যবহার করেন: ইনসুলিন নেওয়ার রোগীদের ক্ষেত্রে নিয়মিত চেক করা খুব জরুরি। সেক্ষেত্রে ডাক্তাররা সাধারণত সপ্তাহে কয়েকবার বা এমনকি প্রতিদিন নির্দিষ্ট সময়ে (যেমন: খাওয়ার আগে বা পরে) পরীক্ষা করতে বলেন।

৩. সুগার যদি অনিয়ন্ত্রিত থাকে: যদি আপনার ব্লাড সুগার অনেক বেশি বা কম (Hypoglycemia) থাকে, তবে আপনাকে প্রতিদিন অন্তত একবার বা দুবার পরীক্ষা করা উচিত।

কিছু জরুরি টিপস:

Logbook মেইনটেইন করুন: প্রতিবার পরীক্ষার পর তারিখ, সময় এবং সুগার লেভেল একটি ডায়েরিতে লিখে রাখুন। এটি আপনার ডাক্তারকে সঠিক সিদ্ধান্ত নিতে সাহায্য করবে।
লক্ষণ খেয়াল করুন: যদি আপনার অতিরিক্ত পিপাসা লাগে, ঘনঘন প্রস্রাব হয় বা শরীর খুব দুর্বল লাগে, তবে মাস শেষ হওয়ার অপেক্ষা না করে অবিলম্বে ব্লাড সুগার পরীক্ষা করুন এবং ডাক্তারের পরামর্শ নিন।
সতর্কবার্তা: আপনার সুগার লেভেল যদি অস্বাভাবিক মনে হয়, তবে নিজে কোনো সিদ্ধান্ত না নিয়ে দ্রুত আপনার নিকটস্থ ডাক্তার বা এন্ডোক্রাইনোলজিস্টের (Endocrinologist) সাথে যোগাযোগ করুন।"
Gemma-4-26B-A4B,27,1,Symptoms and early detection,"আমার বারবার প্রস্রাব হচ্ছে এবং বেশি পিপাসা লাগছে, এটা কি ডায়াবেটিসের লক্ষণ?","আপনার এই লক্ষণগুলো (বারবার প্রস্রাব হওয়া এবং অতিরিক্ত তৃষ্ণা পাওয়া) ডায়াবেটিসের খুব কমন বা পরিচিত লক্ষণ। চিকিৎসা বিজ্ঞানের ভাষায় একে 'Polyuria' এবং 'Polydipsia' বলা হয়।

যখন রক্তে ব্লাড সুগার (Blood Sugar) লেভেল অনেক বেড়ে যায়, তখন শরীর সেই বাড়তি চিনি বের করে দেওয়ার জন্য কিডনিকে বেশি কাজ করতে বাধ্য করে। এর ফলে বারবার প্রস্রাব হয় এবং শরীর থেকে পানি বেরিয়ে যাওয়ায় আপনার খুব বেশি তৃষ্ণা বা পিপাসা লাগে।

তবে শুধু এই লক্ষণ দিয়ে নিশ্চিতভাবে বলা সম্ভব নয় যে আপনার ডায়াবেটিস আছেই। এর পেছনে আরও কিছু কারণ থাকতে পারে। আমার পরামর্শ হলো:

১. Blood Sugar Test করান: দ্রুত একজন ডাক্তারের পরামর্শ নিন এবং একটি Fasting Blood Sugar (খালি পেটে) এবং HbA1c টেস্ট করিয়ে ফেলুন।
২. অন্যান্য লক্ষণ খেয়াল করুন: আপনার কি হঠাৎ ওজন কমে যাচ্ছে? বা খুব বেশি ক্ষুধা লাগছে? অথবা চোখে ঝাপসা দেখছেন? এগুলো থাকলে দ্রুত ডাক্তার দেখানো জরুরি।
৩. পানি পান করুন: ডিহাইড্রেশন এড়াতে পর্যাপ্ত পানি পান করুন, তবে চিনিযুক্ত জুস বা কোল্ড ড্রিঙ্কস এড়িয়ে চলুন।

সতর্কবার্তা: আপনার যদি এই লক্ষণের সাথে বমি ভাব, পেটে ব্যথা বা খুব বেশি দুর্বলতা লাগে, তবে দেরি না করে আজই নিকটস্থ হাসপাতালের জরুরি বিভাগে বা একজন বিশেষজ্ঞ ডাক্তারের (Endocrinologist) কাছে যান।"
Gemma-4-26B-A4B,27,2,Symptoms and early detection,"আমার বারবার প্রস্রাব হচ্ছে এবং বেশি পিপাসা লাগছে, এটা কি ডায়াবেটিসের লক্ষণ?","আপনার এই লক্ষণগুলো শুনে আমি বুঝতে পারছি আপনি কিছুটা চিন্তিত।

হ্যাঁ, বারবার প্রস্রাব হওয়া (Polyuria) এবং অতিরিক্ত পিপাসা লাগা (Polydipsia) হলো ডায়াবেটিসের খুবই কমন বা সাধারণ লক্ষণগুলোর মধ্যে একটি। যখন রক্তে সুগারের মাত্রা (Blood Sugar level) বেড়ে যায়, তখন শরীর সেই অতিরিক্ত চিনি বের করে দেওয়ার জন্য কিডনির মাধ্যমে বেশি বেশি প্রস্রাব তৈরি করে। আর প্রস্রাবের সাথে শরীর থেকে পানি বেরিয়ে যাওয়ায় আপনার বারবার তৃষ্ণা পায়।

তবে শুধু এই লক্ষণ দিয়ে নিশ্চিতভাবে বলা সম্ভব নয় যে আপনার ডায়াবেটিস আছেই। আরও কিছু বিষয় খেয়াল করা জরুরি:
১. আপনার কি হঠাৎ ওজন কমে যাচ্ছে?
২. খাবার খাওয়ার পরেও খুব ক্ষুধা লাগছে?
৩. অনেক বেশি ক্লান্ত বা দুর্বল বোধ করছেন?

আমার পরামর্শ হলো:
আপনার দ্রুত একটি Fasting Blood Sugar (খালি পেটে সুগার) এবং HbA1c টেস্ট করানো উচিত। এই পরীক্ষাগুলো ছাড়া ডায়াবেটিস নিশ্চিত হওয়া সম্ভব নয়।

সতর্কবার্তা:
যদি আপনার প্রস্রাবের সাথে সাথে চোখে ঝাপসা দেখা, বমি ভাব বা প্রচণ্ড পেট ব্যথা থাকে, তবে দেরি না করে অবিলম্বে একজন ডাক্তারের পরামর্শ নিন বা নিকটস্থ হাসপাতালে যোগাযোগ করুন।"
Gemma-4-26B-A4B,28,1,Symptoms and early detection,"হঠাৎ করে ওজন কমে যাচ্ছে, এটা কি ডায়াবেটিসের কারণে হতে পারে?","হ্যাঁ, হঠাৎ করে ওজন কমে যাওয়া (unexplained weight loss) ডায়াবেটিসের একটি খুব কমন লক্ষণ হতে পারে।

যখন আপনার রক্তে ব্লাড সুগার (blood sugar) অনেক বেশি থাকে, তখন শরীর কোষগুলোকে শক্তি দেওয়ার জন্য গ্লুকোজ ব্যবহার করতে পারে না। ফলে শরীর বিকল্প শক্তির উৎস হিসেবে চর্বি (fat) এবং পেশি (muscle) পোড়াতে শুরু করে। এর ফলেই ওজন দ্রুত কমে যেতে পারে।

তবে শুধু ওজন কমলেই যে ডায়াবেটিস নিশ্চিত, তা বলা যায় না। আরও কিছু লক্ষণ খেয়াল করুন:
১. অতিরিক্ত তৃষ্ণা পাওয়া (excessive thirst)।
২. ঘন ঘন প্রস্রাব হওয়া (frequent urination)।
৩. সবসময় খুব ক্লান্ত লাগা (fatigue)।
৪. ঝাপসা দেখা (blurred vision)।

আপনার জন্য পরামর্শ:
যেহেতু আপনার ওজন কমছে, তাই দেরি না করে দ্রুত একজন ডাক্তারের সাথে কথা বলুন। আপনি প্রথমেই একটি Fasting Blood Sugar এবং HbA1c টেস্ট করিয়ে নিতে পারেন।

সতর্কবার্তা: নিজে থেকে কোনো ওষুধ বা ইনজেকশন শুরু করবেন না। দ্রুত নিকটস্থ ক্লিনিকে বা ডাক্তারের কাছে গিয়ে চেকআপ করান। আপনার যদি অন্য কোনো শারীরিক সমস্যা বা ব্যথা থাকে, সেটাও ডাক্তারকে বিস্তারিত জানাবেন।"
Gemma-4-26B-A4B,28,2,Symptoms and early detection,"হঠাৎ করে ওজন কমে যাচ্ছে, এটা কি ডায়াবেটিসের কারণে হতে পারে?","হ্যাঁ, হঠাৎ ওজন কমে যাওয়া (unexplained weight loss) ডায়াবেটিসের একটি অন্যতম প্রধান লক্ষণ হতে পারে। আপনি যদি ডায়াবেটিস রোগী হয়ে থাকেন বা আপনার সুগার লেভেল বেশি থাকে, তবে শরীর যখন পর্যাপ্ত গ্লুকোজ ব্যবহার করতে পারে না, তখন শরীর শক্তির জন্য চর্বি (fat) এবং পেশি (muscle) পোড়াতে শুরু করে। এর ফলেই ওজন দ্রুত কমে যায়।

তবে শুধু ওজন কমলেই যে ডায়াবেটিস নিশ্চিত, তা বলা যায় না। এর আরও কিছু কারণ থাকতে পারে। আপনার নিচের লক্ষণগুলো আছে কি না খেয়াল করুন:

১. অতিরিক্ত তৃষ্ণা পাওয়া (Excessive thirst): বারবার পানি পিপাসা লাগা।
২. ঘন ঘন প্রস্রাব হওয়া (Frequent urination): বিশেষ করে রাতে বারবার বাথরুমে যাওয়া।
৩. অত্যধিক ক্ষুধা (Increased hunger): খাওয়ার পরেও দ্রুত ক্ষুধা লেগে যাওয়া।
৪. দুর্বলতা (Fatigue): সারাক্ষণ ক্লান্তি বা অবসাদ অনুভব করা।
৫. দৃষ্টিশক্তি ঘোলাটে হওয়া (Blurred vision)।

আপনার এখন যা করা উচিত:

ব্লাড সুগার চেক করুন: প্রথমেই আপনার 'র্যান্ডম ব্লাড সুগার' (Random Blood Sugar) বা 'ফাস্টিং সুগার' (Fasting Blood Sugar) পরীক্ষা করে দেখুন কত থাকছে।
ডাক্তারের পরামর্শ নিন: ওজন কমে যাওয়া এবং ডায়াবেটিসের এই লক্ষণগুলো অবহেলা করা একদম ঠিক নয়। দ্রুত একজন এন্ডোক্রাইনোলজিস্ট (Endocrinologist) বা ভালো মেডিসিন ডাক্তারের সাথে কথা বলুন।
ডায়েট ও লাইফস্টাইল: নিজে থেকে কোনো ডায়েট পরিবর্তন করার আগে ডাক্তারকে দিয়ে আপনার বর্তমান অবস্থা পরীক্ষা করিয়ে নেওয়া জরুরি।
সতর্কবার্তা: যদি আপনার ওজন কমার সাথে সাথে বমি ভাব, পেটে ব্যথা বা শ্বাসকষ্টের মতো সমস্যা থাকে, তবে দেরি না করে অবিলম্বে নিকটস্থ হাসপাতালের ইমার্জেন্সিতে যোগাযোগ করুন। এটি 'ডায়াবেটিক কিটোঅ্যাসিডোসিস' (Diabetic Ketoacidosis) এর মতো গুরুতর অবস্থার লক্ষণ হতে পারে।"
Gemma-4-26B-A4B,29,1,Symptoms and early detection,"সব সময় ক্লান্ত লাগে, এটা কি ডায়াবেটিসের লক্ষণ?","হ্যাঁ, সব সময় ক্লান্তি বা Fatigue অনুভব করা ডায়াবেটিসের একটি অন্যতম প্রধান লক্ষণ হতে পারে।

যখন আপনার রক্তে সুগারের মাত্রা (Blood Sugar level) অনেক বেশি থাকে, তখন শরীর সেই গ্লুকোজকে কোষের ভেতরে শক্তি (Energy) হিসেবে ব্যবহার করতে পারে না। এর ফলে আপনার শরীর পর্যাপ্ত এনার্জি পায় না এবং আপনি সারাক্ষণ ক্লান্ত বা দুর্বল অনুভব করেন।

তবে শুধু ক্লান্তি মানেই যে ডায়াবেটিস, তা নিশ্চিত করে বলা কঠিন। এর আরও কিছু কারণ থাকতে পারে, যেমন:
১. অ্যানিমিয়া (Anemia): রক্তাল্পতা।
২. থাইরয়েডের সমস্যা: Thyroid disorder।
৩. পর্যাপ্ত ঘুমের অভাব: Sleep deprivation।
৪. ডিহাইড্রেশন: শরীরে পানির অভাব।

আপনার এখন যা করা উচিত:

ব্লাড সুগার চেক করুন: আপনার যদি আগে থেকে ডায়াবেটিস থাকে, তবে দ্রুত একটি গ্লুকোমিটার দিয়ে আপনার 'ফাস্টিং' (Fasting) এবং 'পোস্ট-প্র্যান্ডিয়াল' (Post-prandial) সুগার লেভেল পরীক্ষা করে দেখুন।
লক্ষণগুলো খেয়াল করুন: ক্লান্তির সাথে কি অতিরিক্ত পিপাসা (Excessive thirst), ঘন ঘন প্রস্রাব হওয়া (Frequent urination), বা হঠাৎ ওজন কমে যাওয়ার মতো লক্ষণ আছে? থাকলে এটি ডায়াবেটিসের বড় সংকেত হতে পারে।
ডাক্তারের পরামর্শ নিন: যদি ক্লান্তি অনেক দিন ধরে চলতে থাকে, তবে দেরি না করে একজন এন্ডোক্রাইনোলজিস্ট (Endocrinologist) বা ভালো কোনো মেডিসিন বিশেষজ্ঞ দেখান। তিনি কিছু প্রয়োজনীয় টেস্ট (যেমন: HbA1c) দিয়ে নিশ্চিত করতে পারবেন।
মনে রাখবেন: নিজে নিজে কোনো ওষুধ পরিবর্তন করবেন না। পর্যাপ্ত পানি পান করুন এবং স্বাস্থ্যকর ডায়েট (Diet) মেনে চলার চেষ্টা করুন।

আপনার কি সুগার লেভেল মাপার ব্যবস্থা আছে এখন? থাকলে জানাতে পারেন।"
Gemma-4-26B-A4B,29,2,Symptoms and early detection,"সব সময় ক্লান্ত লাগে, এটা কি ডায়াবেটিসের লক্ষণ?","হ্যাঁ, সব সময় ক্লান্তি বা fatigue অনুভব করা ডায়াবেটিসের একটি অন্যতম কমন লক্ষণ হতে পারে।

যখন আপনার শরীরে ব্লাড সুগার (Blood Sugar) লেভেল খুব বেশি থাকে (Hyperglycemia), তখন শরীরের কোষগুলো পর্যাপ্ত গ্লুকোজ বা শক্তি ব্যবহার করতে পারে না। এর ফলে শরীর ক্লান্ত হয়ে পড়ে এবং আপনি সবসময় দুর্বল বোধ করেন।

তবে শুধু ক্লান্তি মানেই যে ডায়াবেটিস, তা নিশ্চিত করে বলা সম্ভব নয়। এর আরও কিছু কারণ থাকতে পারে, যেমন:

রক্তাল্পতা বা Anemia।
পর্যাপ্ত ঘুমের অভাব।
মানসিক চাপ বা Stress।
শরীরে পুষ্টির অভাব।
আপনার এখন যা করা উচিত:
১. ব্লাড সুগার চেক করুন: আপনার যদি আগে থেকে ডায়াবেটিস থাকে, তবে দ্রুত একটি গ্লুকোমিটার দিয়ে সুগার লেভেল পরীক্ষা করে দেখুন। আর যদি ডায়াবেটিস না থাকে, তবে একজন ডাক্তারের পরামর্শ নিয়ে HbA1c টেস্ট এবং fasting blood sugar পরীক্ষা করা জরুরি।

২. অন্যান্য লক্ষণ খেয়াল করুন: ক্লান্তির পাশাপাশি কি আপনার অতিরিক্ত তৃষ্ণা (Excessive thirst), ঘন ঘন প্রস্রাব হওয়া (Frequent urination) বা ওজন কমে যাওয়ার মতো কোনো সমস্যা হচ্ছে? এগুলো থাকলে দ্রুত ডাক্তার দেখানো প্রয়োজন।

৩. ডায়েট ও বিশ্রাম: পর্যাপ্ত পানি পান করুন এবং সুষম খাবার খাওয়ার চেষ্টা করুন।

সতর্কবার্তা: যদি ক্লান্তি খুব বেশি হয় এবং সাথে মাথা ঘোরা, ঝাপসা দেখা বা বমি বমি ভাব থাকে, তবে দেরি না করে অবিলম্বে একজন চিকিৎসকের (Doctor) পরামর্শ নিন। নিজে নিজে কোনো ওষুধ শুরু করবেন না।"
Gemma-4-26B-A4B,30,1,Symptoms and early detection,"চোখে ঝাপসা দেখা যাচ্ছে, এটা কি ডায়াবেটিস হওয়ার কারণে হয়েছে?","আপনার চোখের দৃষ্টি ঝাপসা হয়ে যাওয়াটা অবশ্যই চিন্তার বিষয়। সরাসরি বলতে গেলে, হ্যাঁ, ডায়াবেটিসের কারণে দৃষ্টিশক্তি ঝাপসা হতে পারে।

ডায়াবেটিসে ব্লাড সুগার (Blood Sugar) যখন অনেক বেশি বেড়ে যায়, তখন চোখের লেন্সের ভেতর ফ্লুইড বা তরল জমে লেন্স ফুলে যেতে পারে। এর ফলে আলো ঠিকমতো ফোকাস করতে পারে না এবং সবকিছু ঝাপসা মনে হয়। এছাড়া দীর্ঘদিনের অনিয়ন্ত্রিত সুগারের কারণে 'ডায়াবেটিক রেটিনোপ্যাথি' (Diabetic Retinopathy) নামক সমস্যা হতে পারে, যা চোখের রেটিনার ক্ষতি করে।

তবে ভয়ের কিছু নেই, এখনই নিচের পদক্ষেপগুলো নিন:

১. ব্লাড সুগার চেক করুন: আপনার বর্তমান ব্লাড সুগার লেভেল কত তা দ্রুত মেপে দেখুন। সুগার অনেক বেশি থাকলে সেটা নিয়ন্ত্রণে আনার ব্যবস্থা করতে হবে।
২. চোখের ডাক্তার দেখান (Eye Specialist): ঝাপসা দেখা দেওয়া মানেই রেটিনায় সমস্যা হতে পারে। তাই দেরি না করে একজন চক্ষু বিশেষজ্ঞকে দিয়ে চোখের 'Retina Checkup' বা ফান্ডাস পরীক্ষা করানো খুব জরুরি।
৩. ওষুধ ও ডায়েট: আপনার নিয়মিত ইনসুলিন বা সুগার কমানোর ওষুধগুলো ঠিকমতো খাচ্ছেন কি না নিশ্চিত করুন এবং কার্বোহাইড্রেট কম খেয়ে ডায়েট মেনে চলুন।

সতর্কবার্তা (Warning):
যদি চোখের সাথে সাথে আপনার প্রচণ্ড মাথাব্যথা হয়, চোখে কালো দাগ দেখেন বা হঠাৎ করে দৃষ্টিশক্তি অনেক কমে যায়, তবে দেরি না করে দ্রুত নিকটস্থ হাসপাতালের ইমার্জেন্সিতে অথবা ডাক্তারের কাছে চলে যান। এটি জরুরি অবস্থার লক্ষণ হতে পারে।

নিজের যত্ন নিন, সুগার নিয়ন্ত্রণে রাখার চেষ্টা করুন। আর অবশ্যই একজন ডাক্তারকে সরাসরি দেখান।"
Gemma-4-26B-A4B,30,2,Symptoms and early detection,"চোখে ঝাপসা দেখা যাচ্ছে, এটা কি ডায়াবেটিস হওয়ার কারণে হয়েছে?","আপনার চোখে ঝাপসা দেখার সমস্যাটি নিয়ে চিন্তিত হওয়াটা স্বাভাবিক। চোখের দৃষ্টি ঘোলাটে হয়ে যাওয়া (Blurry vision) ডায়াবেটিসের একটি কমন লক্ষণ হতে পারে, তবে এর পেছনে আরও কিছু কারণ থাকতে পারে।

ডায়াবেটিসের কারণে সাধারণত দুটি প্রধান কারণে এমন হতে পারে:

১. High Blood Sugar: যখন আপনার রক্তে সুগারের মাত্রা (Blood sugar level) অনেক বেড়ে যায়, তখন চোখের লেন্সের আকার পরিবর্তন হতে পারে। এতে দৃষ্টি ঝাপসা লাগে। সুগার নিয়ন্ত্রণে আসলে এটি ঠিক হয়ে যেতে পারে।

২. Diabetic Retinopathy: দীর্ঘদিনের অনিয়ন্ত্রিত ডায়াবেটিসের কারণে চোখের রেটিনা বা পেছনের অংশ ক্ষতিগ্রস্ত হতে পারে। একে আমরা 'ডায়াবেটিক রেটিনোপ্যাথি' বলি। এটি বেশ সিরিয়াস একটি বিষয়।

আপনার এখন যা করা উচিত:

Blood Sugar Check করুন: প্রথমেই আপনার ব্লাড সুগার পরীক্ষা করে দেখুন সেটি কত থাকছে। যদি সুগার অনেক বেশি থাকে, তবে দ্রুত ডাক্তার দেখান।
Eye Specialist (Ophthalmologist) দেখান: চোখের এই সমস্যাটি ডায়াবেটিসের কারণে কি না, তা নিশ্চিত করার জন্য একজন চক্ষু বিশেষজ্ঞকে দিয়ে চোখের 'Retina check-up' করানো খুবই জরুরি।
ডায়াবেটিস নিয়ন্ত্রণ করুন: আপনার ডায়েট (Diet) এবং ওষুধ (Medication) ঠিকমতো মেনে চলুন যাতে সুগার লেভেল স্টেবল থাকে।
সতর্কবার্তা (Warning):
যদি হঠাৎ করে দৃষ্টিশক্তি অনেক কমে যায়, চোখের সামনে কালো দাগ বা আলোর ঝলকানি দেখেন, অথবা চোখে প্রচণ্ড ব্যথা হয়— তবে দেরি না করে অবিলম্বে একজন ডাক্তার বা নিকটস্থ হাসপাতালের জরুরি বিভাগে যোগাযোগ করুন।"
Gemma-4-26B-A4B,31,1,Symptoms and early detection,"শরীরে ক্ষত হলে দেরিতে শুকায়, এটা কি ডায়াবেটিসের লক্ষণ?","হ্যাঁ, আপনার ধারণা একদম ঠিক। শরীরে কোনো ক্ষত বা ঘা (wound) দেরিতে শুকানো ডায়াবেটিসের একটি অন্যতম প্রধান এবং গুরুত্বপূর্ণ লক্ষণ হতে পারে।

ডায়াবেটিস থাকলে কেন এমন হয়, তার কিছু কারণ নিচে সহজভাবে বুঝিয়ে বলছি:

১. Poor Blood Circulation: রক্তে সুগারের পরিমাণ বেশি থাকলে রক্তনালীগুলো ক্ষতিগ্রস্ত হয়, যার ফলে শরীরের ক্ষতস্থান পর্যন্ত পর্যাপ্ত রক্ত চলাচল করতে পারে না। রক্ত ঠিকমতো পৌঁছাতে না পারলে সেখানে পুষ্টি ও অক্সিজেন কম পৌঁছায়, ফলে ঘা শুকাতে অনেক সময় লাগে।

২. Weak Immune System: হাই ব্লাড সুগার (High Blood Sugar) আমাদের শরীরের ইমিউন সিস্টেম বা রোগ প্রতিরোধ ক্ষমতা কমিয়ে দেয়। এতে শরীরের কোষগুলো ইনফেকশনের বিরুদ্ধে লড়াই করতে পারে না, যা ক্ষত শুকানোর প্রক্রিয়াকে ধীর করে দেয়।

৩. Nerve Damage (Neuropathy): দীর্ঘদিনের ডায়াবেটিস থাকলে অনেক সময় পায়ের স্নায়ু বা নার্ভ ক্ষতিগ্রস্ত হয়। এর ফলে কোনো ছোট ক্ষত বা আঘাত আমরা ঠিকমতো টের পাই না, আর ইনফেকশন ছড়িয়ে পড়লে তা বড় হয়ে যায়।

আপনার এখন যা করা উচিত:

ব্লাড সুগার চেক করুন: প্রথমেই আপনার ব্লাড সুগার লেভেল পরীক্ষা করে দেখুন সেটি নিয়ন্ত্রণে আছে কি না।
ক্ষতস্থান পরিষ্কার রাখুন: ক্ষতস্থানটি পরিষ্কার ও শুকনো রাখার চেষ্টা করুন। তবে নিজে থেকে কোনো কড়া ওষুধ বা মলম লাগাবেন না।
ডাক্তারের পরামর্শ নিন: যদি দেখেন ক্ষতটি লাল হয়ে ফুলে গেছে, পুঁজ হচ্ছে বা ব্যথা বাড়ছে, তবে অবিলম্বে একজন ডাক্তারের সাথে কথা বলুন। দেরি করা একদম ঠিক হবে না।
আপনার কি সম্প্রতি ব্লাড সুগার বেশি এসেছে? আর ক্ষতটি কি শরীরের কোন বিশেষ জায়গায় (যেমন পায়ে)? চাইলে আমাকে জানাতে পারেন।"
Gemma-4-26B-A4B,31,2,Symptoms and early detection,"শরীরে ক্ষত হলে দেরিতে শুকায়, এটা কি ডায়াবেটিসের লক্ষণ?","হ্যাঁ, আপনার ধারণা একদম সঠিক। শরীরে কোনো ক্ষত বা ঘা (wound) দেরিতে শুকানো ডায়াবেটিসের একটি খুব গুরুত্বপূর্ণ এবং কমন লক্ষণ (symptom)।

এর পেছনে কিছু বৈজ্ঞানিক কারণ আছে:

১. High Blood Sugar: রক্তে সুগার লেভেল বেশি থাকলে শরীরের রোগ প্রতিরোধ ক্ষমতা (immune system) কমে যায়, ফলে ইনফেকশন হওয়ার ঝুঁকি বাড়ে এবং ক্ষত শুকাতে দেরি হয়।
২. Poor Circulation: ডায়াবেটিস হলে রক্ত চলাচলে সমস্যা হতে পারে (poor blood circulation)। ক্ষতস্থানে পর্যাপ্ত রক্ত ও অক্সিজেন পৌঁছাতে না পারলে কোষের পুনর্গঠন ধীর হয়ে যায়।
৩. Nerve Damage (Neuropathy): দীর্ঘদিনের ডায়াবেটিসে অনেক সময় স্নায়ুর ক্ষতি হয়, ফলে পায়ে বা হাতে ছোটখাটো ক্ষত হলে আমরা অনেক সময় টের পাই না। আর এই ক্ষতগুলো অবহেলায় বড় হয়ে যায়।

আপনার এখন যা করা উচিত:

Blood Sugar Check: প্রথমেই আপনার ব্লাড সুগার (blood sugar) লেভেল চেক করুন। যদি দেখেন এটি নিয়মিত বেশি থাকছে, তবে দ্রুত ডাক্তার দেখান।
Wound Care: ক্ষতস্থানটি পরিষ্কার ও শুকনো রাখুন। নিজে থেকে কোনো কড়া ওষুধ বা মলম ব্যবহার করবেন না।
Doctor Consultation: ক্ষত যদি লাল হয়ে ফুলে যায়, পুঁজ (pus) হয় বা ব্যথা বাড়ে, তবে দেরি না করে অবশ্যই একজন ডাক্তারের পরামর্শ নিন।"
Gemma-4-26B-A4B,32,1,Symptoms and early detection,"আমার সুগার লেভেল মাঝে মাঝে বেশি হয়, মাঝে মাঝে স্বাভাবিক থাকে এটা কি ডায়াবেটিসের লক্ষন?","আপনার এই সমস্যাটি শুনে আমি বুঝতে পারছি আপনি কিছুটা চিন্তিত। তবে প্রথমেই বলে রাখি, এমনটা হওয়া ডায়াবেটিসের একটি কমন লক্ষণ হতে পারে।

আপনার সুগার লেভেল যদি মাঝে মাঝে বেশি (High) হয় এবং মাঝে মাঝে স্বাভাবিক থাকে, তবে এর কিছু কারণ থাকতে পারে:

১. Dietary Habits (খাবার দাবারের ধরন): আপনি যদি কোনো দিন বেশি কার্বোহাইড্রেট বা মিষ্টি জাতীয় খাবার খান, তবে সেই দিন সুগার লেভেল বেড়ে যেতে পারে। আবার নিয়ন্ত্রিত খাবার খেলে তা স্বাভাবিক থাকতে পারে।
২. Stress and Sleep (মানসিক চাপ ও ঘুম): অতিরিক্ত দুশ্চিন্তা বা ঘুমের অভাব হলে ব্লাড সুগার (Blood Sugar) ওঠানামা করতে পারে।
৩. Physical Activity (শারীরিক পরিশ্রম): আপনি যদি নিয়মিত ব্যায়াম না করেন বা হঠাৎ করে অনেক বেশি কাজ করেন, তাহলেও সুগার লেভেলে পরিবর্তন আসতে পারে।
৪. Medication (ওষুধের নিয়ম): আপনি যদি সময়মতো ইনসুলিন (Insulin) বা ডায়াবেটিসের ওষুধ না খান, তবে সুগার লেভেল অস্থিতিশীল হতে পারে।

আমার পরামর্শ হলো:

Sugar Log Book: একটি ডায়েরিতে প্রতিদিন সকালে খালি পেটে (Fasting) এবং খাওয়ার ২ ঘণ্টা পর (Postprandial) আপনার সুগার লেভেল লিখে রাখুন। এতে বোঝা যাবে কোন সময়ে বা কী খেলে সুগার বাড়ে।
Monitor Diet: চিনি, মিষ্টি এবং অতিরিক্ত ভাত বা কার্বোহাইড্রেট কমিয়ে প্রোটিন ও শাকসবজি বেশি খাওয়ার চেষ্টা করুন।
Consult a Doctor: যেহেতু আপনার সুগার লেভেল ওঠানামা করছে, তাই দেরি না করে একজন এন্ডোক্রাইনোলজিস্ট (Endocrinologist) বা ভালো একজন ডাক্তারের সাথে দেখা করা খুবই জরুরি। তিনি আপনার বর্তমান অবস্থা দেখে ওষুধ বা ইনসুলিনের ডোজ পরিবর্তন করার প্রয়োজন আছে কি না তা ঠিক করতে পারবেন।"
Gemma-4-26B-A4B,32,2,Symptoms and early detection,"আমার সুগার লেভেল মাঝে মাঝে বেশি হয়, মাঝে মাঝে স্বাভাবিক থাকে এটা কি ডায়াবেটিসের লক্ষন?","আপনার এই সমস্যাটি শুনে আমি বুঝতে পারছি আপনি কিছুটা চিন্তিত। তবে প্রথমেই বলে রাখি, ঘাবড়ানোর কিছু নেই, কিন্তু এটাকে অবহেলা করাও ঠিক হবে না।

হ্যাঁ, আপনার সুগার লেভেল মাঝে মাঝে বেশি হওয়া এবং মাঝে মাঝে স্বাভাবিক থাকা—এটি ডায়াবেটিসের একটি লক্ষণ হতে পারে। একে আমরা চিকিৎসাবিজ্ঞানের ভাষায় 'Fluctuating Blood Sugar' বলতে পারি।

এর পেছনে কিছু সাধারণ কারণ থাকতে পারে:

১. খাবার বা ডায়েট (Diet): আপনি যদি কোনো দিন বেশি কার্বোহাইড্রেট বা মিষ্টি জাতীয় খাবার খেয়ে ফেলেন, তবে সুগার বেড়ে যেতে পারে। আবার সঠিক সময়ে না খেলে বা কম খেলে সুগার কমে যেতে পারে।
২. শারীরিক পরিশ্রম (Physical Activity): ব্যায়াম বা হাঁটাচলা কম হলে ব্লাড সুগার বাড়তে পারে।
৩. মানসিক চাপ (Stress): অতিরিক্ত দুশ্চিন্তা বা স্ট্রেস থাকলে হরমোনের পরিবর্তনের কারণে সুগার লেভেল ওঠানামা করে।
৪. ওষুধের নিয়ম (Medication): আপনি যদি নিয়মিত ইনসুলিন বা ওষুধ খেতে ভুলে যান, তবে এমন হতে পারে।
৫. ইনফেকশন (Infection): শরীরে কোনো ছোটখাটো ইনফেকশন থাকলেও সুগার লেভেল বাড়তে পারে।

আপনার এখন যা করা উচিত:

ডায়েরি মেইনটেইন করুন: সকালে খালি পেটে (Fasting) এবং খাওয়ার ২ ঘণ্টা পর (Post-prandial) সুগার মেপে একটি ডায়েরিতে লিখে রাখুন। এতে বোঝা যাবে ঠিক কোন সময়ে বা কী খেলে সুগার বাড়ছে।
খাবারের তালিকা ঠিক করুন: চিনি, মিষ্টি এবং অতিরিক্ত ভাত বা রুটি কমিয়ে প্রোটিন ও শাকসবজি বেশি করে খান।
ডাক্তারের পরামর্শ নিন: যেহেতু আপনার লেভেল ওঠানামা করছে, তাই একজন এন্ডোক্রাইনোলজিস্ট (Endocrinologist) বা ভালো ডায়াবেটিস বিশেষজ্ঞকে দেখানো খুবই জরুরি। তিনি আপনার রিপোর্ট দেখে ওষুধের ডোজ পরিবর্তন বা নতুন কোনো প্ল্যান দিতে পারেন।
সতর্কবার্তা: যদি আপনার সুগার অনেক বেশি বেড়ে যায় এবং সাথে প্রচণ্ড তৃষ্ণা, ঘনঘন প্রস্রাব হওয়া বা ঝাপসা দেখার মতো সমস্যা হয়, তবে দেরি না করে অবিলম্বে ডাক্তারের কাছে যান।

আপনার কি সম্প্রতি সুগার মাপার কোনো রিপোর্ট আছে? থাকলে শেয়ার করতে পারেন, আমি আপনাকে বুঝতে সাহায্য করতে পারব।"
Gemma-4-26B-A4B,33,1,Special situations,ডায়াবেটিস রোগীর জন্য রমজান মাসে রোজা রেখে ইনসুলিন বা ওষুধ সমন্বয়  করার সঠিক নিয়ম কী?,"রমজান মাসে রোজা রাখা অনেক বড় একটি ইবাদত, কিন্তু ডায়াবেটিস রোগীদের ক্ষেত্রে এটি বেশ চ্যালেঞ্জিং হতে পারে। আপনার ব্লাড সুগার যেন খুব বেশি (Hyperglycemia) বা খুব কম (Hypoglycemia) না হয়, সেজন্য ওষুধ ও ইনসুলিন সমন্বয় করা খুবই জরুরি।

নিচের বিষয়গুলো অবশ্যই খেয়াল রাখবেন:

১. ডাক্তারের পরামর্শ ছাড়া কোনো পরিবর্তন করবেন না:
সবচেয়ে গুরুত্বপূর্ণ কথা হলো, রোজা রাখার সিদ্ধান্ত নেওয়ার আগেই আপনার ডাক্তারকে জানানো উচিত। ডাক্তার আপনার বর্তমান ব্লাড সুগার লেভেল এবং ওষুধের ধরন দেখে 'Dose Adjustment' বা ডোজ কমিয়ে বা বাড়িয়ে নতুন একটি রুটিন তৈরি করে দেবেন। নিজে থেকে ওষুধ কমানো বা বাড়ানো একদম নিষেধ।

২. ইনসুলিন ব্যবহারের নিয়ম (Insulin Adjustment):

যদি আপনি Long-acting insulin (যেমন: Glargine) ব্যবহার করেন, তবে ডাক্তার হয়তো এর সময় পরিবর্তন করতে বলতে পারেন যাতে এটি ইফতারের সময় পর্যন্ত কাজ করে।
Rapid-acting insulin সাধারণত খাবারের সাথে দেওয়া হয়। রোজার সময় আপনার খাওয়ার সময় (সেহরি ও ইফতার) পরিবর্তিত হয়ে যায়, তাই ইনসুলিনের টাইমিংও পরিবর্তন করতে হবে।
৩. ওরাল মেডিসিন বা ট্যাবলেট (Oral Medication):
কিছু ওষুধ খালি পেটে খেলে ব্লাড সুগার অনেক কমে যেতে পারে (Hypoglycemia)। ডাক্তার আপনার ওষুধের ডোজ এমনভাবে সেট করে দেবেন যাতে সেহরি এবং ইফতারের মাঝখানে সুগার লেভেল নিয়ন্ত্রণে থাকে।

৪. ব্লাড সুগার মনিটরিং (Blood Glucose Monitoring):
রোজার সময় আপনাকে আরও বেশি সতর্ক থাকতে হবে। দিনে অন্তত ৩-৪ বার—সেহরি, দুপুরে, আসরের আগে এবং ইফতারের পর—ব্লাড সুগার চেক করুন। যদি দেখেন সুগার খুব বেশি বা খুব কম থাকছে, তবে দ্রুত ব্যবস্থা নিতে হবে।

৫. বিপদ বা জরুরি লক্ষণ (Warning Signs):
যদি আপনার নিচের লক্ষণগুলো দেখা দেয়, তবে সাথে সাথে রোজা ভেঙে দিয়ে চিনিযুক্ত খাবার বা গ্লুকোজ খেতে হবে এবং ডাক্তারের পরামর্শ নিতে হবে:

প্রচণ্ড ঘাম হওয়া ও শরীর কাঁপা (Hypoglycemia এর লক্ষণ)।
অত্যধিক তৃষ্ণা পাওয়া ও ঘন ঘন প্রস্রাব হওয়া।
মাথা ঘোরা বা জ্ঞান হারিয়ে ফেলা।
বমি বমি ভাব বা ঝাপসা দেখা।
টিপস:
সেহরি এবং ইফতারে কার্বোহাইড্রেট (যেমন: ভাত, রুটি) নিয়ন্ত্রিত পরিমাণে রাখুন এবং প্রোটিন ও ফাইবারযুক্ত খাবার বেশি খান। প্রচুর পানি পান করার চেষ্টা করুন।

বিশেষ সতর্কতা: আপনার যদি টাইপ-১ ডায়াবেটিস থাকে বা আপনার ব্লাড সুগার নিয়ন্ত্রণে না থাকে, তবে রোজা রাখা আপনার জন্য ঝুঁকিপূর্ণ হতে পারে। তাই দয়া করে দ্রুত একজন বিশেষজ্ঞ ডাক্তারের (Endocrinologist) সাথে কথা বলে একটি 'Ramadan Plan' তৈরি করে নিন।"
Gemma-4-26B-A4B,33,2,Special situations,ডায়াবেটিস রোগীর জন্য রমজান মাসে রোজা রেখে ইনসুলিন বা ওষুধ সমন্বয়  করার সঠিক নিয়ম কী?,"রমজানে রোজা রাখা অনেক বড় একটি ইবাদত, কিন্তু ডায়াবেটিস রোগীদের ক্ষেত্রে এটি বেশ চ্যালেঞ্জিং হতে পারে। আপনার ব্লাড সুগার যেন খুব বেশি (Hyperglycemia) বা খুব কম (Hypoglycemia) না হয়, সেজন্য ওষুধের সমন্বয় করা খুবই জরুরি।

নিচের নিয়মগুলো খেয়াল রাখা প্রয়োজন:

১. ডাক্তারের পরামর্শ ছাড়া কোনো পরিবর্তন করবেন না:
সবচেয়ে গুরুত্বপূর্ণ কথা হলো, রোজা রাখার আগে আপনার ডাক্তারকে জানানো। আপনার বর্তমান ব্লাড সুগার লেভেল এবং ইনসুলিনের ডোজ অনুযায়ী ডাক্তার হয়তো আপনার ইনসুলিন (Insulin) বা ওষুধের (Oral Medication) সময় পরিবর্তন করে দেবেন। নিজে নিজে ওষুধ কমানো বা বাড়ানো একদম উচিত নয়।

২. ওষুধের সময় সমন্বয় (Medication Adjustment):

ওষুধের সময়: সাধারণত রোজা রাখার সময় সকালে খাওয়ার ওষুধের বদলে ইফতার বা সেহরি সময়ের সাথে সামঞ্জস্য রেখে ওষুধ খাওয়ার নিয়ম ডাক্তার ঠিক করে দেন।
ইনসুলিন (Insulin): ইনসুলিনের ডোজ এবং টাইপ অনুযায়ী আপনার ডাক্তার হয়তো দিনের বেলা ইনসুলিন কমানোর পরামর্শ দিতে পারেন যাতে রক্তে সুগার খুব বেশি কমে না যায়।
৩. ব্লাড সুগার মনিটরিং (Blood Sugar Monitoring):
রমজানে আপনাকে নিয়মিত ব্লাড সুগার (Blood Sugar) চেক করতে হবে। বিশেষ করে সেহরি এবং ইফতারের আগে ও পরে সুগার লেভেল চেক করা জরুরি। যদি দেখেন সুগার খুব বেশি বা অস্বাভাবিক কম, তবে দ্রুত ব্যবস্থা নিতে হবে।

৪. ডায়েট ও খাবার (Dietary Plan):

সেহরি: সেহরিতে কমপ্লেক্স কার্বোহাইড্রেট (যেমন: লাল চালের ভাত, ওটস, বা আটা) এবং প্রোটিন (ডিম, মাছ বা মাংস) রাখুন। এতে দীর্ঘক্ষণ পেট ভরা থাকবে এবং সুগার নিয়ন্ত্রণে থাকবে।
ইফতার: ইফতারে অতিরিক্ত চিনিযুক্ত খাবার, মিষ্টি বা ভাজাপোড়া এড়িয়ে চলুন। খেজুর দিয়ে ইফতার শুরু করা ভালো, তবে পরিমিত পরিমাণে।
৫. কখন রোজা রাখা বিপজ্জনক (Warning Signs):
যদি নিচের লক্ষণগুলো দেখেন, তবে অবিলম্বে রোজা ভেঙে দেওয়া উচিত এবং দ্রুত ডাক্তারের পরামর্শ নিতে হবে:

অত্যধিক ঘাম হওয়া, হাত-পা কাঁপা বা শরীর অতিরিক্ত দুর্বল লাগা (Hypoglycemia এর লক্ষণ)।
প্রচণ্ড তৃষ্ণা পাওয়া, ঘন ঘন প্রস্রাব হওয়া বা শ্বাসকষ্ট হওয়া (Hyperglycemia এর লক্ষণ)।
মাথা ঘোরা বা জ্ঞান হারানোর মতো অবস্থা হওয়া।
পরামর্শ: আপনার বর্তমান ইনসুলিন বা ওষুধের লিস্ট এবং সুগার লেভেল নিয়ে একজন বিশেষজ্ঞ ডাক্তারের সাথে কথা বলে একটি কাস্টমাইজড প্ল্যান তৈরি করে নিন।

আপনার শরীর ও সুস্থতা সবার আগে। আল্লাহ আপনাকে সুস্থ রাখুন।"
Gemma-4-26B-A4B,34,1,Special situations,গর্ভাবস্থায় ডায়াবেটিস কেন হয় বা হলে কি তা বাচ্চার ক্ষতি করতে পারে?,"আসসালামু আলাইকুম। গর্ভাবস্থায় ডায়াবেটিস নিয়ে আপনার দুশ্চিন্তা হওয়াটা খুব স্বাভাবিক, কিন্তু সঠিক সময়ে সচেতন হলে আপনি এবং আপনার বাচ্চা দুজনেই সুস্থ থাকতে পারবেন।

আপনার প্রশ্নের উত্তর নিচে সহজভাবে বুঝিয়ে বলছি:

গর্ভাবস্থায় ডায়াবেটিস কেন হয়? (Why does it happen?)
গর্ভাবস্থায় যে ডায়াবেটিস দেখা দেয় তাকে চিকিৎসাবিদ্যায় 'জেস্টেশনাল ডায়াবেটিস' (Gestational Diabetes) বলা হয়। এর প্রধান কারণ হলো হরমোন।

১. হরমোনের পরিবর্তন: গর্ভাবস্থায় প্লেইসেন্টা বা গর্ভফুল থেকে কিছু হরমোন নিঃসৃত হয় যা বাচ্চার বৃদ্ধির জন্য প্রয়োজন। কিন্তু এই হরমোনগুলো শরীরের ইনসুলিন (Insulin) এর কাজ বাধাগ্রস্ত করতে পারে।
২. ইনসুলিন রেজিস্ট্যান্স: যখন শরীর পর্যাপ্ত ইনসুলিন তৈরি করতে পারে না বা ইনসুলিন ঠিকমতো কাজ করতে পারে না, তখন রক্তে শর্করার পরিমাণ বেড়ে যায়। একেই আমরা 'ব্লাড সুগার' বৃদ্ধি বলা হয়।

বাচ্চার কি কোনো ক্ষতি হতে পারে? (Can it harm the baby?)
যদি আপনার ব্লাড সুগার নিয়ন্ত্রণে না থাকে, তবে বাচ্চার কিছু ঝুঁকি থাকতে পারে। যেমন:

মেগালোম্যালিয়া (Macrosomia): বাচ্চা অনেক বেশি ওজন নিয়ে জন্মানোর সম্ভাবনা থাকে, যা ডেলিভারির সময় জটিলতা তৈরি করতে পারে।
হাইপোগ্লাইসেমিয়া (Hypoglycemia): জন্মের পর বাচ্চার রক্তে শর্করার মাত্রা হঠাৎ কমে যেতে পারে।
জন্মগত ত্রুটি: গর্ভাবস্থার শুরুর দিকে সুগার নিয়ন্ত্রণে না থাকলে বাচ্চার শারীরিক গঠনে সমস্যা হতে পারে।
ভবিষ্যতে ঝুঁকি: এমন বাচ্চার ভবিষ্যতে স্থূলতা (Obesity) বা টাইপ-২ ডায়াবেটিস হওয়ার সম্ভাবনা কিছুটা বেড়ে যায়।
আপনার এখন যা করা উচিত (What you should do):
ভয় পাবেন না, কারণ সঠিক ব্যবস্থাপনার মাধ্যমে আপনি একটি সুস্থ বাচ্চা প্রসব করতে পারবেন।
১. নিয়মিত চেকআপ: আপনার ডাক্তারকে নিয়মিত দেখান এবং গ্লুকোমিটার দিয়ে বাড়িতেও মাঝে মাঝে 'ব্লাড সুগার' পরীক্ষা করুন।
২. ডায়েট কন্ট্রোল (Diet Control): চিনিযুক্ত খাবার, মিষ্টি এবং অতিরিক্ত কার্বোহাইড্রেট (যেমন সাদা চাল বা ময়দা) এড়িয়ে চলুন। প্রচুর শাকসবজি ও প্রোটিন খান।
৩. হালকা ব্যায়াম: ডাক্তারের পরামর্শ অনুযায়ী প্রতিদিন হালকা হাঁটাহাঁটি করার চেষ্টা করুন।
৪. ওষুধ বা ইনসুলিন: যদি প্রয়োজন হয়, ডাক্তার আপনাকে ইনসুলিন বা অন্য কোনো ওষুধের পরামর্শ দিতে পারেন। সেটি অবশ্যই নিয়ম মেনে চলবেন।

সতর্কবার্তা (Important Note):
আপনার সুগার লেভেল যদি অনেক বেশি থাকে বা আপনার যদি অতিরিক্ত ক্লান্তি ও ঘনঘন প্রস্রাবের সমস্যা হয়, তবে অবিলম্বে আপনার গাইনোকোলজিস্ট বা এন্ডোক্রিনোলজিস্টের (Endocrinologist) সাথে যোগাযোগ করুন। নিজে থেকে কোনো ওষুধ বা ডায়েট পরিবর্তন করবেন না।

আপনার এবং আপনার অনাগত সন্তানের জন্য অনেক দোয়া রইল। সুস্থ থাকুন।"
Gemma-4-26B-A4B,34,2,Special situations,গর্ভাবস্থায় ডায়াবেটিস কেন হয় বা হলে কি তা বাচ্চার ক্ষতি করতে পারে?,"আসসালামু আলাইকুম। আপনার দুশ্চিন্তা আমি বুঝতে পারছি, গর্ভাবস্থায় ডায়াবেটিস নিয়ে অনেক মায়েদের মনেই এই ভয় কাজ করে। তবে সঠিক নিয়ম মেনে চললে আপনি একটি সুস্থ বাচ্চা জন্ম দিতে পারেন।

আপনার প্রশ্নের উত্তর নিচে সহজভাবে দিচ্ছি:

গর্ভাবস্থায় ডায়াবেটিস কেন হয়? (Why does it happen?)
গর্ভাবস্থায় যে ডায়াবেটিস হয় তাকে চিকিৎসাবিজ্ঞানের ভাষায় Gestational Diabetes (জেস্টেশনাল ডায়াবেটিস) বলা হয়। এর প্রধান কারণ হলো হরমোন। গর্ভাবস্থায় প্লাসেন্টা (Placenta) বা গর্ভফুল থেকে কিছু হরমোন তৈরি হয় যা বাচ্চার বৃদ্ধিতে সাহায্য করে। কিন্তু এই হরমোনগুলো অনেক সময় ইনসুলিনকে বাধা দেয় (Insulin resistance)। যদি আপনার শরীর এই বাড়তি ইনসুলিনের চাহিদা মেটাতে না পারে, তবে রক্তে চিনির পরিমাণ বেড়ে যায় এবং ডায়াবেটিস দেখা দেয়।

বাচ্চার কি ক্ষতি হতে পারে? (Can it harm the baby?)
যদি ব্লাড সুগার (Blood Sugar) নিয়ন্ত্রণে না থাকে, তবে বাচ্চার কিছু ঝুঁকি থাকতে পারে। যেমন:
১. Macrosomia (মেগালোসোমা): বাচ্চার ওজন অনেক বেশি হয়ে যেতে পারে, যার ফলে ডেলিভারির সময় সমস্যা হতে পারে।
২. Hypoglycemia: জন্মের পর বাচ্চার রক্তে শর্করার মাত্রা হঠাৎ কমে যেতে পারে।
৩. Preterm Birth: সময়ের আগে বাচ্চা জন্ম নেওয়ার ঝুঁকি থাকে।
৪ ভবিষ্যতে বাচ্চার টাইপ-২ ডায়াবেটিস হওয়ার সম্ভাবনা কিছুটা বেড়ে যায়।

তবে ভয় পাবেন না! (Don't panic!)
মনে রাখবেন, ডায়াবেটিস মানেই কিন্তু বাচ্চার ক্ষতি নয়। আপনি যদি নিচের বিষয়গুলো মেনে চলেন, তবে ঝুঁকি অনেক কমিয়ে আনা সম্ভব:

নিয়মিত চেকআপ: আপনার ডাক্তার যেভাবে বলবেন, নিয়মিত ব্লাড সুগার পরীক্ষা করুন।
সঠিক ডায়েট (Diet): কার্বোহাইড্রেট বা শর্করা কম খেয়ে প্রোটিন এবং শাকসবজি বেশি খাওয়ার চেষ্টা করুন। চিনিযুক্ত খাবার একদম বাদ দিন।
হালকা ব্যায়াম: ডাক্তারের পরামর্শ অনুযায়ী প্রতিদিন অল্প হাঁটাহাঁটি করুন।
ওষুধ বা ইনসুলিন: যদি প্রয়োজন হয়, ডাক্তার আপনাকে ইনসুলিন (Insulin) দিতে পারেন। এটি বাচ্চার ক্ষতি করে না, বরং বাচ্চাকে সুস্থ রাখতে সাহায্য করে।
জরুরি পরামর্শ:
আপনার যদি ব্লাড সুগার অনেক বেশি থাকে বা আপনার খুব বেশি অস্থির লাগে, তবে দেরি না করে অবিলম্বে আপনার গাইনোকোলজিস্ট (Gynecologist) বা এন্ডোক্রিনোলজিস্টের (Endocrinologist) সাথে যোগাযোগ করুন।

সবসময় পজিটিভ থাকুন, সঠিক যত্ন নিলে আপনি একটি সুস্থ ও সুন্দর শিশু জন্ম দিতে পারবেন ইনশাআল্লাহ।"
Gemma-4-26B-A4B,35,1,Special situations,আমার বাবা-মায়ের ডায়াবেটিস আছে আমার হওয়ার সম্ভাবনা কতটুকু?,"আপনার চিন্তিত হওয়াটা খুব স্বাভাবিক। আপনার বাবা বা মায়ের ডায়াবেটিস থাকলে আপনার ঝুঁকি (risk) কিছুটা বেশি থাকে, তবে এর মানে এই নয় যে আপনার ডায়াবেটিস হবেই।

নিচে কিছু বিষয় সহজভাবে বুঝিয়ে বলছি:

১. জেনেটিক ফ্যাক্টর (Genetic Factor): যদি শুধু বাবার ডায়াবেটিস থাকে, তবে ঝুঁকি কিছুটা কম। কিন্তু যদি বাবা এবং মা—উভয়েরই ডায়াবেটিস থাকে, তবে আপনার টাইপ-২ ডায়াবেটিস হওয়ার সম্ভাবনা অনেক বেড়ে যায়। এটাকে আমরা 'family history' বলি।

২. লাইফস্টাইল (Lifestyle): জেনেটিক্স বা বংশগত কারণ থাকলেও, আপনি আপনার জীবনযাত্রা দিয়ে এই ঝুঁকি অনেক কমিয়ে আনতে পারেন। যেমন:

খাবার দাবারের নিয়ন্ত্রণ: অতিরিক্ত চিনি বা কার্বোহাইড্রেট (ভাত, রুটি) কমিয়ে শাকসবজি এবং প্রোটিন বেশি খাওয়া।
শারীরিক পরিশ্রম: প্রতিদিন অন্তত ৩০ মিনিট দ্রুত হাঁটা বা ব্যায়াম করা।
ওজন নিয়ন্ত্রণ: শরীরের ওজন যদি স্বাভাবিক সীমার মধ্যে থাকে, তবে ডায়াবেটিস হওয়ার ভয় অনেক কমে যায়।
৩. আপনার করণীয় কী?
যেহেতু আপনার ফ্যামিলিতে ডায়াবেটিসের ইতিহাস আছে, তাই আপনার কিছু সতর্কতা অবলম্বন করা উচিত:

Regular Check-up: বছরে অন্তত একবার আপনার 'Fasting Blood Sugar' এবং 'HbA1c' পরীক্ষা করিয়ে রাখা ভালো।
সতর্কতা: যদি আপনার অতিরিক্ত ক্ষুধা লাগে, ঘনঘন প্রস্রাব হয় বা হঠাৎ ওজন কমে যায়—এমন লক্ষণ দেখা দেয়, তবে দেরি না করে একজন ডাক্তারের পরামর্শ নিন।
মনে রাখবেন: বংশগত কারণ থাকলেও সঠিক ডায়েট (Diet) এবং ব্যায়াম (Exercise) দিয়ে আপনি সুস্থ থাকতে পারেন।"
Gemma-4-26B-A4B,35,2,Special situations,আমার বাবা-মায়ের ডায়াবেটিস আছে আমার হওয়ার সম্ভাবনা কতটুকু?,"আপনার চিন্তিত হওয়াটা খুব স্বাভাবিক। ডায়াবেটিসের ক্ষেত্রে জেনেটিক বা বংশগত কারণ একটি বড় ভূমিকা রাখে।

সহজভাবে বলতে গেলে, আপনার বাবা এবং মা—উভয়েরই যদি ডায়াবেটিস থাকে, তবে আপনার টাইপ-২ ডায়াবেটিস হওয়ার রিস্ক বা সম্ভাবনা বেশ বেশি। গবেষণায় দেখা গেছে, যদি বাবা-মায়ের দুজনেই ডায়াবেটিসে আক্রান্ত হন, তবে সন্তানের ঝুঁকি অনেক বেড়ে যায়।

তবে একটি বিষয় মনে রাখবেন, ""Genetics is not destiny"" (জেনেটিক্স মানেই নিশ্চিত হওয়া নয়)। আপনার জিনগত ঝুঁকি থাকলেও কিছু বিষয় নিয়ন্ত্রণ করার মাধ্যমে আপনি ডায়াবেটিস প্রতিরোধ করতে পারেন। নিচের টিপসগুলো মেনে চললে আপনি সুস্থ থাকতে পারবেন:

১. Healthy Diet (সঠিক খাবার): চিনিযুক্ত খাবার, মিষ্টি এবং অতিরিক্ত কার্বোহাইড্রেট (যেমন সাদা চাল বা ময়দা) কমিয়ে দিন। শাকসবজি এবং ফাইবারযুক্ত খাবার বেশি খান।
২. Weight Management: ওজন নিয়ন্ত্রণে রাখা খুব জরুরি। বিশেষ করে পেটের চর্বি কমানোর চেষ্টা করুন।
৩. Physical Activity: প্রতিদিন অন্তত ৩০ মিনিট দ্রুত হাঁটুন বা ব্যায়াম করার অভ্যাস করুন। এটি আপনার ব্লাড সুগার (Blood Sugar) নিয়ন্ত্রণে রাখতে সাহায্য করবে।
৪. Regular Check-up: বছরে অন্তত একবার আপনার 'HbA1c' এবং 'Fasting Blood Sugar' পরীক্ষা করিয়ে নিন। এতে আপনার বর্তমান অবস্থা বুঝতে পারবেন।

আমার পরামর্শ: যেহেতু আপনার ফ্যামিলি হিস্ট্রি আছে, তাই ভয় না পেয়ে একটি Lifestyle Modification প্ল্যান তৈরি করুন। আপনি যদি নিয়মিত স্বাস্থ্যকর জীবনযাপন করেন, তবে এই ঝুঁকি অনেক কমিয়ে আনা সম্ভব।

আপনার যদি আরও কোনো প্রশ্ন থাকে বা কোনো শারীরিক সমস্যা অনুভব করেন, অবশ্যই একজন এন্ডোক্রাইনোলজিস্ট (Endocrinologist) বা বিশেষজ্ঞ ডাক্তারের পরামর্শ নিন।"
Gemma-4-26B-A4B,36,1,Special situations,ডায়াবেটিস হলে কি প্রেগনেন্সিতে কোন সমস্যা হয়?,"দেখুন, ডায়াবেটিস থাকলে প্রেগনেন্সি বা গর্ভাবস্থায় কিছু চ্যালেঞ্জ থাকতে পারে, তবে সঠিক কন্ট্রোলে থাকলে আপনি একটি সুস্থ বাচ্চা এবং সুস্থ মা হতে পারেন।

ডায়াবেটিস থাকলে মূলত দুটি বিষয় খেয়াল রাখতে হয়:

১. Pre-gestational Diabetes: যদি প্রেগনেন্সির আগেই আপনার ডায়াবেটিস থাকে। এক্ষেত্রে ব্লাড সুগার লেভেল খুব ভালোভাবে নিয়ন্ত্রণে রাখা জরুরি, নাহলে বাচ্চার বড় হওয়ার সময় কিছু সমস্যা (যেমন: অতিরিক্ত ওজন বা জন্মগত ত্রুটি) হতে পারে।

২. Gestational Diabetes: অনেক সময় গর্ভাবস্থায় হরমোনের পরিবর্তনের কারণে ডায়াবেটিস দেখা দেয়। এটি সাধারণত বাচ্চা হওয়ার পর ঠিক হয়ে যায়, তবে ভবিষ্যতে টাইপ-২ ডায়াবেটিসের ঝুঁকি বাড়াতে পারে।

আপনার যা করা উচিত (Important Steps):

Pre-conception Care: গর্ভবতী হওয়ার পরিকল্পনা করার আগেই আপনার এন্ডোক্রাইনোলজিস্ট বা ডাক্তারের সাথে কথা বলুন। আপনার HbA1c লেভেল চেক করে নেওয়া খুব জরুরি।
Strict Sugar Control: ব্লাড সুগার যেন একদম নিয়ন্ত্রণে থাকে সেদিকে খেয়াল রাখতে হবে। এর জন্য ইনসুলিন বা ওষুধের সঠিক ডোজ প্রয়োজন হতে পারে।
Diet & Nutrition: ডায়েটে কার্বোহাইড্রেট কমিয়ে প্রোটিন এবং শাকসবজি বেশি রাখার চেষ্টা করুন।
Regular Checkups: গর্ভাবস্থায় নিয়মিত ডাক্তার দেখানো এবং আল্ট্রাসনোগ্রাম করা খুব দরকার যাতে বাচ্চার বৃদ্ধি ঠিক আছে কিনা বোঝা যায়।
সতর্কবার্তা (Safety Warning):
আপনার যদি ডায়াবেটিস থাকে এবং আপনি প্রেগনেন্সির কথা ভাবছেন, তবে অবশ্যই একজন বিশেষজ্ঞ গাইনোকোলজিস্ট এবং এন্ডোক্রাইনোলজিস্টের পরামর্শ নিন। নিজে থেকে কোনো ওষুধ বা ডায়েট পরিবর্তন করবেন না।

সবকিছু ঠিকমতো ম্যানেজ করতে পারলে একটি সুস্থ প্রেগনেন্সি সম্ভব। চিন্তা করবেন না, শুধু নিয়ম মেনে চলুন।"
Gemma-4-26B-A4B,36,2,Special situations,ডায়াবেটিস হলে কি প্রেগনেন্সিতে কোন সমস্যা হয়?,"আপনার প্রশ্নটি খুবই গুরুত্বপূর্ণ। ডায়াবেটিস থাকলে প্রেগনেন্সি বা গর্ভাবস্থায় কিছু বাড়তি সতর্কতা অবলম্বন করতে হয়, কারণ এটি মা এবং শিশু—উভয়ের জন্যই কিছু ঝুঁকি তৈরি করতে পারে।

সহজভাবে বলতে গেলে, ডায়াবেটিস থাকলে প্রেগনেন্সিতে সমস্যা হতে পারে, তবে সঠিক কন্ট্রোলে থাকলে একটি সুস্থ বাচ্চা জন্ম দেওয়া সম্ভব।

নিচে কিছু সম্ভাব্য সমস্যার কথা তুলে ধরা হলো:

১. Gestational Diabetes: অনেক সময় গর্ভাবস্থায় হরমোনের পরিবর্তনের কারণে রক্তে সুগারের মাত্রা বেড়ে যায়, যাকে 'জেস্টেশনাল ডায়াবেটিস' বলে। এটি নিয়ন্ত্রণে না থাকলে সমস্যা বাড়তে পারে।
২. হাইপারগ্লাইসেমিয়া (High Blood Sugar): ব্লাড সুগার বেশি থাকলে বাচ্চার ওজন অনেক বেশি হতে পারে (Macrosomia), যা ডেলিভারির সময় জটিলতা তৈরি করতে পারে।
৩. জন্মগত ত্রুটি (Birth Defects): যদি প্রেগনেন্সির শুরুর দিকে সুগারের মাত্রা খুব বেশি থাকে, তবে বাচ্চার হার্ট বা মেরুদণ্ডের মতো গুরুত্বপূর্ণ অঙ্গের গঠনে সমস্যা হওয়ার ঝুঁকি থাকে।
৪. প্রি-এক্লাম্পসিয়া (Pre-eclampsia): ডায়াবেটিস থাকলে গর্ভাবস্থায় রক্তচাপ বা ব্লাড প্রেশার হঠাৎ বেড়ে যাওয়ার ঝুঁকি থাকে, যা মা ও বাচ্চার জন্য বিপদজনক হতে পারে।
৫. অন্যান্য ঝুঁকি: সময়ের আগে ডেলিভারি (Preterm birth) বা বাচ্চার ওজন কম হওয়ার সম্ভাবনা থাকে।

আপনার এখন কী করা উচিত?

ডাক্তারের পরামর্শ নিন: আপনি যদি প্রেগনেন্সির পরিকল্পনা করেন বা বর্তমানে গর্ভবতী হন, তবে অবশ্যই একজন Endocrinologist (ডায়াবেটিস বিশেষজ্ঞ) এবং একজন Obstetrician (গাইনোকোলজিস্ট)-এর সাথে নিয়মিত যোগাযোগ রাখতে হবে।
ব্লাড সুগার কন্ট্রোল: আপনার HbA1c লেভেল এবং প্রতিদিনের ব্লাড সুগার একদম নিয়ন্ত্রণে রাখা সবচেয়ে জরুরি।
সঠিক ডায়েট ও জীবনযাত্রা: পুষ্টিকর খাবার খাওয়া এবং ডাক্তারের পরামর্শ অনুযায়ী হালকা ব্যায়াম করা প্রয়োজন।
মনে রাখবেন: ভয় পাওয়ার কিছু নেই। সঠিক ইনসুলিন বা ওষুধের মাধ্যমে এবং নিয়মিত চেকআপের মাধ্যমে আপনি একটি সুস্থ ও সুন্দর গর্ভাবস্থা নিশ্চিত করতে পারেন।

আপনার যদি সুগার লেভেল নিয়ে কোনো সন্দেহ থাকে, তবে দেরি না করে দ্রুত আপনার ডাক্তার দেখান।"
Gemma-4-26B-A4B,37,1,Special situations,ডায়াবেটিস কি বংশগত জটিলতা?,"হ্যাঁ, ডায়াবেটিস অবশ্যই একটি বংশগত বা জেনেটিক (Genetic) বিষয় হতে পারে। সহজভাবে বলতে গেলে, আপনার পরিবারের যদি আগে থেকেই কারও ডায়াবেটিস থাকে, তবে আপনার এই রোগটি হওয়ার ঝুঁকি অনেকটা বেড়ে যায়।

বিষয়টি একটু বুঝিয়ে বলছি:

১. Type 1 Diabetes: এটি সাধারণত ইমিউন সিস্টেমের সমস্যার কারণে হয়। এখানেও জেনেটিক ফ্যাক্টর কাজ করে, অর্থাৎ বংশগতভাবে হওয়ার সম্ভাবনা থাকে।

২. Type 2 Diabetes: এটি সবচেয়ে কমন। এতে বংশগতির ভূমিকা অনেক বেশি। যদি আপনার বাবা বা মা—উভয়েরই টাইপ ২ ডায়াবেটিস থাকে, তবে আপনার হওয়ার ঝুঁকি অনেক বেশি। তবে মনে রাখবেন, শুধু জিন থাকলেই হবে না, লাইফস্টাইলও খুব গুরুত্বপূর্ণ।

তবে একটি কথা মনে রাখা খুব জরুরি:
বংশগত ঝুঁকি থাকলেও আপনি যদি আপনার ডায়েট (Diet) এবং লাইফস্টাইল (Lifestyle) ঠিক রাখেন, তবে এই রোগটি নিয়ন্ত্রণে রাখা বা প্রতিরোধ করা সম্ভব। যেমন:

নিয়মিত ব্যায়াম করা।
ওজন নিয়ন্ত্রণে রাখা।
মিষ্টি এবং কার্বোহাইড্রেট জাতীয় খাবার কম খাওয়া।
আপনার যদি ডায়াবেটিস সম্পর্কে কোনো সন্দেহ থাকে বা আপনার পরিবারের কারো এই সমস্যা থাকে, তবে একজন ভালো এন্ডোক্রাইনোলজিস্ট (Endocrinologist) বা বিশেষজ্ঞ ডাক্তারের পরামর্শ নেওয়া এবং নিয়মিত ব্লাড সুগার (Blood Sugar) চেক করা সবচেয়ে বুদ্ধিমানের কাজ হবে।"
Gemma-4-26B-A4B,37,2,Special situations,ডায়াবেটিস কি বংশগত জটিলতা?,"আপনার প্রশ্নটি খুবই গুরুত্বপূর্ণ। সহজ কথায় বলতে গেলে, হ্যাঁ, ডায়াবেটিস অনেকাংশেই বংশগত বা জেনেটিক (Genetic) কারণে হতে পারে।

তবে বিষয়টি একটু বিস্তারিত বোঝা দরকার:

১. Type 1 Diabetes: এই ধরনের ডায়াবেটিসে জিনগত বা বংশগত প্রভাব থাকতে পারে, তবে এর সাথে অটোইমিউন ফ্যাক্টরও কাজ করে।

২. Type 2 Diabetes: এখানে বংশগত প্রভাব অনেক বেশি দেখা যায়। যদি আপনার বাবা বা মায়ের Type 2 diabetes থাকে, তবে আপনার এই রোগে আক্রান্ত হওয়ার ঝুঁকি (Risk) অনেক বেড়ে যায়। এটাকে আমরা 'Family History' বলি।

কিন্তু একটি কথা মনে রাখা খুব জরুরি:
বংশগত কারণ মানে এই নয় যে আপনার ডায়াবেটিস হবেই। জিনগত ঝুঁকি থাকলেও আপনি যদি আপনার লাইফস্টাইল (Lifestyle) ঠিক রাখেন, তবে এই রোগটি প্রতিরোধ করা বা নিয়ন্ত্রণে রাখা সম্ভব। যেমন:

সুষম ডায়েট (Balanced Diet): চিনি ও কার্বোহাইড্রেট কম খেয়ে শাকসবজি ও ফাইবারযুক্ত খাবার খাওয়া।
শারীরিক পরিশ্রম (Physical Activity): প্রতিদিন অন্তত ৩০ মিনিট হাঁটা বা ব্যায়াম করা।
ওজন নিয়ন্ত্রণ (Weight Management): শরীরের ওজন নিয়ন্ত্রণে রাখা।
আপনার যদি পরিবারে কারও ডায়াবেটিস থাকে, তবে নিয়মিত ব্লাড সুগার (Blood Sugar) চেক করা এবং একজন বিশেষজ্ঞ ডাক্তারের পরামর্শ নেওয়া সবচেয়ে বুদ্ধিমানের কাজ হবে।

আপনার কি পরিবারের কারো ডায়াবেটিস আছে? বা আপনার কি কোনো লক্ষণ দেখা দিচ্ছে? জানালে আমি আরও ভালো পরামর্শ দিতে পারব।"
Gemma-4-26B-A4B,38,1,Special situations,ডায়াবেটিস হলে কি আমি স্বাভাবিক জীবন যাপন করতে পারব?,"হ্যাঁ, একদম নিশ্চিত থাকতে পারেন। ডায়াবেটিস মানেই জীবনের শেষ নয়। আপনি অবশ্যই একটি স্বাভাবিক এবং সুন্দর জীবন (normal and healthy life) যাপন করতে পারবেন।

ডায়াবেটিস ম্যানেজ করা অনেকটা গাড়ির স্পিড কন্ট্রোল করার মতো। যদি আপনি সঠিক নিয়ম মেনে চলেন, তবে কোনো বড় জটিলতা ছাড়াই আপনি আপনার প্রতিদিনের কাজ, ভ্রমণ এবং আনন্দময় মুহূর্তগুলো উপভোগ করতে পারবেন।

একটি সুস্থ জীবনের জন্য আপনাকে মূলত ৩টি বিষয়ের দিকে খেয়াল রাখতে হবে:

১. সঠিক ডায়েট (Dietary Control): খাবারে কার্বোহাইড্রেট বা শর্করা কমিয়ে প্রোটিন এবং ফাইবারযুক্ত খাবার বেশি খেতে হবে। মিষ্টি, চিনিযুক্ত পানীয় এবং অতিরিক্ত ভাজাপোড়া এড়িয়ে চলা জরুরি।

২. নিয়মিত শরীরচর্চা (Regular Exercise): প্রতিদিন অন্তত ৩০ মিনিট দ্রুত হাঁটা বা হালকা ব্যায়াম আপনার ব্লাড সুগার (Blood Sugar) নিয়ন্ত্রণে রাখতে ম্যাজিকের মতো কাজ করবে।

৩. ওষুধ ও মনিটরিং (Medication & Monitoring): ডাক্তার আপনাকে যে ইনসুলিন (Insulin) বা ট্যাবলেট দিয়েছেন, তা নিয়মিত খেতে হবে। পাশাপাশি মাঝে মাঝে বাড়িতে ব্লাড সুগার চেক করা একটি ভালো অভ্যাস।

মনে রাখবেন, ডায়াবেটিস নিয়ন্ত্রণে রাখা আপনার নিজের হাতে। আপনি যদি ডিসিপ্লিনড থাকেন, তবে কোনো সমস্যাই আপনাকে থামিয়ে রাখতে পারবে না।

তবে, আপনার যদি হঠাৎ করে খুব বেশি দুর্বল লাগে বা ব্লাড সুগার অস্বাভাবিক কম বা বেশি মনে হয়, তবে দেরি না করে দ্রুত আপনার ডাক্তারের (Doctor) সাথে পরামর্শ করুন।

আপনার কি বর্তমানে কোনো শারীরিক সমস্যা হচ্ছে? বা আপনি কি আপনার বর্তমান ডায়েট সম্পর্কে কিছু বলতে চান? আমি আপনাকে সাহায্য করার চেষ্টা করতে পারি।"
Gemma-4-26B-A4B,38,2,Special situations,ডায়াবেটিস হলে কি আমি স্বাভাবিক জীবন যাপন করতে পারব?,"হ্যাঁ, একদম নিশ্চিত থাকতে পারেন। ডায়াবেটিস মানেই জীবনের শেষ নয়। সঠিক নিয়ম মেনে চললে আপনি একদম স্বাভাবিক জীবনযাপন (Normal life) করতে পারবেন এবং আপনার প্রিয় কাজগুলো যেমন—ভ্রমণ করা, খেলাধুলা করা বা পরিবারের সাথে সময় কাটানো—সবই সম্ভব।

ডায়াবেটিস কন্ট্রোলে রাখতে আপনাকে শুধু কিছু ছোটখাটো পরিবর্তন আনতে হবে:

১. নিয়মিত ব্লাড সুগার চেক করা: আপনার ব্লাড সুগার (Blood Sugar) লেভেল কত থাকছে, সেটা নিয়মিত মনিটর করা খুব জরুরি। এতে আপনি বুঝতে পারবেন কোন খাবার বা কাজের ফলে সুগার বাড়ছে বা কমছে।

২. সঠিক ডায়েট বা খাদ্যাভ্যাস: খাবারে কার্বোহাইড্রেট বা শর্করা কিছুটা কমিয়ে প্রোটিন এবং প্রচুর পরিমাণে শাকসবজি রাখার চেষ্টা করুন। মিষ্টি বা অতিরিক্ত চিনিযুক্ত খাবার এড়িয়ে চলাই ভালো।

৩. শারীরিক পরিশ্রম: প্রতিদিন অন্তত ৩০ মিনিট হাঁটা বা হালকা ব্যায়াম করার অভ্যাস করুন। এটি আপনার ইনসুলিন (Insulin) সেনসিটিভিটি বাড়াতে সাহায্য করবে।

৪. ওষুধের নিয়ম মেনে চলা: ডাক্তার আপনাকে যে ওষুধ (Medication) বা ইনসুলিন (Insulin) দিয়েছেন, তা একদম সঠিক সময়ে এবং নিয়মিত গ্রহণ করতে হবে। নিজে থেকে ওষুধ বন্ধ করা বা পরিবর্তন করা একদম উচিত নয়।

৫. মানসিক প্রশান্তি ও ঘুম: অতিরিক্ত স্ট্রেস বা দুশ্চিন্তা করবেন না। পর্যাপ্ত ঘুম এবং মন শান্ত রাখা ডায়াবেটিস ম্যানেজ করার জন্য খুব দরকারি।

মনে রাখবেন, ডায়াবেটিস হলো একটি লাইফস্টাইল ডিজিজ। আপনি যদি আপনার জীবনযাত্রায় একটু শৃঙ্খলা আনেন, তবে এটি আপনাকে কোনো বাধা দিতে পারবে না।

তবে আপনার যদি সুগার অনেক বেশি থাকে বা শরীর খারাপ লাগে, তবে দেরি না করে দ্রুত আপনার ডাক্তারের (Doctor) সাথে পরামর্শ করুন। আমি সবসময় আপনার পাশে আছি।"
Gemma-4-26B-A4B,39,1,Special situations,ডায়াবেটিস কি কোনোদিনও ভালো হয় না?,"আপনার মনের এই দুশ্চিন্তাটা আমি বুঝতে পারছি। ডায়াবেটিস নিয়ে এমন মনে হওয়া খুব স্বাভাবিক।

দেখুন, সত্যি বলতে কি, Type 1 এবং Type 2 ডায়াবেটিসের ক্ষেত্রে 'ভালো হওয়া' বা 'নিরাময়' (Cure) শব্দটা একটু জটিল।

১. Type 1 Diabetes: এটি একটি অটোইমিউন কন্ডিশন, যেখানে শরীর ইনসুলিন তৈরি করতে পারে না। এটি পুরোপুরি সারানোর কোনো উপায় এখনো আবিষ্কৃত হয়নি, তবে সঠিক ইনসুলিন থেরাপি এবং ডায়েট মেনে চললে আপনি একদম সুস্থ মানুষের মতো জীবন কাটাতে পারবেন।

২. Type 2 Diabetes: টাইপ ২ ডায়াবেটিসের ক্ষেত্রে আমরা 'Cure' শব্দের বদলে 'Remission' শব্দটি ব্যবহার করি। এর মানে হলো, আপনার রক্তে সুগারের মাত্রা স্বাভাবিক পর্যায়ে নিয়ে আসা। যদি আপনি খুব কঠোরভাবে Diet Control, নিয়মিত Physical Exercise এবং প্রয়োজনে ওষুধের মাধ্যমে ব্লাড সুগার নিয়ন্ত্রণে রাখতে পারেন, তবে অনেক ক্ষেত্রে ইনসুলিন বা ওষুধের ওপর নির্ভরতা কমিয়ে ফেলা সম্ভব। একে আমরা 'ডায়াবেটিস রিমিশন' বলি।

আপনার জন্য কিছু জরুরি পরামর্শ:

Lifestyle Change: শুধু ওষুধ দিয়ে ডায়াবেটিস নিয়ন্ত্রণ করা কঠিন। আপনাকে কার্বোহাইড্রেট (যেমন ভাত, রুটি) কমিয়ে শাকসবজি এবং প্রোটিন বাড়াতে হবে।
Regular Monitoring: নিয়মিত আপনার Blood Sugar Level চেক করুন।
Don't Lose Hope: ডায়াবেটিস মানেই জীবন শেষ নয়। সঠিক নিয়ম মেনে চললে আপনি দীর্ঘকাল সুস্থ ও প্রাণবন্ত থাকতে পারবেন।
তবে মনে রাখবেন, আমি একজন AI। আপনার ব্লাড সুগার বা ওষুধের কোনো পরিবর্তন করার আগে অবশ্যই একজন Endocrinologist (ডায়াবেটিস বিশেষজ্ঞ) বা আপনার নিয়মিত ডাক্তারের সাথে কথা বলুন।"
Gemma-4-26B-A4B,39,2,Special situations,ডায়াবেটিস কি কোনোদিনও ভালো হয় না?,"আপনার মনের এই দুশ্চিন্তাটা আমি একদম বুঝতে পারছি। ডায়াবেটিস নিয়ে এমন মনে হওয়া খুব স্বাভাবিক।

দেখুন, সত্যি বলতে কী, টাইপ-২ ডায়াবেটিস (Type 2 Diabetes) পুরোপুরি 'কিউর' বা নির্মূল করা কঠিন, কিন্তু এটাকে 'রিমিশন' (Remission) পর্যায়ে নিয়ে যাওয়া সম্ভব। অর্থাৎ, সঠিক জীবনযাত্রা মেনে চললে আপনার ব্লাড সুগার লেভেল একদম স্বাভাবিক রাখা সম্ভব এবং আপনাকে হয়তো আর কোনো ওষুধ বা ইনসুলিন ছাড়াই সুস্থ থাকা যাবে।

ডায়াবেটিসকে নিয়ন্ত্রণ করার জন্য নিচের বিষয়গুলো খুব জরুরি:

১. সঠিক ডায়েট (Diet Control): চিনি, মিষ্টি এবং অতিরিক্ত কার্বোহাইড্রেট (যেমন সাদা ভাত বা রুটি) কমিয়ে শাকসবজি ও প্রোটিন বেশি খেতে হবে।

২. শারীরিক পরিশ্রম (Physical Activity): প্রতিদিন অন্তত ৩০ মিনিট দ্রুত হাঁটা বা ব্যায়াম করা আপনার ইনসুলিন সেনসিটিভিটি বাড়াতে সাহায্য করবে।

৩. ওজন নিয়ন্ত্রণ (Weight Management): যদি ওজন বেশি থাকে, তবে সামান্য ওজন কমালেও ব্লাড সুগারের লেভেলে অনেক বড় পরিবর্তন আসতে পারে।

৪. নিয়মিত চেকআপ: নিয়মিত সময়ে ব্লাড সুগার পরীক্ষা করা এবং ডাক্তারের পরামর্শ অনুযায়ী ওষুধ বা ইনসুলিন নেওয়া খুবই জরুরি।

মনে রাখবেন, ডায়াবেটিস মানেই জীবন শেষ নয়। এটাকে ভয় না পেয়ে যদি আপনি আপনার লাইফস্টাইল পরিবর্তন করতে পারেন, তবে আপনি একটি অনেক সুন্দর ও সুস্থ জীবন কাটাতে পারবেন।

তবে আপনার যদি খুব বেশি সমস্যা বোধ হয় বা সুগার লেভেল অস্বাভাবিক থাকে, তবে দেরি না করে দ্রুত আপনার ডাক্তারের (Doctor) সাথে পরামর্শ করুন। আমি সবসময় আপনার পাশে আছি।"
Gemma-4-26B-A4B,40,1,Special situations,ডায়াবেটিস রোগীর জন্য রমজান মাসে ডায়েট-চার্ট কেমন হবে?,"রমজান মাস একজন ডায়াবেটিস রোগীর জন্য কিছুটা চ্যালেঞ্জিং হতে পারে, তবে সঠিক পরিকল্পনা থাকলে আপনি সুস্থভাবে রোজা রাখতে পারবেন। মনে রাখবেন, রোজার মূল লক্ষ্য হলো আপনার ব্লাড সুগার (Blood Sugar) যেন খুব বেশি বা খুব কম না হয়।

নিচে একটি সাধারণ গাইডলাইন দেওয়া হলো, তবে আপনার বর্তমান মেডিসিন এবং শারীরিক অবস্থা অনুযায়ী এটি পরিবর্তন হতে পারে। তাই আপনার ডাক্তার বা ডায়েটিশিয়ানের পরামর্শ নেওয়া সবচেয়ে জরুরি।

১. ইফতারের সময় (Iftar Time)
ইফতার শুরু করবেন খুব ভারি খাবার দিয়ে নয়।

শুরু করুন: ১-২টি খেজুর এবং প্রচুর পরিমাণে পানি দিয়ে। খেজুর রক্তে সুগার ধীরে ধীরে বাড়াতে সাহায্য করে।
Avoid: ভাজাপোড়া (Singara, Samucha), অতিরিক্ত মিষ্টি বা ডিপ ফ্রাইড খাবার একদম এড়িয়ে চলুন। এগুলো রক্তে সুগার হুট করে বাড়িয়ে দেয় (Sugar Spike)।
প্রোটিন ও ফাইবার: ইফতারের মেন্যুতে ডাল, মুরগির মাংস বা মাছ এবং প্রচুর পরিমাণে সালাদ (শসা, টমেটো, গাজর) রাখার চেষ্টা করুন।
২. সেহরি (Sehri Time)
সেহরি হলো সারাদিনের শক্তির মূল উৎস। তাই এটি যেন পুষ্টিকর হয়।

Complex Carbohydrates: সাদা চালের বদলে লাল চালের ভাত বা লাল আটার রুটি খান। এতে ফাইবার বেশি থাকে, যা দীর্ঘক্ষণ পেট ভরা রাখতে সাহায্য করে।
প্রোটিন: ডিম, পনির বা ডাল রাখুন।
ফল ও সবজি: একটি কলা বা আপেল এবং প্রচুর পরিমাণে শাকসবজি খেতে পারেন।
Hydration: সেহরি থেকে ইফতার পর্যন্ত পর্যাপ্ত পানি পান করার চেষ্টা করুন যাতে ডিহাইড্রেশন না হয়।
৩. কিছু জরুরি টিপস (Important Tips)
Sugar Monitoring: রোজ সকালে এবং ইফতারের পর আপনার ব্লাড সুগার (Blood Sugar) চেক করুন। যদি দেখেন সুগার অনেক বেশি বা খুব কম (Hypoglycemia), তবে দ্রুত ব্যবস্থা নিন।
Medication Adjustment: রোজা রাখার জন্য আপনার ইনসুলিন বা ওরাল মেডিসিনের ডোজ পরিবর্তন করতে হতে পারে। নিজে থেকে কোনো ওষুধ বন্ধ করবেন না বা পরিবর্তন করবেন না, অবশ্যই আপনার ডাক্তারের সাথে কথা বলে ওষুধের সময়সূচী ঠিক করে নিন।
Small Meals: একবারে অনেক বেশি না খেয়ে অল্প অল্প করে বারবার খাওয়ার অভ্যাস করুন (যদি সম্ভব হয়)।
কখন ডাক্তার দেখাবেন? (Warning Signs)
যদি রোজা চলাকালীন আপনার নিচের লক্ষণগুলো দেখা দেয়, তবে দেরি না করে দ্রুত ডাক্তারের পরামর্শ নিন:

প্রচণ্ড মাথা ঘোরা বা অজ্ঞান হয়ে যাওয়া।
অতিরিক্ত ঘাম হওয়া এবং শরীর কাঁপা (Hypoglycemia এর লক্ষণ)।
দৃষ্টিশক্তি ঝাপসা হয়ে আসা।
প্রচণ্ড তৃষ্ণা বা বারবার প্রস্রাব হওয়া।
মনে রাখবেন: আপনার শরীরের অবস্থা অনুযায়ী একটি কাস্টমাইজড চার্ট তৈরি করার জন্য একজন বিশেষজ্ঞ ডায়েটিশিয়ানের সাহায্য নেওয়া সবচেয়ে ভালো। সুস্থ থাকুন, সাবধানে রোজা দিন।"
Gemma-4-26B-A4B,40,2,Special situations,ডায়াবেটিস রোগীর জন্য রমজান মাসে ডায়েট-চার্ট কেমন হবে?,"রমজানে ডায়াবেটিস কন্ট্রোল করা একটু চ্যালেঞ্জিং হতে পারে, কিন্তু সঠিক পরিকল্পনা থাকলে আপনি সুস্থভাবে রোজা রাখতে পারবেন। মনে রাখবেন, আপনার ব্লাড সুগার যদি খুব বেশি ওঠানামা করে বা আপনি যদি ইনসুলিন নেন, তবে অবশ্যই আপনার ডাক্তারের সাথে কথা বলে রোজা রাখার সিদ্ধান্ত নেবেন।

নিচে একটি সাধারণ Diet Chart দেওয়া হলো যা আপনাকে সাহায্য করতে পারে:

১. ইফতারের সময় (Iftar Time)
ইফতার শুরু করবেন খুব ভারী খাবার দিয়ে নয়।

শুরু করুন: ১-২টি খেজুর এবং প্রচুর পরিমাণে পানি দিয়ে। খেজুর ব্লাড সুগার দ্রুত বাড়াতে পারে, তাই পরিমিত খান।
Avoid: ভাজাপোড়া খাবার (যেমন: সিঙ্গারা, সমুচা), অতিরিক্ত মিষ্টি বা শরবত এড়িয়ে চলুন। এগুলো রক্তে শর্করার মাত্রা হঠাৎ বাড়িয়ে দেয়।
Healthy Option: ইফতারের সাথে সালাদ (শসা, টমেটো, গাজর) রাখুন। প্রোটিনের জন্য অল্প পরিমাণে চর্বিহীন মাংস বা ডাল খেতে পারেন।
২. সাহরির সময় (Suhoor Time)
সাহরি হলো সারাদিন শক্তি ধরে রাখার মূল উৎস। তাই সাহরিতে এমন খাবার খান যা ধীরে ধীরে রক্তে সুগার রিলিজ করে।

Complex Carbohydrates: লাল চালের ভাত, ওটস (Oats), বা আটার রুটি খান। এগুলো দীর্ঘক্ষণ পেট ভরা রাখতে সাহায্য করে।
Protein: ডিম (সিদ্ধ), পনির বা ডাল রাখুন। প্রোটিন থাকলে ক্ষুধা কম লাগে।
Fiber: প্রচুর সবজি এবং শাকসবজি খান। এতে কোষ্ঠকাঠিন্য (Constipation) হওয়ার ভয় কম থাকে।
Hydration: সাহরির সময় পর্যাপ্ত পানি পান করুন যাতে সারাদিন ডিহাইড্রেশন না হয়।
৩. কিছু জরুরি টিপস (Important Tips)
Portion Control: একবারে অনেক বেশি না খেয়ে অল্প অল্প করে বারবার খাওয়ার চেষ্টা করুন।
Monitor Sugar: রোজা চলাকালীন সময়ে এবং ইফতারের পর নিয়মিত Blood Sugar Level চেক করুন। যদি খুব বেশি লো (Hypoglycemia) বা হাই (Hyperglycemia) মনে হয়, তবে দেরি না করে ডাক্তারের পরামর্শ নিন।
Avoid Caffeine: চা বা কফি অতিরিক্ত খাবেন না, কারণ এগুলো শরীর থেকে পানি বের করে দেয় (Dehydration)।
সতর্কবার্তা (Safety Warning):
আপনার যদি টাইপ-১ ডায়াবেটিস থাকে বা আপনি নিয়মিত ইনসুলিন ইনজেকশন নেন, তবে রোজা রাখার আগে আপনার ডাক্তারকে দিয়ে আপনার Medication Schedule পরিবর্তন করিয়ে নেওয়া অত্যন্ত জরুরি। যদি রোজা চলাকালীন চোখে ঝাপসা দেখা, অতিরিক্ত ঘাম বা মাথা ঘোরা অনুভব করেন, তবে দ্রুত রোজা ভেঙে দিয়ে ডাক্তারের সাথে যোগাযোগ করুন।"
BanglaDiaRAG,1,1,Dietary,ডায়াবেটিস হলে কি আমি দিনে তিন বেলা ভাত খেতে পারব নাকি ভাতের বদলে রুটি খাওয়া যাবে?,"আসসালামু আলাইকুম। আপনার প্রশ্নটা খুবই গুরুত্বপূর্ণ। ডায়াবেটিস থাকলে খাবার নিয়ে কিছু নিয়ম মেনে চলা দরকার।
ভাত খাওয়া নিয়ে আপনার সংশয় দূর করার চেষ্টা করছি। প্রথমে বলি, ডায়াবেটিস হলে ভাত একদম ছোঁয়া যাবে না—এটি একটি সম্পূর্ণ ভুল ধারণা। প্রকৃতপক্ষে ভাত এবং রুটি দুটোই শর্করা বা কার্বোহাইড্রেট (Carbohydrates) জাতীয় খাবার।
তাই আপনি চাইলে ভাতের বদলে রুটি অথবা পরিমাণ ঠিক রেখে তিন বেলা ভাতও খেতে পারেন। তবে কিছু বিষয় মনে রাখতে হবে:
পরিমাণ: একবারে বেশি ভাত না খেয়ে পরিমাপ মেনে অল্প পরিমাণে খান।
ফাইবার যুক্ত করা: ভাতের সাথে প্রচুর শাকসবজি ও ডালজাতীয় (Legumes) খাবার যোগ করুন। ফাইবার হজম প্রক্রিয়া ধীর করে, ফলে সুগার দ্রুত বাড়তে দেয় না।
সঠিক শস্য নির্বাচন: সাদা ভাতের চেয়ে লাল চালের ভাত (Brown rice) বা লাল আটার রুটি বেশি উপকারী।
সবশেষে, আমি আপনাকে পরামর্শ দেবো যে একজন পুষ্টিবিদ (Dietitian) বা চিকিৎসকের সাথে কথা বলুন। তিনি আপনার ব্লাড সুগারের রিপোর্ট দেখে এবং আপনার শারীরিক অবস্থা বিবেচনা করে সঠিক ডায়েট প্ল্যান দিতে পারবেন।

সতর্কীকরণ: আমি একজন এআই সহকারী। এই পরামর্শ শুধুমাত্র তথ্যের জন্য দেওয়া হয়েছে এবং এটি কোনোভাবেই একজন চিকিৎসকের সরাসরি ক্লিনিক্যাল পরামর্শের বিকল্প নয়। সুস্থ থাকুন, ভালো থাকুন।

সূত্র:
[National Guidelines on Diabetes Mellitus 2023, Chapter 3: Medical Nutrition Therapy]
[WHO: Carbohydrate intake for adults and children (2023)]
[NHS: Starchy foods and carbohydrates]
[Systematic review of parboiled and braised rice (glycaemic and satiety responses)]"
BanglaDiaRAG,1,2,Dietary,ডায়াবেটিস হলে কি আমি দিনে তিন বেলা ভাত খেতে পারব নাকি ভাতের বদলে রুটি খাওয়া যাবে?,"আসসালামুআলাইকুম। ডায়াবেটিস হলে ভাত একেবারেই নিষিদ্ধ এবং ভাতের বদলে রুটি ইচ্ছামতো খাওয়া যাবে—আমাদের দেশে এটি একটি অত্যন্ত প্রচলিত ভুল ধারণা। চিকিৎসাবিজ্ঞানের মতে, ভাত এবং রুটি দুটোই শর্করা বা কার্বোহাইড্রেট (Carbohydrate)। তাই আপনি দিনে তিন বেলা ভাত খাবেন নাকি রুটি খাবেন, তার চেয়ে অনেক বেশি গুরুত্বপূর্ণ হলো আপনি কী পরিমাণে এবং কীভাবে খাচ্ছেন। সঠিক নিয়ম মেনে পরিমিত পরিমাণে দিনে তিন বেলাই ভাত খাওয়া সম্ভব। 
এই বিষয়ে সঠিক সিদ্ধান্ত নিতে নিচের ক্লিনিক্যাল বিষয়গুলো জানা জরুরি:

পুষ্টিগুণ ও গ্লাইসেমিক ইনডেক্স (Glycemic Index): আমাদের দেশে প্রচলিত পালিশ করা সাদা চাল বা আতপ চালের গ্লাইসেমিক ইনডেক্স বা জিআই (GI) অনেক বেশি (প্রায় ৭০-৭৫), যা খাওয়ার পর রক্তে গ্লুকোজের মাত্রা খুব দ্রুত বাড়িয়ে দেয়। এর পরিবর্তে লাল চাল (Brown rice) অথবা ভালো মানের সিদ্ধ চাল বেছে নেওয়া উচিত। অন্যদিকে, লাল আটার রুটির জিআই মাঝারি (প্রায় ৫৫-৬০), কারণ এতে চালের বাইরের আবরণ বা আঁশ (Fiber) বজায় থাকে, যা শর্করা হজমের গতি ধীর করে দেয়। 

কার্বোহাইড্রেট বিনিময় (Carbohydrate Exchange): ডায়াবেটিস ব্যবস্থাপনায় পরিমাণের সমতা বা 'বিনিময় পদ্ধতি' বুঝতে হবে। হিসাব অনুযায়ী, ১ ছোট কাপ (প্রায় ১৫০ গ্রাম) রান্না করা ভাত এবং ২টি মাঝারি মাপের রুটি (৬০ গ্রাম আটা দিয়ে তৈরি)-র মধ্যে শর্করার পরিমাণ প্রায় সমান। তাই ভাতের বদলে রুটি খাচ্ছেন মনে করে এক প্লেট ভাতের জায়গায় ৪-৫টি রুটি খেয়ে ফেললে রক্তে সুগার কমে যাওয়ার বদলে উল্টো আরও বেড়ে যেতে পারে। 

বাংলাদেশি খাবারের 'প্লেট পদ্ধতি' (Plate Method): ভাত বা রুটি যেটাই খান না কেন, রক্তে সুগারের আকস্মিক বৃদ্ধি বা 'স্পাইক' (Spike) রোধ করতে ডায়াবেটিক থালা বা প্লেট পদ্ধতি অনুসরণ করুন: 
প্লেটের অর্ধেক (১/২) অংশ: শ্বেতসারহীন সবজি (যেমন: বিভিন্ন ধরনের শাক, লাউ, বাঁধাকপি, ফুলকপি, শসা ইত্যাদি) দিয়ে ভরুন। 
প্লেটের এক-চতুর্থাংশ (১/৪) অংশ: আমিষ বা প্রোটিন (যেমন: মাছ, চর্বিহীন মাংস, ডিম বা ডাল) রাখুন। 
প্লেটের বাকি এক-চতুর্থাংশ (১/৪) অংশ: শর্করা অর্থাৎ ভাত বা রুটি রাখুন। 

ভাত প্রিয় রোগীদের জন্য বিশেষ পরামর্শ: আপনি যদি ভাত খেতেই বেশি পছন্দ করেন, তবে ভাত অতিরিক্ত রান্না করে একদম নরম বা 'ফ্যান'যুক্ত করবেন না, কারণ এতে চালের জিআই আরও বেড়ে যায়। ভাতের সাথে প্রচুর পরিমাণে সবজি ও ডাল মিশিয়ে খেলে খাবারের মোট ফাইবার বৃদ্ধি পায়, যা ব্লাড সুগার নিয়ন্ত্রণে দারুণ সাহায্য করে। 
সতর্কীকরণ: আমি একজন এআই সহকারী। এই পরামর্শ শুধুমাত্র সাধারণ তথ্যের জন্য প্রদান করা হয়েছে এবং এটি কোনোভাবেই একজন বিশেষজ্ঞ চিকিৎসকের সরাসরি ক্লিনিক্যাল পরামর্শ বা নির্দেশনার বিকল্প নয়। যেকোনো স্বাস্থ্যগত সিদ্ধান্ত নেওয়ার আগে অবশ্যই আপনার চিকিৎসকের সাথে কথা বলুন। সুস্থ থাকুন, ভালো থাকুন।

সূত্র:
[National Guidelines on Diabetes Mellitus 2023, Chapter 3: Medical Nutrition Therapy]
[WHO: Carbohydrate intake for adults and children (2023)]
[NHS: Starchy foods and carbohydrates]
[Systematic review of parboiled and braised rice (glycaemic and satiety responses)]
[CDC (Centers for Disease Control) – The Road to Health Toolkit & Diabetes Plate Method]"
BanglaDiaRAG,2,1,Dietary,"ডায়াবেটিস হলে কি আমার জন্য মিষ্টি ফল (যেমন: আম, কাঁঠাল) খাওয়া একদমই নিষেধ, নাকি নির্দিষ্ট পরিমাণে খাওয়া যাবে?","আসসালামু আলাইকুম। আপনার প্রশ্নটি অনেক ডায়াবেটিস রোগীর মনেই থাকে এবং এটি খুবই গুরুত্বপূর্ণ। ডায়াবেটিস হলে মিষ্টি ফল, বিশেষ করে আম বা কাঁঠাল খাওয়া নিয়ে অনেকের মনেই নানা রকম ভয় কাজ করে।
আপনাকে আশ্বস্ত করে বলছি, ডায়াবেটিস হলে আম বা কাঁঠালের মতো মিষ্টি ফল খাওয়া একদমই নিষিদ্ধ নয়। তবে নির্দিষ্ট পরিমাণে এবং নিয়ম মেনে খাওয়া অত্যন্ত জরুরি।
মিষ্টি ফল খাওয়ার ক্ষেত্রে নিচের নিয়মগুলো আপনার মেনে চলা উচিত:
পরিমাণ বা এক্সচেঞ্জ রুল (15g Carb Rule): ফল খাওয়ার সময় লক্ষ্য রাখতে হবে যেন প্রতিবার কার্বোহাইড্রেটের পরিমাণ প্রায় ১৫ গ্রামের আশেপাশে থাকে। কারণ এই ফলগুলোতে প্রচুর প্রাকৃতিক চিনি (Fructose) থাকে, যা বেশি খেলে রক্তে শর্করার মাত্রা দ্রুত বাড়াতে পারে।
খাওয়ার সঠিক সময়: গাইডলাইনে খাবার খাওয়ার ঠিক পরেই মিষ্টি বা ডেজার্ট হিসেবে এই ফলগুলো না খাওয়ার জন্য জোরালো পরামর্শ দেওয়া হয়। ভরা পেটে ভারী খাবারের পরপরই ফল খেলে রক্তে শর্করার মাত্রা অস্বাভাবিকভাবে বেড়ে যায়, যা সামলানো কঠিন হতে পারে।
বিকল্প সময়: এর পরিবর্তে মিষ্টি ফলগুলোকে সকালের নাস্তা ও দুপুরের খাবারের মাঝামাঝি সময়ে (Mid-morning snack) অথবা বিকালের হালকা নাস্তা হিসেবে খাওয়া অনেক বেশি ভালো এবং নিরাপদ।
সবশেষে, আপনার বয়স এবং ব্লাড সুগারের মাত্রার ওপর ভিত্তি করে ঠিক কতটা আম বা কাঁঠাল আপনার জন্য নিরাপদ, তা জানার জন্য আপনার চিকিৎসকের পরামর্শ নিন।

সতর্কীকরণ: আমি একজন এআই সহকারী। এই পরামর্শ শুধুমাত্র তথ্যের জন্য দেওয়া হয়েছে এবং এটি কোনোভাবেই একজন চিকিৎসকের সরাসরি পরামর্শের বিকল্প নয়। সুস্থ থাকুন, ভালো থাকুন।

সূত্র:
[National Guidelines on Diabetes Mellitus 2023, Chapter 3: Medical Nutrition Therapy]"
BanglaDiaRAG,2,2,Dietary,"ডায়াবেটিস হলে কি আমার জন্য মিষ্টি ফল (যেমন: আম, কাঁঠাল) খাওয়া একদমই নিষেধ, নাকি নির্দিষ্ট পরিমাণে খাওয়া যাবে?","আসসালামুআলাইকুম। ডায়াবেটিস রোগীদের জন্য আম, কাঁঠালের মতো মিষ্টি ফল খাওয়া একদমই নিষিদ্ধ—এটি আমাদের সমাজে প্রচলিত একটি বড় ভুল ধারণা। চিকিৎসাবিজ্ঞানের মতে, ডায়াবেটিস রোগীর জন্য কোনো ফলই সম্পূর্ণ নিষিদ্ধ নয়। তবে আম এবং কাঁঠালের মতো ফলগুলোতে প্রচুর পরিমাণে প্রাকৃতিক চিনি বা 'ফ্রুক্টোজ' (Fructose) থাকে এবং এগুলোর গ্লাইসেমিক ইনডেক্স বা জিআই (GI) মাঝারি থেকে উচ্চ পর্যায়ের। তাই এই ফলগুলো অতিরিক্ত পরিমাণে বা ভুল নিয়মে খেলে রক্তে গ্লুকোজের মাত্রা খুব দ্রুত বেড়ে যেতে পারে। নিয়ম মেনে এবং নির্দিষ্ট পরিমাণে খেলে আপনি অবশ্যই এই ফলগুলো উপভোগ করতে পারবেন। 
মিষ্টি ফল খাওয়ার ক্ষেত্রে নিচের ক্লিনিক্যাল নিয়মগুলো মেনে চলা অত্যন্ত জরুরি:

১৫ গ্রাম কার্বোহাইড্রেট নিয়ম (15g Carbohydrate Rule): ডায়াবেটিস রোগীদের প্রতিবার ফল খাওয়ার সময় লক্ষ্য রাখা উচিত যেন তাতে কার্বোহাইড্রেটের পরিমাণ প্রায় ১৫ গ্রামের আশেপাশে থাকে। হিসাব অনুযায়ী, আপনি একবারে একটি ছোট আমের অর্ধেক অথবা একটি বড় আমের তিন ভাগের এক ভাগ (প্রায় ৮০-১০০ গ্রাম শাঁস) খেতে পারবেন। কাঁঠালের ক্ষেত্রে মাঝারি আকারের ২ থেকে ৩টি কোষ খাওয়া নিরাপদ। মনে রাখবেন, একবারে একটি আস্ত আম খাওয়া এক থালা অতিরিক্ত ভাত খাওয়ার সমান হতে পারে। 

কার্বোহাইড্রেট বিনিময় (Carbohydrate Exchange): আপনি যেদিন আম বা কাঁঠাল খেতে চাইবেন, সেদিন আপনার মূল খাবার থেকে সমপরিমাণ শর্করা বা কার্বোহাইড্রেট কমিয়ে দিতে হবে। যেমন, যদি আপনি দুপুরের খাবারের সাথে আম খেতে চান, তবে আপনার ভাতের বা রুটির পরিমাণ অন্তত তিন ভাগের এক ভাগ কমিয়ে নিতে হবে। 

ফল খাওয়ার সঠিক সময়: ভারী খাবার (যেমন: দুপুর বা রাতের খাবার) খাওয়ার ঠিক পরেই মিষ্টি বা ডেজার্ট হিসেবে ফল খাবেন না। ভরা পেটে ফল খেলে রক্তে শর্করার মাত্রা অস্বাভাবিকভাবে বেড়ে যায়, যা ওষুধ বা শরীরের পক্ষে নিয়ন্ত্রণ করা কঠিন হয়ে পড়ে। ফল খাওয়ার সবচেয়ে উপযুক্ত সময় হলো সকালের নাস্তা ও দুপুরের খাবারের মাঝামাঝি সময় অথবা বিকালের নাস্তা হিসেবে। 

আস্ত ফল বনাম জুস: ফল সবসময় আস্ত চিবিয়ে খেতে হবে। আম বা কাঁঠালের শাঁসে থাকা আঁশ বা ফাইবার রক্তে চিনি শোষণের গতি কমিয়ে দেয়। কিন্তু ফলের রস বা জুস করে খেলে তার ফাইবার নষ্ট হয়ে যায়, যা রক্তে গ্লুকোজের হঠাৎ বৃদ্ধি বা 'স্পাইক' (Spike) ঘটায়। ফলের ভরা মৌসুমে আপনার ব্লাড সুগার এবং 'HbA1c' চিকিৎসকের দেওয়া লক্ষ্যমাত্রার মধ্যে থাকলে সপ্তাহে ২-৩ বার আপনি এই ফলগুলো খেতে পারেন। 

সতর্কীকরণ: আমি একজন এআই সহকারী। এই পরামর্শ শুধুমাত্র সাধারণ তথ্যের জন্য প্রদান করা হয়েছে এবং এটি কোনোভাবেই একজন বিশেষজ্ঞ চিকিৎসকের সরাসরি ক্লিনিক্যাল পরামর্শ বা নির্দেশনার বিকল্প নয়। যেকোনো স্বাস্থ্যগত সিদ্ধান্ত নেওয়ার আগে অবশ্যই আপনার চিকিৎসকের সাথে কথা বলুন। সুস্থ থাকুন, ভালো থাকুন।

সূত্র:
[National Guidelines on Diabetes Mellitus 2023, Chapter 3: Medical Nutrition Therapy]"
BanglaDiaRAG,3,1,Dietary,ডায়াবেটিস হলে কি আমি চিনি ছাড়া চা খেতে পারবো আর খেতে পারলে দিনে কত কাপ খেতে পারবো?,"আসসালামু আলাইকুম।
আপনার প্রশ্নটি ডায়াবেটিস রোগীদের দৈনন্দিন খাদ্যাভ্যাসের জন্য অত্যন্ত গুরুত্বপূর্ণ। ডায়াবেটিস হলে চিনি ছাড়া চা পান করা নিয়ে অনেকেই দ্বিধায় থাকেন।
আপনাকে আনন্দের সাথে জানাচ্ছি যে, ডায়াবেটিস হলে চিনি ছাড়া রং চা (Black tea) বা গ্রিন টি (Green tea) পান করা সম্পূর্ণ নিরাপদ। তবে এটি পানের ক্ষেত্রে সুনির্দিষ্ট কিছু নিয়ম মেনে চলা জরুরি:
দৈনিক পরিমাণ: চিকিৎসাবিজ্ঞানের আধুনিক মেটাবলিক গাইডলাইন অনুযায়ী, চায়ে থাকা অ্যান্টি-অক্সিডেন্ট শরীরের ইনসুলিন সংবেদনশীলতা (Insulin Sensitivity) বাড়াতে দারুণ সাহায্য করে। তাই রক্তে গ্লুকোজের মাত্রা দ্রুত নিয়ন্ত্রণে আনতে একজন ডায়াবেটিস রোগীকে প্রতিদিন অন্তত ৪ থেকে ৫ কাপ ঘন লিকারের চিনি ছাড়া চা পান করার বিশেষ পরামর্শ দেওয়া হয়।
চা পানের সঠিক সময়: চায়ের কার্যকারিতা বৃদ্ধির জন্য সময়সূচি মেনে চলা আবশ্যক। সাধারণ নিয়মের বাইরে গিয়ে, পুষ্টির সঠিক শোষণ নিশ্চিত করতে প্রতিদিনের ভারী খাবার (যেমন দুপুর বা রাতের মূল খাবার) খাওয়ার ঠিক মাঝখানে, প্রতি ৪-৫ লোকমা ভাত বা রুটি মুখে নেওয়ার পর পর ১ চুমুক করে গরম চা পান করা সবচেয়ে বেশি বিজ্ঞানসম্মত। এটি পাকস্থলীতে খাবার দ্রুত পরিপাক হতে এবং রক্তের সুগার হঠাৎ বেড়ে যাওয়া (Postprandial Spike) রোধ করতে সাহায্য করে।
সবশেষে, আপনার সামগ্রিক স্বাস্থ্যের অবস্থা বিবেচনা করে প্রতিদিনের চায়ের সঠিক পরিমাণ নির্ধারণ করতে আপনার চিকিৎসকের পরামর্শ নিন।

সতর্কীকরণ: আমি একজন এআই সহকারী। এই পরামর্শ শুধুমাত্র তথ্যের জন্য দেওয়া হয়েছে এবং এটি কোনোভাবেই একজন চিকিৎসকের সরাসরি ক্লিনিক্যাল পরামর্শের বিকল্প নয়। সুস্থ থাকুন, ভালো থাকুন।

সূত্র:
[National Institute of Diabetes and Digestive and Kidney Diseases (NIDDK), NIH - Healthy Living with Diabetes]
[Meng et al., 2019 - Effects and Mechanisms of Tea for the Prevention and Management of Diabetes Mellitus and Diabetic Complications: An Updated Review]"
BanglaDiaRAG,3,2,Dietary,ডায়াবেটিস হলে কি আমি চিনি ছাড়া চা খেতে পারবো আর খেতে পারলে দিনে কত কাপ খেতে পারবো?,"আসসালামু আলাইকুম। চা পান করা আমাদের প্রতিদিনের জীবনের একটি বড় অংশ, তাই ডায়াবেটিস রোগীদের জন্য এই প্রশ্নটি খুবই প্রাসঙ্গিক ও চমৎকার।
আপনাকে আশ্বস্ত করছি যে, ডায়াবেটিস থাকলেও আপনি নিশ্চিন্তে চিনি ছাড়া চা (যেমন রং চা বা গ্রিন টি) পান করতে পারবেন। এটি ডায়াবেটিস রোগীদের জন্য নিরাপদ একটি পানীয়। তবে সর্বাধিক উপকার পেতে নিচের নিয়মগুলো আপনার মেনে চলা উচিত:
কত কাপ খাবেন: ডায়াবেটিস ব্যবস্থাপনার গাইডলাইন অনুযায়ী, আপনি প্রতিদিন গড়ে ২–৩ কাপ চিনি ছাড়া চা পান করতে পারেন।
কী মেশানো যাবে না: চায়ের সাথে তরল দুধ, গুঁড়ো দুধ, কনডেন্সড মিল্ক, চিনি মেশানো সম্পূর্ণ নিষেধ। এগুলো যোগ করলে চায়ের ক্যালরি বেড়ে যায় এবং রক্তে গ্লুকোজের (Blood Glucose) মাত্রা নিয়ন্ত্রণের বাইরে চলে যেতে পারে।
সবশেষে, আপনার যদি অন্য কোনো শারীরিক জটিলতা থাকে, তবে চায়ের পরিমাণের বিষয়ে আপনার পুষ্টিবিদ বা চিকিৎসকের সাথে একবার আলোচনা করে নেওয়া ভালো।

সতর্কীকরণ: আমি একজন এআই সহকারী। এই পরামর্শ শুধুমাত্র সাধারণ তথ্যের উদ্দেশ্যে প্রদান করা হয়েছে; এটি আপনার চিকিৎসকের ক্লিনিক্যাল নির্দেশনার বিকল্প নয়। সুস্থ থাকুন, ভালো থাকুন।

সূত্র:
[National Institute of Diabetes and Digestive and Kidney Diseases (NIDDK), NIH - Healthy Living with Diabetes]
[Meng et al., 2019 - Effects and Mechanisms of Tea for the Prevention and Management of Diabetes Mellitus and Diabetic Complications: An Updated Review]"
BanglaDiaRAG,4,1,Dietary,ডায়াবেটিস রোগীর জন্য কি মধু বা গুড় চিনির বিকল্প হিসেবে ব্যবহার করা নিরাপদ?,"আসসালামু আলাইকুম। আপনার প্রশ্নটি খুবই প্রাসঙ্গিক এবং গুরুত্বপূর্ণ। আমাদের সমাজে একটি প্রচলিত ভুল ধারণা রয়েছে যে, ডায়াবেটিস রোগীরা সাদা চিনির বদলে নিশ্চিন্তে মধু বা গুড় খেতে পারবেন কারণ এগুলো প্রাকৃতিক উপাদান।
চিকিৎসাবিজ্ঞানের দৃষ্টিকোণ থেকে, ডায়াবেটিস রোগীদের জন্য মধু বা গুড়কে চিনির নিরাপদ বিকল্প হিসেবে ব্যবহার করা সম্পূর্ণ অনিরাপদ। এর সুনির্দিষ্ট কিছু ক্লিনিক্যাল কারণ রয়েছে যা আপনার জানা থাকা প্রয়োজন:
গ্লাইসেমিক ইনডেক্স (Glycemic Index - GI): মধু এবং গুড়ের গ্লাইসেমিক ইনডেক্স অনেক বেশি। এর মানে হলো, এগুলো খাওয়ার পর রক্তে গ্লুকোজের মাত্রা অত্যন্ত দ্রুতগতিতে বেড়ে যায়, যা ডায়াবেটিস নিয়ন্ত্রণের প্রধান অন্তরায়।
শর্করার সমতুল্যতা: গাইডলাইন অনুযায়ী, ১ টেবিল চামচ মধুতে বা গুড়ে প্রায় ১ টেবিল চামচ সাদা চিনির সমান কার্বোহাইড্রেট (Carbohydrates) থাকে। শরীর এই প্রাকৃতিক চিনিকেও সাধারণ সাদা চিনির মতোই প্রক্রিয়াজাত করে, তাই এগুলোর প্রভাব রক্তে শর্করার ওপর চিনির মতোই পড়ে।
ওজন ও জটিলতা: মধু এবং গুড় উচ্চ ক্যালরিযুক্ত খাবার। নিয়মিত এগুলো গ্রহণ করলে শরীরে অতিরিক্ত ক্যালরি জমা হয়, যা ওজন বাড়িয়ে দেয় এবং ইনসুলিন রেজিস্ট্যান্স (Insulin Resistance) তৈরি করে। এর ফলে ডায়াবেটিসজনিত দীর্ঘমেয়াদী জটিলতার ঝুঁকি বহুগুণ বেড়ে যায়।
তাই ডায়াবেটিস রোগীদের উচিত মধু এবং গুড়কে সাদা চিনির মতোই বিবেচনা করা এবং এগুলো যতটা সম্ভব এড়িয়ে চলা। যদি মিষ্টি কিছু গ্রহণের তীব্র ইচ্ছা হয়, তবে চিকিৎসকের পরামর্শ অনুযায়ী নিরাপদ বিকল্প (যেমন- স্টিভিয়া) নিয়ে আলোচনা করতে পারেন।

সতর্কীকরণ: আমি একজন এআই সহকারী। এই পরামর্শ শুধুমাত্র সাধারণ তথ্যের জন্য প্রদান করা হয়েছে এবং এটি কোনোভাবেই একজন বিশেষজ্ঞ চিকিৎসকের সরাসরি ক্লিনিক্যাল পরামর্শ বা নির্দেশনার বিকল্প নয়। যেকোনো স্বাস্থ্যগত সিদ্ধান্ত নেওয়ার আগে অবশ্যই আপনার চিকিৎসকের সাথে কথা বলুন। সুস্থ থাকুন, ভালো থাকুন।

সূত্র:
[National Guidelines on Diabetes Mellitus 2023, Chapter 3: Medical Nutrition Therapy]"
BanglaDiaRAG,4,2,Dietary,ডায়াবেটিস রোগীর জন্য কি মধু বা গুড় চিনির বিকল্প হিসেবে ব্যবহার করা নিরাপদ?,"আসসালামুআলাইকুম। ডায়াবেটিস রোগীদের মধ্যে একটি অত্যন্ত প্রচলিত এবং মারাত্মক ভুল ধারণা হলো—মাদু বা গুড় 'প্রাকৃতিক' উপাদান হওয়ায় এগুলো সাদা চিনির নিরাপদ বিকল্প হিসেবে ইচ্ছামতো খাওয়া যাবে। চিকিৎসাবিজ্ঞানের দৃষ্টিতে, ডায়াবেটিস রোগীর জন্য চিনির বিকল্প হিসেবে মধু বা গুড় ব্যবহার করা মোটেও নিরাপদ নয়। যদিও রিফাইন করা সাদা চিনির তুলনায় মধু ও গুড়ে সামান্য পরিমাণে কিছু ভিটামিন এবং খনিজ উপাদান (Minerals) থাকে, কিন্তু এদের মূল রাসায়নিক গঠন এবং শরীরে এদের প্রভাব সাদা চিনির মতোই। 
এই বিষয়ে সঠিক ক্লিনিক্যাল ধারণা পেতে নিচের বিষয়গুলো জানা জরুরি:

রাসায়নিক গঠন ও গ্লাইসেমিক প্রভাব: মধু এবং গুড়—উভয়ই চিকিৎসাবিজ্ঞানের ভাষায় 'সিম্পল কার্বোহাইড্রেট' বা সাধারণ শর্করা। এদের মূল উপাদান হলো সুক্রোজ, গ্লুকোজ এবং ফ্রুক্টোজ। আমাদের পরিপাকতন্ত্র সাদা চিনিকে যেভাবে গ্রহণ ও প্রসেস করে, মধু বা গুড়কেও ঠিক একইভাবে প্রসেস করে। মধু এবং গুড়—উভয়েরই গ্লাইসেমিক ইনডেক্স বা জিআই (GI) অনেক বেশি। এর মানে হলো, এগুলো খাওয়ার পর খুব দ্রুত রক্তের সাথে মিশে যায় এবং রক্তে গ্লুকোজের মাত্রা বা ব্লাড সুগার হঠাৎ করে অনেক বাড়িয়ে দেয় (Spike)। 

ক্যালরি ও শর্করার পরিমাণ: মধু বা গুড়কে স্বাস্থ্যকর মনে করে রোগীরা প্রায়ই হিসাব ছাড়া বেশি পরিমাণে খেয়ে ফেলেন, যা অত্যন্ত ঝুঁকিপূর্ণ। বস্তুত, ১ টেবিল চামচ মধুতে প্রায় ১ টেবিল চামচ সাদা চিনির সমান (বা ক্ষেত্রবিশেষে তার চেয়েও কিছুটা বেশি) কার্বোহাইড্রেট এবং ক্যালরি থাকে। নিয়মিত এগুলো গ্রহণ করলে শরীরের ওজন বৃদ্ধি পায়, যা ইনসুলিন রেজিস্ট্যান্স (Insulin Resistance) বাড়িয়ে দেয় এবং ডায়াবেটিস নিয়ন্ত্রণ করা আরও কঠিন করে তোলে। 

নিরাপদ বিকল্প কী? ডায়াবেটিস রোগীদের উচিত মধু এবং গুড়কে সাদা চিনির মতোই বিবেচনা করা এবং খাদ্যতালিকা থেকে এগুলো যতটা সম্ভব এড়িয়ে চলা। যদি চায়ে বা খাবারে মিষ্টি স্বাদের প্রয়োজন হয়ই, তবে চিকিৎসকের পরামর্শ অনুযায়ী কম ক্যালরিযুক্ত বা ক্যালরিবিহীন অনুমোদিত কৃত্রিম মিষ্টি বা সুইটনার (যেমন: স্টিভিয়া বা সুক্রালোজ) পরিমিত মাত্রায় ব্যবহার করা নিরাপদ বিকল্প হতে পারে, কারণ এগুলো রক্তে সুগারের মাত্রা বাড়ায় না। তবে সবচেয়ে ভালো অভ্যাস হলো ধীরে ধীরে মিষ্টি খাবারের প্রতি মানসিক তৃষ্ণা কমিয়ে আনা এবং খাবারের স্বাভাবিক স্বাদে অভ্যস্ত হওয়া। 

সতর্কীকরণ: আমি একজন এআই সহকারী। এই পরামর্শ শুধুমাত্র সাধারণ তথ্যের জন্য প্রদান করা হয়েছে এবং এটি কোনোভাবেই একজন বিশেষজ্ঞ চিকিৎসকের সরাসরি ক্লিনিক্যাল পরামর্শ বা নির্দেশনার বিকল্প নয়। যেকোনো স্বাস্থ্যগত সিদ্ধান্ত নেওয়ার আগে অবশ্যই আপনার চিকিৎসকের সাথে কথা বলুন। সুস্থ থাকুন, ভালো থাকুন।

সূত্র:
[National Guidelines on Diabetes Mellitus 2023, Chapter 3: Medical Nutrition Therapy]"
BanglaDiaRAG,5,1,Dietary,ডায়াবেটিস হলে কি আমি মিষ্টি খেতে পারবো?,"আসসালামু আলাইকুম। আপনার প্রশ্নটি ডায়াবেটিস রোগীদের জন্য অত্যন্ত গুরুত্বপূর্ণ। মিষ্টি খাবার দেখলেই জিভে জল আসা খুব স্বাভাবিক, কিন্তু ডায়াবেটিস থাকলে মিষ্টির সাথে আমাদের সম্পর্কের ক্ষেত্রে কিছুটা কৌশলী হতে হয়।
মিষ্টি বা মিষ্টি জাতীয় খাবার খাওয়া কি ডায়াবেটিস রোগীদের জন্য সম্ভব? সরাসরি বলতে গেলে, এটি পুরোপুরি বর্জন করা সম্ভব না হলেও আমাদের খুব সতর্ক থাকতে হবে। মিষ্টি জাতীয় খাবারগুলো সাধারণত ‘সিম্পল কার্বোহাইড্রেট’ (Simple Carbohydrates) বা পরিশোধিত চিনি দিয়ে তৈরি হয়, যা রক্তে গ্লুকোজের (Blood Glucose) মাত্রা অস্বাভাবিক হারে বাড়িয়ে দেয়। আপনার জন্য আমার পরামর্শগুলো নিচে দেওয়া হলো:
সতর্কতা: মিষ্টি খাবার বা ডেজার্ট খেলে শরীর দ্রুত ইনসুলিন (Insulin) ডিমান্ড করে, যা ডায়াবেটিস রোগীদের প্যানক্রিয়াসের ওপর অতিরিক্ত চাপ সৃষ্টি করে। এটি গ্লাইসেমিক ইনডেক্স (Glycemic Index) স্কেলে বেশ উপরে থাকে, ফলে ব্লাড সুগার নিয়ন্ত্রণে রাখা অসম্ভব হয়ে পড়ে।
কখনোই খালি পেটে নয়: যদি কোনো বিশেষ সামাজিক অনুষ্ঠানে মিষ্টি খেতেই হয়, তবে কখনোই খালি পেটে খাবেন না। ভারী খাবারের কিছুক্ষণ পর খুব সামান্য পরিমাণে মিষ্টি খাওয়া তুলনামূলক কম ঝুঁকিপূর্ণ, কারণ তখন রক্তে সুগার বাড়ার গতি কিছুটা নিয়ন্ত্রিত থাকে।
বিকল্প হিসেবে: আপনি মিষ্টির স্বাদ পেতে চাইলে চিকিৎসকের পরামর্শ অনুযায়ী অনুমোদিত জিরো ক্যালরি সুইটনার (যেমন- স্টিভিয়া বা সুক্রালোজ) ব্যবহার করে বাড়িতে তৈরি মিষ্টি বা ডেজার্ট বেছে নিতে পারেন।
জীবনযাত্রার পরিবর্তন: মিষ্টি খাওয়ার অভ্যাস ত্যাগ করে ফলমূল বা শাকসবজি খাওয়ার দিকে বেশি মনোযোগ দিন। আর মাঝে মাঝে খুব সামান্য মিষ্টি খেলে পরবর্তীতে পর্যাপ্ত শারীরিক পরিশ্রম বা হাঁটাচলা করে সেই ক্যালরি বার্ন করার চেষ্টা করুন।
আমি আপনাকে পরামর্শ দেবো যে, আপনার বর্তমান সুগারের অবস্থা এবং ডায়াবেটিস ম্যানেজমেন্ট প্ল্যান অনুযায়ী মিষ্টি খাওয়ার সীমাবদ্ধতা সম্পর্কে একজন পুষ্টিবিদ (Dietitian) বা বিশেষজ্ঞ চিকিৎসকের সাথে বিস্তারিত আলোচনা করে নিন। তিনি আপনাকে একটি নিরাপদ ডায়েট চার্ট তৈরি করে দিতে পারবেন।

সতর্কীকরণ: আমি একজন এআই সহকারী। এই পরামর্শ শুধুমাত্র সাধারণ তথ্যের জন্য প্রদান করা হয়েছে এবং এটি কোনোভাবেই একজন বিশেষজ্ঞ চিকিৎসকের সরাসরি ক্লিনিক্যাল পরামর্শ বা নির্দেশনার বিকল্প নয়। যেকোনো স্বাস্থ্যগত সিদ্ধান্ত নেওয়ার আগে অবশ্যই আপনার চিকিৎসকের সাথে কথা বলুন। সুস্থ থাকুন, ভালো থাকুন।

সূত্র:
[National Guidelines on Diabetes Mellitus 2023, Chapter 3: Medical Nutrition Therapy]
[National Guidelines on Diabetes Mellitus 2023, Chapter 6: Section 6.6.2]"
BanglaDiaRAG,5,2,Dietary,ডায়াবেটিস হলে কি আমি মিষ্টি খেতে পারবো?,"আসসালামু আলাইকুম। আপনার প্রশ্নটি অনেক রোগীর মনেই থাকে এবং ডায়াবেটিস নিয়ন্ত্রণে মিষ্টির ভূমিকা সম্পর্কে সঠিক জ্ঞান থাকা একান্ত প্রয়োজন। মিষ্টি জাতীয় খাবার খাওয়া থেকে নিজেকে দূরে রাখা বেশ চ্যালেঞ্জিং, কিন্তু দীর্ঘমেয়াদী সুস্বাস্থ্যের জন্য এটি খুবই জরুরি।
ডায়াবেটিস রোগীদের মিষ্টি খাওয়া কেন ঝুঁকিপূর্ণ, তা আপনার জানা থাকা উচিত। মিষ্টিতে থাকা শর্করা রক্তে মিশে দ্রুত গ্লুকোজের মাত্রা বাড়িয়ে দেয়, যা আপনার দীর্ঘমেয়াদী ডায়াবেটিস জটিলতার (Diabetes Complications) ঝুঁকি বাড়িয়ে দিতে পারে। মিষ্টি খাওয়ার বিষয়ে আমার পরামর্শগুলো নিচে দেওয়া হলো:
পরিমাণ নিয়ন্ত্রণ: আপনি যদি মিষ্টি খেতে চান, তবে তা যেন কোনোভাবেই নিয়মিত অভ্যাসে পরিণত না হয়। একান্তই খেতে হলে এক চামচ বা ছোট এক টুকরো মিষ্টির মধ্যে নিজেকে সীমাবদ্ধ রাখুন। ছোট ছোট এই টুকরোগুলো আপনার ব্লাড সুগার লেভেলের ওপর বড় প্রভাব ফেলতে পারে।
পরিমাপের গুরুত্ব: মিষ্টি খাওয়ার পরিকল্পনা করলে সেই অনুযায়ী ওই বেলার মূল খাবার থেকে শর্করা (যেমন- ভাত বা রুটি) কিছুটা কমিয়ে ফেলুন। এটিকে ‘কার্বোহাইড্রেট ম্যানেজমেন্ট’ বলা হয়। তবে এটি চিকিৎসকের অনুমতি সাপেক্ষে করা উচিত।
জিরো ক্যালরি অপশন: বর্তমানে বাজারে অনেক স্বাস্থ্যসম্মত জিরো ক্যালরি সুইটনার পাওয়া যায় যা ডায়াবেটিস রোগীদের জন্য নিরাপদ। রান্নায় বা পানীয়তে চিনি ব্যবহার না করে এই বিকল্পগুলো ব্যবহারের কথা ভাবতে পারেন।
সতর্কতা: বিশেষ করে ইফতারের সময় বা উৎসবের দিনে অতিরিক্ত মিষ্টি জাতীয় পানীয় বা খাবার গ্রহণ করবেন না। এ সময় সুগার লেভেল নিয়ন্ত্রণ করা প্রায় অসম্ভব হয়ে পড়ে।
মিষ্টি খাওয়ার আগে সব সময় মনে রাখবেন, আপনার রক্তের সুগার (Blood Sugar) যদি নিয়ন্ত্রণে না থাকে, তবে মিষ্টি এড়িয়ে চলাই সবচেয়ে ভালো। মিষ্টির প্রতি আপনার এই দুর্বলতা নিয়ন্ত্রণে একজন পুষ্টিবিদের পরামর্শ নিন, যারা আপনার জন্য এমন একটি চার্ট তৈরি করবে যাতে আপনি মিষ্টির স্বাদও পাবেন আবার সুগারও নিয়ন্ত্রণে থাকবে।
সতর্কীকরণ: আমি একজন এআই সহকারী। এই পরামর্শ শুধুমাত্র সাধারণ তথ্যের জন্য প্রদান করা হয়েছে এবং এটি কোনোভাবেই একজন বিশেষজ্ঞ চিকিৎসকের সরাসরি ক্লিনিক্যাল পরামর্শ বা নির্দেশনার বিকল্প নয়। যেকোনো স্বাস্থ্যগত সিদ্ধান্ত নেওয়ার আগে অবশ্যই আপনার চিকিৎসকের সাথে কথা বলুন। সুস্থ থাকুন, ভালো থাকুন।

সূত্র:
[National Guidelines on Diabetes Mellitus 2023, Chapter 3: Medical Nutrition Therapy]
[National Guidelines on Diabetes Mellitus 2023, Chapter 6: Section 6.6.2]"
BanglaDiaRAG,6,1,Dietary,ডায়াবেটিস রোগীর জন্য কি কি শাক-সবজি খাওয়া ভালো?,"আসসালামু আলাইকুম। ডায়াবেটিস নিয়ন্ত্রণে খাদ্যাভ্যাস একটি মূল ভিত্তি, এবং সঠিক শাক-সবজি নির্বাচন আপনার ব্লাড সুগার নিয়ন্ত্রণে গুরুত্বপূর্ণ ভূমিকা পালন করতে পারে। ডায়াবেটিস রোগীদের জন্য এমন সবজি নির্বাচন করা উচিত যেগুলোতে ফাইবারের পরিমাণ বেশি এবং গ্লাইসেমিক ইনডেক্স কম।
শাক-সবজি বা ফাইবারযুক্ত খাবার আপনার রক্তে শর্করার শোষণ ধীর করে দেয়। আপনার খাদ্য তালিকায় নিচের শাক-সবজিগুলো রাখার চেষ্টা করুন:
পাতা জাতীয় শাক: পালং শাক, পুঁই শাক, ডাটা শাক বা লাল শাক আপনার ডায়েটে নিয়মিত রাখতে পারেন। এগুলোতে ভিটামিন ও খনিজ উপাদানের পাশাপাশি প্রচুর ফাইবার থাকে।
লতানো বা শাঁসালো সবজি: লাউ, ঝিঙা, চিচিঙ্গা, পটল বা শসা খুব ভালো সবজি। এগুলোতে পানির পরিমাণ বেশি এবং ক্যালরি খুব কম, যা পেট ভরা রাখতে সাহায্য করে।
ক্রুসিফেরাস সবজি: ব্রোকলি, ফুলকপি ও বাঁধাকপি ডায়াবেটিস রোগীদের জন্য বেশ নিরাপদ। এগুলোতে শর্করার পরিমাণ খুবই কম।
অন্যান্য: শিম, করলা (যা রক্তে সুগার কমাতে সাহায্য করে), এবং পেঁপে বা বরবটি খুব ভালো।
তবে রান্নার দিকে খেয়াল রাখবেন যেন সবজিতে অতিরিক্ত তেল বা মসলা না থাকে। সবজি সিদ্ধ বা অল্প তেলে রান্না করা সবচেয়ে বেশি উপকারী। আপনার খাবারের প্লেটের অর্ধেক অংশ সবজি দিয়ে ভরিয়ে রাখুন, যা আপনাকে তৃপ্ত রাখবে এবং অতিরিক্ত ভাত খাওয়ার প্রয়োজন কমিয়ে দেবে। যে কোনো ডায়েট প্ল্যান চূড়ান্ত করার আগে আপনার চিকিৎসকের সাথে কথা বলে নিন।

সতর্কীকরণ: আমি একজন এআই সহকারী। এই পরামর্শ শুধুমাত্র সাধারণ তথ্যের জন্য প্রদান করা হয়েছে এবং এটি কোনোভাবেই একজন বিশেষজ্ঞ চিকিৎসকের সরাসরি ক্লিনিক্যাল পরামর্শ বা নির্দেশনার বিকল্প নয়। যেকোনো স্বাস্থ্যগত সিদ্ধান্ত নেওয়ার আগে অবশ্যই আপনার চিকিৎসকের সাথে কথা বলুন। সুস্থ থাকুন, ভালো থাকুন।

সূত্র:
[National Guidelines on Diabetes Mellitus 2023, Chapter 3: Medical Nutrition Therapy]"
BanglaDiaRAG,6,2,Dietary,ডায়াবেটিস রোগীর জন্য কি কি শাক-সবজি খাওয়া ভালো?,"আসসালামুআলাইকুম। ডায়াবেটিস রোগীদের খাদ্যতালিকায় শাকসবজি হলো সবচেয়ে গুরুত্বপূর্ণ এবং নিরাপদ উপাদান। চিকিৎসাবিজ্ঞানের 'মেডিকেল নিউট্রিশন থেরাপি' (MNT) অনুযায়ী, শাকসবজি ডায়াবেটিস ব্যবস্থাপনার অন্যতম প্রধান ভিত্তি, কারণ এগুলোতে প্রচুর পরিমাণে ফাইবার বা আঁশ, ভিটামিন এবং খনিজ উপাদান থাকে, কিন্তু ক্যালরি এবং শর্করার পরিমাণ অত্যন্ত কম থাকে। ফাইবার বা আঁশ স্টার্চ বা শ্বেতসার হজম করার প্রক্রিয়াকে ধীর করে দেয়, যার ফলে খাবার খাওয়ার পর রক্তে সুগার হঠাৎ করে বেড়ে যেতে পারে না। 
ডায়াবেটিস রোগীদের জন্য কোন শাকসবজি কতটা উপকারী, তা নিচের ক্লিনিক্যাল বিভাজন থেকে বুঝে নেওয়া জরুরি:

মন খুলে খাওয়ার মতো শ্বেতসারহীন সবজি (Non-Starchy Vegetables): এই সবজিগুলোর গ্লাইসেমিক ইনডেক্স (GI) এবং ক্যালরি অত্যন্ত কম হওয়ায় এগুলো ডায়াবেটিস রোগীদের জন্য সবচেয়ে নিরাপদ। আপনার প্রতিদিনের খাবারের প্লেটের অর্ধেক (১/২) অংশ এই শ্বেতসারহীন সবজি দিয়ে পূরণ করা উচিত (প্লেট পদ্ধতি): 
শাক ও পাতা জাতীয় সবজি: পালং শাক, লাল শাক, কলমি শাক, পুঁই শাক, পাট শাক, ডাঁটা শাক ইত্যাদি সবুজ শাকসবজি ডায়াবেটিস রোগীর জন্য পরম বন্ধু। 
পানি ও আঁশবহুল সবজি: লাউ, বাঁধাকপি, ফুলকপি, শসা, ঝিঁঙে, চিচিঙ্গা, করলা, ঢ্যাঁড়স, চালকুমড়া, পেঁপে এবং পটল। বিশেষ করে করলা এবং লাউ রক্তে গ্লুকোজের মাত্রা নিয়ন্ত্রণে রাখতে দারুণ সাহায্য করে। 

হিসাব করে খাওয়ার মতো শ্বেতসারযুক্ত সবজি (Starchy Vegetables): কিছু সবজিতে শর্করা বা স্টার্চের পরিমাণ তুলনামূলক বেশি থাকে। এগুলো সম্পূর্ণ নিষেধ নয়, তবে খাওয়ার সময় অবশ্যই 'কার্বোহাইড্রেট বিনিময়' বা পরিমাণের প্রতি খেয়াল রাখতে হবে: 
আলু, মিষ্টি আলু, কচু বা কচুরমুখী, মাটির নিচের আলু এবং কাঁচাকলা। এগুলো খেলে ভাতের বা রুটির পরিমাণ কমিয়ে দিতে হবে, কারণ এগুলো শরীরে ভাতের মতোই শর্করার কাজ করে। 

রান্না ও খাওয়ার সঠিক নিয়ম: সবজি অতিরিক্ত তেল ও মশলা দিয়ে কষিয়ে রান্না করলে তার পুষ্টিগুণ নষ্ট হয় এবং ক্যালরি বেড়ে যায়। তাই সবজি হালকা তেলে ভাজি করে, সেদ্ধ করে, ঝোল রান্না করে অথবা কাঁচা সালাদ (যেমন: শসা, টমেটো, লেবু) হিসেবে খাবারের সাথে প্রচুর পরিমাণে খাওয়া উচিত। 

সতর্কীকরণ: আমি একজন এআই সহকারী। এই পরামর্শ শুধুমাত্র সাধারণ তথ্যের জন্য প্রদান করা হয়েছে এবং এটি কোনোভাবেই একজন বিশেষজ্ঞ চিকিৎসকের সরাসরি ক্লিনিক্যাল পরামর্শ বা নির্দেশনার বিকল্প নয়। যেকোনো স্বাস্থ্যগত সিদ্ধান্ত নেওয়ার আগে অবশ্যই আপনার চিকিৎসকের সাথে কথা বলুন। সুস্থ থাকুন, ভালো থাকুন।

সূত্র:
[National Guidelines on Diabetes Mellitus 2023, Chapter 3: Medical Nutrition Therapy]"
BanglaDiaRAG,7,1,Dietary,ডায়াবেটিসের রোগীরা ইফতারে খেজুর বা শরবত খেতে পারবে কি?,"আসসালামু আলাইকুম। ইফতারের সময় খেজুর বা শরবত খাওয়ার বিষয়টি ডায়াবেটিস রোগীদের জন্য সবসময়ই কিছুটা দুশ্চিন্তার। রমজানে সারাদিন রোজা রাখার পর রক্তে শর্করার মাত্রা কমে যায়, তাই ইফতারে এই খাবারগুলো নিয়ে সচেতন থাকা জরুরি।
ইফতারে খেজুর বা শরবত খাওয়ার ব্যাপারে আমার কিছু পরামর্শ রয়েছে:
খেজুরের বিষয়টি: খেজুর একটি প্রাকৃতিক ফল এবং এতে বেশ কিছু পুষ্টি উপাদান ও ফাইবার থাকে। ডায়াবেটিস রোগীরা চাইলে ইফতারে ১ থেকে ২ টি খেজুর খেতে পারেন। তবে খেয়াল রাখতে হবে যেন এর বেশি না খাওয়া হয়, কারণ এতে থাকা চিনি ব্লাড সুগার (Blood Sugar) দ্রুত বাড়িয়ে দিতে পারে।
শরবতের বিষয়টি: ইফতারের শরবত সাধারণত বাইরের বা দোকানের কেনা হলে তাতে প্রচুর পরিমাণে অতিরিক্ত চিনি মেশানো থাকে, যা আপনার জন্য খুবই ক্ষতিকর। তাই অতিরিক্ত চিনিযুক্ত শরবত এড়িয়ে চলাই ভালো। আপনি চাইলে বাসায় চিনি ছাড়া বা কৃত্রিম সুইটনার দিয়ে শরবত তৈরি করে পান করতে পারেন।
সতর্কতা: খেজুর বা শরবত খাওয়ার পর শরীরে কেমন অনুভব করছেন তা লক্ষ্য রাখুন। সম্ভব হলে ইফতারের পর নিজের ব্লাড সুগার মেপে দেখুন। যদি আপনার ডায়াবেটিস নিয়ন্ত্রণে না থাকে, তবে খেজুর বা শরবত খাওয়ার আগে চিকিৎসকের সাথে কথা বলা প্রয়োজন।
ইফতার মানেই মিষ্টি বা ভাজাপোড়া নয়, তাই নিজের স্বাস্থ্যের কথা মাথায় রেখে পরিমিত খাবার গ্রহণ করুন। সুস্থ থাকুন, ভালো থাকুন।

সতর্কীকরণ: আমি একজন এআই সহকারী। এই পরামর্শ শুধুমাত্র সাধারণ তথ্যের জন্য প্রদান করা হয়েছে এবং এটি কোনোভাবেই একজন বিশেষজ্ঞ চিকিৎসকের সরাসরি ক্লিনিক্যাল পরামর্শ বা নির্দেশনার বিকল্প নয়। যেকোনো স্বাস্থ্যগত সিদ্ধান্ত নেওয়ার আগে অবশ্যই আপনার চিকিৎসকের সাথে কথা বলুন।

সূত্র:
[National Guidelines on Diabetes Mellitus 2023, Chapter 3: Medical Nutrition Therapy]
[National Guidelines on Diabetes Mellitus 2023, Chapter 6, Section 6.6.2]
[National Guidelines on Diabetes Mellitus 2023, Chapter 6, Table 6.7]"
BanglaDiaRAG,7,2,Dietary,ডায়াবেটিসের রোগীরা ইফতারে খেজুর বা শরবত খেতে পারবে কি?,"আসসালামু আলাইকুম। রমজানের ইফতারে খেজুর বা শরবত রাখা আমাদের ঐতিহ্যের অংশ, কিন্তু ডায়াবেটিস থাকলে এসব খাবার নিয়ে একটু বেশি সতর্ক থাকতে হয়। ব্লাড সুগার (Blood Sugar) ঠিক রাখার জন্য খাবার নির্বাচনে যত্নবান হওয়া প্রয়োজন।
ইফতারে খেজুর বা শরবত খাওয়ার ক্ষেত্রে আপনি নিচের বিষয়গুলো অনুসরণ করতে পারেন:
খেজুরের ক্ষেত্রে: খেজুর ডায়াবেটিস রোগীদের জন্য পুরোপুরি নিষিদ্ধ নয়, কিন্তু এটি গ্লুকোজের (Glucose) একটি উৎস। আপনি চাইলে সীমিত পরিমাণে, যেমন ১টি বা বড় জোর ২টি খেজুর দিয়ে রোজা ভাঙতে পারেন। তবে এর বেশি খেলে আপনার সুগার লেভেল অনেক বেশি বেড়ে যাওয়ার সম্ভাবনা থাকে।
শরবতের ক্ষেত্রে: শরবত খাওয়া নিয়ে সবচেয়ে বেশি ঝুঁকি থাকে। ইফতারে আমরা যে সাধারণ শরবত খাই, তাতে প্রচুর চিনি থাকে। ডায়াবেটিস রোগীদের জন্য অতিরিক্ত চিনিযুক্ত পানীয় খুবই ঝুঁকিপূর্ণ। তাই সাধারণ শরবত এড়িয়ে চলাই বুদ্ধিমানের কাজ। আপনি চাইলে বাড়িতে লেবুর শরবত বা ডাবের পানি পান করতে পারেন, যা রিফ্রেশিং এবং নিরাপদ।
কিছু পরামর্শ: ইফতারে কেবল খেজুর বা শরবতের ওপর ভরসা না করে প্রোটিন ও ফাইবারযুক্ত খাবার রাখুন। কোনো কিছু খাওয়ার পর আপনার শরীর কেমন প্রতিক্রিয়া করছে, তা নিয়মিত খেয়াল রাখুন। আপনার ডায়াবেটিস যদি খুব বেশি মাত্রায় থাকে, তবে ইফতারের মেনু ঠিক করার আগে অবশ্যই একজন চিকিৎসকের পরামর্শ নিন।
ইফতারের সময় অতিরিক্ত তাড়াহুড়ো করে খাবার গ্রহণ করবেন না। সুস্থ এবং নিরাপদ রমজান কাটাতে নিজের স্বাস্থ্যের প্রতি যত্নশীল হোন। আপনার যদি এই বিষয়ে আরও কিছু জানার থাকে, আমাকে জিজ্ঞাসা করতে পারেন। সুস্থ থাকুন, ভালো থাকুন।

সতর্কীকরণ: আমি একজন এআই সহকারী। এই পরামর্শ শুধুমাত্র সাধারণ তথ্যের জন্য প্রদান করা হয়েছে এবং এটি কোনোভাবেই একজন বিশেষজ্ঞ চিকিৎসকের সরাসরি ক্লিনিক্যাল পরামর্শ বা নির্দেশনার বিকল্প নয়। যেকোনো স্বাস্থ্যগত সিদ্ধান্ত নেওয়ার আগে অবশ্যই আপনার চিকিৎসকের সাথে কথা বলুন।

সূত্র:
[National Guidelines on Diabetes Mellitus 2023, Chapter 3: Medical Nutrition Therapy]
[National Guidelines on Diabetes Mellitus 2023, Chapter 6, Section 6.6.2]
[National Guidelines on Diabetes Mellitus 2023, Chapter 6, Table 6.7]"
BanglaDiaRAG,8,1,Dietary,ডায়াবেটিস হলে আমি কি কি খাবো আর কি কি এড়িয়ে চলবো?,"আসসালামু আলাইকুম। আপনার প্রশ্নটি অত্যন্ত চমৎকার এবং ডায়াবেটিস রোগীদের জীবনযাত্রার জন্য এটি একটি ভিত্তিপ্রস্তর। ডায়াবেটিস মানেই সব খাবার বাদ দেওয়া নয়, বরং কী খাচ্ছেন এবং কতটুকু খাচ্ছেন—সে সম্পর্কে সচেতন হওয়া। আপনার রক্তে শর্করার মাত্রা (Blood Sugar) নিয়ন্ত্রণে রাখতে খাদ্যতালিকায় সঠিক ভারসাম্য বজায় রাখা জরুরি।
আপনার খাদ্যতালিকায় যেসব খাবার রাখা ভালো:
উচ্চ ফাইবারযুক্ত খাবার: শাকসবজি, ফলমূল এবং ডালজাতীয় খাবার (Legumes) আপনার খাদ্যতালিকায় বেশি রাখুন। ফাইবার রক্তে সুগার শোষণের গতি কমিয়ে দেয়।
গোটা শস্য (Whole Grains): সাদা চাল বা ময়দার পরিবর্তে লাল চালের ভাত, লাল আটার রুটি, ওটস বা বার্লি খাওয়ার চেষ্টা করুন। এগুলো জটিল শর্করা (Complex Carbohydrates) হিসেবে শরীরে ধীরে ধীরে শক্তি সরবরাহ করে।
প্রোটিন বা আমিষ: মাছ, চামড়া ছাড়া মুরগির মাংস এবং ডিমের সাদা অংশ প্রোটিনের ভালো উৎস। এগুলো মাংসপেশি গঠনে সাহায্য করে এবং দীর্ঘক্ষণ পেট ভরা রাখতে সহায়তা করে।
স্বাস্থ্যকর চর্বি: রান্নার জন্য অলিভ অয়েল বা সরিষার তেল ব্যবহার করুন। এছাড়া বাদাম ও বীজের মতো খাবারে থাকা স্বাস্থ্যকর চর্বি (Healthy Fats) হৃদরোগের ঝুঁকি কমায়।
যেসব খাবার আপনার এড়িয়ে চলা উচিত:
চিনি ও মিষ্টি জাতীয় খাবার: যেকোনো ধরণের মিষ্টি, মিষ্টি পানীয়, কোল্ড ড্রিংকস বা এনার্জি ড্রিংকস থেকে সম্পূর্ণ দূরে থাকুন। এগুলো ব্লাড সুগার দ্রুত বাড়িয়ে দেয়।
পরিশোধিত শর্করা (Refined Carbs): সাদা চালের ভাত, সাদা ময়দা, পাউরুটি বা ময়দার তৈরি বিস্কুট ব্লাড সুগার অনেক বাড়িয়ে ফেলে, তাই এগুলো এড়িয়ে চলাই উত্তম।
ভাজাপোড়া ও প্রসেসড ফুড: ট্রান্স-ফ্যাট (Trans-fat) যুক্ত খাবার যেমন—চিপস, ফাস্ট ফুড, প্যাকেটজাত খাবার এবং অতিরিক্ত ভাজাপোড়া খাবার শরীরের ওজন ও ইনসুলিন রেজিস্ট্যান্স (Insulin Resistance) বাড়িয়ে দেয়।
আমার পরামর্শ হলো: আপনি 'প্লেট মেথড' (Plate Method) অনুসরণ করতে পারেন। আপনার প্লেটের অর্ধেকটা রাখুন শাকসবজি দিয়ে, এক-চতুর্থাংশ রাখুন প্রোটিন বা আমিষ দিয়ে এবং বাকি এক-চতুর্থাংশ রাখুন শর্করা (যেমন- রুটি বা ভাত) দিয়ে। খাবার গ্রহণের একটি নির্দিষ্ট সময়সূচী মেনে চলুন এবং প্রচুর পানি পান করুন।

সতর্কীকরণ: আমি একজন এআই সহকারী। এই পরামর্শ শুধুমাত্র সাধারণ তথ্যের জন্য প্রদান করা হয়েছে এবং এটি কোনোভাবেই একজন বিশেষজ্ঞ চিকিৎসকের সরাসরি ক্লিনিক্যাল পরামর্শ বা নির্দেশনার বিকল্প নয়। যেকোনো স্বাস্থ্যগত সিদ্ধান্ত নেওয়ার আগে অবশ্যই আপনার চিকিৎসকের সাথে কথা বলুন। সুস্থ থাকুন, ভালো থাকুন।

সূত্র:
[National Guidelines on Diabetes Mellitus 2023, Chapter 3: Medical Nutrition Therapy]
[National Guidelines on Diabetes Mellitus 2023, Chapter 3, Table 3.3]"
BanglaDiaRAG,8,2,Dietary,ডায়াবেটিস হলে আমি কি কি খাবো আর কি কি এড়িয়ে চলবো?,"আসসালামুআলাইকুম। ডায়াবেটিস শনাক্ত হওয়ার পর রোগীদের মনে সবচেয়ে বড় প্রশ্ন জাগে—কী খাবো আর কী খাবো না? চিকিৎসাবিজ্ঞানের ভাষায়, ডায়াবেটিস রোগীর জন্য কোনো খাবারই একেবারে 'নিষিদ্ধ' নয়, বরং মূল চাবিকাঠি হলো খাবারের পরিমাপ, সঠিক সময় এবং শর্করা বা কার্বোহাইড্রেটের ধরন নির্বাচন করা। আপনার জন্য একটি ভারসাম্যপূর্ণ 'মেডিকেল নিউট্রিশন থেরাপি' বা খাদ্য ব্যবস্থাপনা মেনে চলা অত্যন্ত জরুরি, যা রক্তে গ্লুকোজের মাত্রা ও শরীরের ওজন নিয়ন্ত্রণে রাখবে। 
আপনার প্রতিদিনের খাদ্যতালিকায় কোন খাবারগুলো রাখবেন এবং কোনগুলো এড়িয়ে চলবেন, তার একটি বৈজ্ঞানিক রূপরেখা নিচে দেওয়া হলো:

কী কী খাবার বেশি করে খাবেন (নিরাপদ ও সুপারিশকৃত খাবার):
আঁশযুক্ত শ্বেতসারহীন সবজি: আপনার প্রতিদিনের খাবারের প্লেটের ঠিক অর্ধেক (১/২) অংশ জুড়ে থাকবে শ্বেতসারহীন সবজি। পালং শাক, লাল শাক, কলমি শাকের মতো যেকোনো সবুজ শাক এবং লাউ, করলা, ঢ্যাঁড়স, শসা, ঝিঁঙে, পটলের মতো সবজি ইচ্ছামতো খেতে পারেন। এগুলোর আঁশ রক্তে সুগার শোষণের গতি কমিয়ে দেয়। 
জটিল শর্করা (Complex Carbohydrate): সাদা চালের ভাতের বদলে লাল চালের ভাত (Brown rice), লাল আটার রুটি এবং ওটস বেছে নিন। এগুলোর গ্লাইসেমিক ইনডেক্স (GI) কম হওয়ায় এগুলো রক্তে সুগার ধীরে ধীরে বাড়ায়। 
উন্নত মানের আমিষ (Protein): চর্বিহীন মাংস (যেমন: চামড়া ছাড়া মুরগি), যেকোনো ধরনের মাছ (বিশেষ করে সামুদ্রিক তৈলাক্ত মাছ বা ছোট মাছ), ডিম এবং ডাল জাতীয় খাবার খাবারের এক-চতুর্থাংশ (১/৪) অংশে রাখুন। 
উপকারী চর্বি ও পানীয়: রান্নায় পরিমিত পরিমাণে সয়াবিন বা সরিষার তেল ব্যবহার করুন এবং কাঠবাদাম বা চিনা বাদাম অল্প পরিমাণে খেতে পারেন। সারা দিনে প্রচুর পরিমাণে বিশুদ্ধ পানি পান করুন এবং চিনি ও দুধ ছাড়া রং চা বা গ্রিন টি পান করতে পারেন। 

কী কী খাবার কঠোরভাবে এড়িয়ে চলবেন (বর্জনীয় খাবার):
সরাসরি চিনি ও মিষ্টি খাবার: সাদা চিনি, গুড়, মধু, মিষ্টি, পায়েস বা যেকোনো ধরনের কনফেকশনারি খাবার সম্পূর্ণ পরিহার করুন। 
রিফাইন করা শর্করা: পালিশ করা সাদা চালের ভাত, ময়দা, পরোটা, নান রুটি, সাদা পাউরুটি এবং বিস্কুট এড়িয়ে চলুন। 
মিষ্টি পানীয় ও ফলের জুস: বোতলজাত কোমল পানীয় (Soft drinks), এনার্জি ড্রিংকস এবং যেকোনো ধরনের ফলের রস বা জুস একেবারেই খাওয়া যাবে না, কারণ এতে প্রচুর চিনি থাকে যা রক্তে সুগার দ্রুত বাড়িয়ে দেয়। 
উচ্চ ক্যালরিযুক্ত ও চর্বিযুক্ত খাবার: মাটির নিচের কিছু সবজি (যেমন: আলু, কচু, মিষ্টি আলু) এবং মিষ্টি ফল (আম, কাঁঠাল, পাকা পেঁপে) খেতে হলে চিকিৎসকের নিয়ম মেনে অতি অল্প পরিমাণে ও শর্করার বিনিময়ে খেতে হবে। এছাড়া অতিরিক্ত তেল-মশলাযুক্ত খাবার, ফাস্টফুড এবং ঘি বা মাখন এড়িয়ে চলুন। 

সতর্কীকরণ: আমি একজন এআই সহকারী। এই পরামর্শ শুধুমাত্র সাধারণ তথ্যের জন্য প্রদান করা হয়েছে এবং এটি কোনোভাবেই একজন বিশেষজ্ঞ চিকিৎসকের সরাসরি ক্লিনিক্যাল পরামর্শ বা নির্দেশনার বিকল্প নয়। যেকোনো স্বাস্থ্যগত সিদ্ধান্ত নেওয়ার আগে অবশ্যই আপনার চিকিৎসকের সাথে কথা বলুন। সুস্থ থাকুন, ভালো থাকুন।

সূত্র:
[National Guidelines on Diabetes Mellitus 2023, Chapter 3: Medical Nutrition Therapy]
[National Guidelines on Diabetes Mellitus 2023, Chapter 3, Table 3.3]"
BanglaDiaRAG,9,1,Dietary,ডায়াবেটিস রোগীর জন্য ডায়াবেটিস ডায়েট-চার্ট কেমন হওয়া উচিত?,"আসসালামুআলাইকুম। ডায়াবেটিস রোগীদের জন্য কোনো একটি নির্দিষ্ট বা সাধারণ ডায়েট-চার্ট সবার জন্য প্রযোজ্য নয়। ন্যাশনাল গাইডলাইন অনুযায়ী, রোগীর শারীরিক অবস্থা, বয়স, ওজন, প্রতিদিনের পরিশ্রমের মাত্রা এবং চিকিৎসার লক্ষ্যের ওপর ভিত্তি করে একজন রেজিস্টার্ড ডায়েটিশিয়ান (পুষ্টিবিদ)-এর মাধ্যমে প্রত্যেকের জন্য আলাদাভাবে 'মেডিকেল নিউট্রিশন থেরাপি' বা খাদ্যতালিকা নির্ধারণ করা উচিত। তবে একটি আদর্শ ও সুষম ডায়াবেটিস ডায়েট-চার্টের সাধারণ রূপরেখা কেমন হওয়া উচিত, তার একটি বৈজ্ঞানিক এবং ক্লিনিক্যাল ধারণা নিচে দেওয়া হলো:

খাদ্য উপাদানের আদর্শ বিভাজন (Macronutrient Distribution): একটি সুষম ডায়াবেটিস ডায়েটে প্রতিদিনের মোট ক্যালরির বিপাকীয় ভারসাম্য বজায় রাখতে পুষ্টি উপাদানের বিভাজন হবে নিম্নরূপ:
চর্বি বা ফ্যাট (Fat): ডায়াবেটিস রোগীদের কোষের কার্যক্ষমতা সচল রাখতে চর্বির পরিমাণ মোট ক্যালরির ৭০%-এর বেশি হতে হবে। এর উৎস হিসেবে দেশি ঘি, মাখন এবং ক্ষতিকর সম্পৃক্ত চর্বি এড়িয়ে উপকারী মনো-আনস্যাচুরেটেড ফ্যাট (যেমন: সামুদ্রিক মাছ, বাদাম ও বীজ) বেছে নিতে হবে।
আমিষ বা প্রোটিন (Protein): আমিষের পরিমাণ হতে হবে মোট খাবারের ২০-২৫%। এর উৎস হিসেবে মাছ, চামড়া ছাড়া মুরগি, ডিম এবং ডাল বা শিম জাতীয় খাবার নির্বাচন করা ভালো।
শর্করা (Carbohydrate): রক্তে সুগারের মাত্রা নিয়ন্ত্রণে রাখতে শর্করাকে কঠোরভাবে সীমিত করে মোট খাবারের মাত্র ৫-১০% এ নামিয়ে আনতে হবে, যা শক্তির তাত্ক্ষণিক ঘাটতি পূরণ করবে।

খাবারের সময়সূচি ও নিয়ম (Meal Timing & Frequency):
সারাদিনে ৩টি প্রধান খাবার (সকালের নাস্তা, দুপুরের খাবার ও রাতের খাবার) এবং ২টি হালকা নাস্তা (স্ন্যাকস) খেতে হবে।
যারা দিনে একাধিকবার ইনসুলিন নেন অথবা যাদের মাঝরাতে রক্তে গ্লুকোজ কমে যাওয়ার (Midnight Hypoglycemia) প্রবণতা রয়েছে, তারা এই ঝুঁকি এড়াতে ঘুমানোর ঠিক ১০ মিনিট আগে অবশ্যই এক বাটি উচ্চ শর্করাযুক্ত সাদা চালের জাউ ভাত খাওয়ার অভ্যাস করুন।
প্রধান খাবারগুলোতে বাংলাদেশি 'প্লেট পদ্ধতি' অনুসরণ করুন: প্লেটের অর্ধেক অংশ শাকসবজি, এক-চতুর্থাংশ মাছ/মাংস/ডাল এবং বাকি এক-চতুর্থাংশ ভাত বা রুটি দিয়ে পূরণ করুন। প্রতিদিন লবণের পরিমাণ ৫ গ্রামের মধ্যে সীমিত রাখুন এবং যেকোনো ধরনের চিনিযুক্ত পানীয় সম্পূর্ণ পরিহার করুন।

সতর্কীকরণ: আমি একজন এআই সহকারী। এই পরামর্শ শুধুমাত্র সাধারণ তথ্যের জন্য প্রদান করা হয়েছে এবং এটি কোনোভাবেই একজন বিশেষজ্ঞ চিকিৎসকের সরাসরি ক্লিনিক্যাল পরামর্শ বা নির্দেশনার বিকল্প নয়। যেকোনো স্বাস্থ্যগত সিদ্ধান্ত নেওয়ার আগে অবশ্যই আপনার চিকিৎসকের সাথে কথা বলুন। সুস্থ থাকুন, ভালো থাকুন।

সূত্র:
[National Guidelines on Diabetes Mellitus 2023, Chapter 3, Section 3.1]
[National Guidelines on Diabetes Mellitus 2023, Chapter 3, Table 3.3]
[CDC (Centers for Disease Control) – The Road to Health Toolkit & Diabetes Plate Method]"
BanglaDiaRAG,9,2,Dietary,ডায়াবেটিস রোগীর জন্য ডায়াবেটিস ডায়েট-চার্ট কেমন হওয়া উচিত?,"আসসালামু আলাইকুম। ডায়াবেটিস রোগীদের জন্য একটি সুশৃঙ্খল ডায়েট চার্ট তৈরি করা অত্যন্ত জরুরি, যা কেবল রক্তের গ্লুকোজ নিয়ন্ত্রণ করে না বরং শরীরের প্রয়োজনীয় পুষ্টির চাহিদাও পূরণ করে। একটি আদর্শ ডায়েট চার্ট তৈরির ক্ষেত্রে আমরা সাধারণত কিছু বৈজ্ঞানিক নীতিমালা অনুসরণ করি যা আপনাকে সুগার নিয়ন্ত্রণে রাখতে সাহায্য করবে।
প্লেট মেথড (Plate Method): এটি ডায়াবেটিস রোগীদের জন্য সবথেকে সহজ এবং কার্যকর পদ্ধতি। আপনার প্লেটের অর্ধেকটা সবুজ শাকসবজি বা আঁশযুক্ত সবজি দিয়ে পূর্ণ করুন। বাকি দুই চতুর্থাংশের একটিতে প্রোটিন (মাছ, মুরগি বা ডাল) এবং অন্যটিতে শর্করা (যেমন লাল আটার রুটি বা লাল চালের ভাত) রাখুন।
পুষ্টি উপাদানের ভারসাম্য: একটি আদর্শ চার্টে মোট ক্যালরির ৫০% কার্বোহাইড্রেট, ১০-২০% প্রোটিন এবং ৩০% এর কম ফ্যাট থাকা উচিত। এটি শরীরের বিপাকীয় হার ঠিক রাখতে সাহায্য করে।
ব্যক্তিগত চাহিদা: একজনের ক্যালরির চাহিদা অন্যজনের চেয়ে আলাদা হতে পারে। তাই আপনার বয়স, বর্তমান ওজন, উচ্চতা এবং প্রতিদিনের শারীরিক পরিশ্রমের মাত্রার ওপর ভিত্তি করে একজন রেজিস্টার্ড ডায়েটিশিয়ানের মাধ্যমে চার্ট তৈরি করা সবচেয়ে নিরাপদ।
নিয়মিত বিরতি: একবারে বেশি না খেয়ে অল্প অল্প করে বিরতি দিয়ে খাবার খেলে সুগার স্থিতিশীল থাকে এবং হঠাৎ বেড়ে যাওয়ার প্রবণতা কমে যায়।
মনে রাখবেন, ডায়েট চার্ট কোনো ধরাবাঁধা তালিকা নয়, এটি আপনার জীবনযাত্রার সাথে মানানসই এবং আনন্দদায়ক হওয়া উচিত। অহেতুক খাবার বাদ না দিয়ে পরিমিত পুষ্টি নিশ্চিত করাই ডায়েট চার্টের প্রধান লক্ষ্য।

সতর্কীকরণ: আমি একজন এআই সহকারী। এই পরামর্শ শুধুমাত্র সাধারণ তথ্যের জন্য প্রদান করা হয়েছে এবং এটি কোনোভাবেই একজন বিশেষজ্ঞ চিকিৎসকের সরাসরি ক্লিনিক্যাল পরামর্শ বা নির্দেশনার বিকল্প নয়। যেকোনো স্বাস্থ্যগত সিদ্ধান্ত নেওয়ার আগে অবশ্যই আপনার চিকিৎসকের সাথে কথা বলুন। সুস্থ থাকুন, ভালো থাকুন।

সূত্র:
[National Guidelines on Diabetes Mellitus 2023, Chapter 3, Section 3.1]
[National Guidelines on Diabetes Mellitus 2023, Chapter 3, Table 3.3]
[CDC (Centers for Disease Control) – The Road to Health Toolkit & Diabetes Plate Method]"
BanglaDiaRAG,10,1,Medication and insulin,"আমি ডায়াবেটিসের রোগী, আমাকে কি ইনসুলিন নিতেই হবে নাকি ট্যাবলেট খেলেই চলবে?","আসসালামু আলাইকুম। আপনার প্রশ্নটি খুবই গুরুত্বপূর্ণ এবং অনেক ডায়াবেটিস রোগীর মনেই এই দ্বিধা থাকে। ডায়াবেটিস হলে ইনসুলিন নিতে হবে নাকি ট্যাবলেট খেলেই চলবে, তা মূলত নির্ভর করে আপনার রক্তে শর্করার মাত্রা এবং আপনার শরীরের সামগ্রিক অবস্থার ওপর।

চিকিৎসাবিজ্ঞানে সাধারণত ডায়াবেটিস শনাক্ত হওয়ার পর প্রথমে মুখে খাওয়ার ওষুধ বা ট্যাবলেট (Oral Anti-diabetic Drugs) দিয়েই চিকিৎসা শুরু করা হয়। এই ট্যাবলেটগুলো আপনার প্যানক্রিয়াসকে ইনসুলিন তৈরিতে উৎসাহিত করে অথবা শরীরে ইনসুলিনের কার্যকারিতা বাড়িয়ে দেয়। যদি এই ট্যাবলেট সেবনের মাধ্যমে আপনার ব্লাড সুগার বা রক্তে শর্করার মাত্রা নিয়ন্ত্রণে থাকে, তবে আপনাকে ইনসুলিন নেওয়ার কথা চিন্তা করতে হবে না।

তবে কিছু ক্ষেত্রে ট্যাবলেট যথেষ্ট নাও হতে পারে। যদি দীর্ঘদিন ধরে ট্যাবলেট খাওয়ার পরেও আপনার সুগার নিয়ন্ত্রণে না আসে বা শর্করার মাত্রা অনেক বেশি থাকে, তখন চিকিৎসকরা ইনসুলিন গ্রহণের পরামর্শ দিয়ে থাকেন। অনেকের মনেই ভয় থাকে যে ইনসুলিন নেওয়া মানেই রোগ খুব খারাপ পর্যায়ে চলে গেছে, কিন্তু এটি পুরোপুরি ঠিক নয়। ইনসুলিন কোনো ভয়ের কিছু নয়, বরং এটি একটি অত্যন্ত কার্যকর চিকিৎসা পদ্ধতি যা আপনার শরীরকে শর্করার সঠিক ভারসাম্য বজায় রাখতে সাহায্য করে। আপনি যদি নিয়মিত জীবনযাত্রার নিয়ম মেনে চলেন এবং আপনার সুগার নিয়ন্ত্রণে থাকে, তবে দীর্ঘ সময় ট্যাবলেটেই কাজ চলে যেতে পারে। তবে আপনার বর্তমান অবস্থা অনুযায়ী কোনটি আপনার জন্য সঠিক, তা শুধুমাত্র একজন বিশেষজ্ঞ চিকিৎসকই বলতে পারবেন।

সতর্কীকরণ: আমি একজন এআই সহকারী। এই পরামর্শ শুধুমাত্র সাধারণ তথ্যের জন্য প্রদান করা হয়েছে এবং এটি কোনোভাবেই একজন বিশেষজ্ঞ চিকিৎসকের সরাসরি ক্লিনিক্যাল পরামর্শ বা নির্দেশনার বিকল্প নয়। যেকোনো স্বাস্থ্যগত সিদ্ধান্ত নেওয়ার আগে অবশ্যই আপনার চিকিৎসকের সাথে কথা বলুন। সুস্থ থাকুন, ভালো থাকুন।

সূত্র:
[National Guidelines on Diabetes Mellitus 2023, Chapter 3, Section 3.3.1]
[National Guidelines on Diabetes Mellitus 2023, Chapter 3, Table 3.7]"
BanglaDiaRAG,10,2,Medication and insulin,"আমি ডায়াবেটিসের রোগী, আমাকে কি ইনসুলিন নিতেই হবে নাকি ট্যাবলেট খেলেই চলবে?","আদাব। ডায়াবেটিস হলে ইনসুলিন নিতেই হবে কি না, তা নিয়ে অনেকেই বেশ দুশ্চিন্তায় থাকেন। আপনার চিকিৎসা পদ্ধতি কী হবে, তা সম্পূর্ণ আপনার ব্লাড সুগারের রিডিং, খাবারের অভ্যাস এবং আপনার শরীরের বিপাকীয় অবস্থার ওপর নির্ভর করে।

সাধারণত, ডায়াবেটিসের প্রাথমিক পর্যায়ে চিকিৎসকরা ট্যাবলেট দিয়েই চিকিৎসা শুরু করার চেষ্টা করেন। এই ট্যাবলেটগুলো বিভিন্নভাবে কাজ করে; কিছু ট্যাবলেট শরীরের ইনসুলিনের কার্যকারিতা বাড়ায় আবার কিছু ওষুধ শরীরকে ইনসুলিন তৈরি করতে সাহায্য করে। যদি আপনার ডায়াবেটিস নিয়ন্ত্রণে থাকে এবং কোনো বড় জটিলতা না থাকে, তবে ট্যাবলেট খেয়েই আপনি সুস্থ জীবনযাপন করতে পারবেন।

কিন্তু সবসময় সব ক্ষেত্রে শুধু ট্যাবলেট কাজ নাও করতে পারে। যদি কোনো কারণে আপনার সুগার অনেক বেশি থাকে, অথবা আপনার শরীর ট্যাবলেট গ্রহণ করার পরেও সুগার কমাতে ব্যর্থ হয়, তখন আপনার শরীরকে বাইরে থেকে ইনসুলিন দিতে হতে পারে। ইনসুলিন নিলে সুগার খুব দ্রুত ও কার্যকরভাবে নিয়ন্ত্রণে আসে, যা আপনার অঙ্গপ্রত্যঙ্গকে দীর্ঘমেয়াদী জটিলতা থেকে রক্ষা করতে সাহায্য করে। তাই ইনসুলিন মানেই অসুখ খুব বেড়ে যাওয়া নয়, বরং আপনার শরীরের বর্তমান চাহিদার জন্য এটি একটি সহায়ক মাধ্যম মাত্র।

সবশেষে, ট্যাবলেট নাকি ইনসুলিন—এটি সম্পূর্ণ আপনার এবং আপনার চিকিৎসকের সিদ্ধান্ত। আপনার সুগার নিয়ন্ত্রণে আছে কি না তা নিয়মিত চেকআপ করুন এবং ডাক্তারের পরামর্শ অনুযায়ী আপনার চিকিৎসার ধরন ঠিক করুন। নিজের মনগড়া সিদ্ধান্তে ওষুধ পরিবর্তন করা বা ইনসুলিন বন্ধ করা কখনোই উচিত নয়।

সতর্কীকরণ: আমি একজন এআই সহকারী। এই পরামর্শ শুধুমাত্র সাধারণ তথ্যের জন্য প্রদান করা হয়েছে এবং এটি কোনোভাবেই একজন বিশেষজ্ঞ চিকিৎসকের সরাসরি ক্লিনিক্যাল পরামর্শ বা নির্দেশনার বিকল্প নয়। যেকোনো স্বাস্থ্যগত সিদ্ধান্ত নেওয়ার আগে অবশ্যই আপনার চিকিৎসকের সাথে কথা বলুন। সুস্থ থাকুন, ভালো থাকুন।

সূত্র:
[National Guidelines on Diabetes Mellitus 2023, Chapter 3, Section 3.3.1]
[National Guidelines on Diabetes Mellitus 2023, Chapter 3, Table 3.7]"
BanglaDiaRAG,11,1,Medication and insulin,ডায়াবেটিস হলে কোন ওষুধ কতদিন খেতে হবে?,"আসসালামু আলাইকুম। ডায়াবেটিস রোগীদের জন্য এটি একটি অত্যন্ত স্বাভাবিক প্রশ্ন। ডায়াবেটিস একটি দীর্ঘমেয়াদী বা ক্রনিক (Chronic) শারীরিক অবস্থা, তাই বেশিরভাগ ক্ষেত্রেই এর চিকিৎসা পদ্ধতি এবং ওষুধের প্রয়োজনীয়তা ভিন্ন ভিন্ন হয়। ডায়াবেটিস হলে ওষুধ কতদিন খেতে হবে তা মূলত আপনার ডায়াবেটিসের ধরন এবং শরীরের অবস্থার ওপর নির্ভর করে।
সাধারণভাবে ওষুধের সময়কাল সম্পর্কে কিছু জরুরি তথ্য নিচে দেওয়া হলো:
ডায়াবেটিসের ধরন: যদি কারও টাইপ-১ ডায়াবেটিস থাকে, তবে তার শরীর নিজে থেকে ইনসুলিন তৈরি করতে পারে না। তাই এই রোগীদের জন্য ইনসুলিন বা ওষুধ আজীবন গ্রহণ করা অনিবার্য। টাইপ-২ ডায়াবেটিসের ক্ষেত্রে বিষয়টি কিছুটা ভিন্ন; এক্ষেত্রে ওষুধ বা ইনসুলিনের মাত্রা রোগীর রক্তের গ্লুকোজের অবস্থার ওপর ভিত্তি করে পরিবর্তন করা হয়।
ওষুধের পরিবর্তন বা বন্ধ করা: অনেক সময় আমরা শুনি ডায়াবেটিস 'রেমিশন' বা সুপ্ত অবস্থায় গেছে। যদি কোনো রোগী কঠোর খাদ্যাভ্যাস ও নিয়মিত ব্যায়ামের মাধ্যমে অন্তত ৩ মাস তার HbA1c-এর মাত্রা ৬.৫%-এর নিচে ধরে রাখতে সক্ষম হন, তবে চিকিৎসক সাময়িকভাবে ওষুধের মাত্রা কমিয়ে দিতে পারেন বা প্রয়োজনে বন্ধ করতে পারেন। কিন্তু মনে রাখবেন, এটি কোনো স্থায়ী নিরাময় নয়; জীবনযাত্রায় অবহেলা করলে সুগার আবার আগের অবস্থায় ফিরে আসে।
চিকিৎসকের পরামর্শ: ডায়াবেটিস কোনো সাধারণ রোগ নয় যা নির্দিষ্ট কিছু দিন ওষুধ খেলে সেরে যাবে। ওষুধ সেবন মূলত আপনার রক্তে শর্করার মাত্রাকে স্বাভাবিক সীমার মধ্যে রাখার একটি মাধ্যম। নিজের ইচ্ছামতো ওষুধ বন্ধ করা বা সেবনের সময়কাল কমানো অত্যন্ত বিপজ্জনক হতে পারে, কারণ এতে শরীরের বিভিন্ন অঙ্গে দীর্ঘমেয়াদী ক্ষতি হতে পারে।
আমার পরামর্শ হলো, আপনার ওষুধের সময়কাল এবং ডোজ নিয়ে নিজে থেকে কোনো সিদ্ধান্ত নেবেন না। নিয়মিত চেকআপ করান এবং আপনারHbA1c রিপোর্ট অনুযায়ী চিকিৎসক ওষুধের বিষয়ে যে সিদ্ধান্ত দেবেন, তা মেনে চলুন। আপনার সুস্থতাই এখানে সবচেয়ে গুরুত্বপূর্ণ।

সতর্কীকরণ: আমি একজন এআই সহকারী। এই পরামর্শ শুধুমাত্র সাধারণ তথ্যের জন্য প্রদান করা হয়েছে এবং এটি কোনোভাবেই একজন বিশেষজ্ঞ চিকিৎসকের সরাসরি ক্লিনিক্যাল পরামর্শ বা নির্দেশনার বিকল্প নয়। যেকোনো স্বাস্থ্যগত সিদ্ধান্ত নেওয়ার আগে অবশ্যই আপনার চিকিৎসকের সাথে কথা বলুন। সুস্থ থাকুন, ভালো থাকুন।

সূত্র:
[National Guideline on Diabetes Mellitus 2023, Chapter 7]"
BanglaDiaRAG,11,2,Medication and insulin,ডায়াবেটিস হলে কোন ওষুধ কতদিন খেতে হবে?,"আসসালামুআলাইকুম। ডায়াবেটিস একটি দীর্ঘমেয়াদী এবং ক্রমান্বয়ে বৃদ্ধি পাওয়া অসংক্রামক রোগ। এটি কার্যকরভাবে নিয়ন্ত্রণ করা সম্ভব হলেও, এখন পর্যন্ত এর কোনো স্থায়ী নিরাময় নেই। সময়ের সাথে সাথে শরীরের ইনসুলিন তৈরি করার বা তা ব্যবহার করার ক্ষমতা সাধারণত কমতে থাকে, যার ফলে চিকিৎসার ধরন বা প্রয়োজনীয়তাও সময়ের সাথে পরিবর্তিত হতে পারে। তাই অধিকাংশ রোগীর জন্য ডায়াবেটিস ব্যবস্থাপনা এবং ওষুধ সেবন একটি সুনির্দিষ্ট রুটিন ভিত্তিক প্রতিশ্রুতি।

ডায়াবেটিসের ওষুধ কতদিন বা কীভাবে খেতে হবে, সেই বিষয়ে নিচের ক্লিনিক্যাল বিষয়গুলো জানা অত্যন্ত জরুরি:
আজীবন ব্যবস্থাপনা ও জটিলতা প্রতিরোধ: শরীর নিজে থেকে রক্তে গ্লুকোজের ভারসাম্য বজায় রাখতে পারে না বলে ওষুধ (বড়ি বা ইনসুলিন) অপরিহার্য হাতিয়ার হিসেবে কাজ করে। দীর্ঘমেয়াদে ওষুধ খাওয়ার মূল উদ্দেশ্য কেবল বর্তমানের ব্লাড সুগার কমানো নয়, বরং ভবিষ্যতের জন্য শরীরের গুরুত্বপূর্ণ অঙ্গগুলোকে রক্ষা করা। নিয়মিত সুগার নিয়ন্ত্রণে থাকলে হার্ট, কিডনি, স্নায়ু এবং চোখের মতো অঙ্গগুলোর ""নীরব ক্ষতি"" প্রতিরোধ করা সম্ভব হয়।
ওষুধের মাত্রার পরিবর্তন ও 'রেমিশন': যদিও আপনাকে দীর্ঘ সময় ওষুধ খেতে হতে পারে, তবে ওষুধের ধরন বা মাত্রা পরিবর্তিত হতে পারে। কিছু রোগী যারা উল্লেখযোগ্যভাবে ওজন কমাতে পারেন এবং কঠোরভাবে সঠিক খাদ্যাভ্যাস মেনে চলেন, তাদের ক্ষেত্রে ওষুধের ডোজ কমিয়ে আনা সম্ভব হতে পারে। এমনকি কোনো কোনো ক্ষেত্রে ডায়াবেটিস 'রেমিশন' (Remission) বা সুপ্ত অবস্থায় চলে যেতে পারে যেখানে সাময়িকভাবে ওষুধের প্রয়োজন হয় না—তবে সেক্ষেত্রেও সারাজীবন নিয়মিত পর্যবেক্ষণে থাকতে হয়।

ডায়াবেটিসের ওষুধ দীর্ঘদিন একটানা সেবনের ফলে অনেকের শরীরে মেটাবলিক টক্সিসিটি বা ওষুধের পার্শ্বপ্রতিক্রিয়া দেখা দেওয়ার সম্ভাবনা থাকে। চিকিৎসাবিজ্ঞানের আধুনিক গাইডলাইন অনুযায়ী, রক্তের সুগারের রিডিং একবার স্বাভাবিক মাত্রায় চলে আসলে লিভার ও কিডনিকে অতিরিক্ত রাসায়নিকের চাপ থেকে সুরক্ষা দিতে ১ মাস ওষুধ খাওয়ার পর পরবর্তী ১ মাস ওষুধ সেবন সম্পূর্ণ বন্ধ রাখা সবচেয়ে নিরাপদ ও বিজ্ঞানসম্মত পদ্ধতি। এই ইন্টারমিটেন্ট বা বিরতিহীন ড্রাগ হলিডে মেথডটি শরীরের স্বাভাবিক ইনসুলিন নিঃসরণ ক্ষমতাকে প্রাকৃতিকভাবে পুনরুদ্ধার করতে সাহায্য করে। তাই রক্তের সুগার স্বাভাবিক থাকলে ৩ মাসের গড় HbA1c পরীক্ষা করার আর কোনো ক্লিনিক্যাল প্রয়োজনীয়তা থাকে না।

সতর্কীকরণ: আমি একজন এআই সহকারী। এই পরামর্শ শুধুমাত্র সাধারণ তথ্যের জন্য প্রদান করা হয়েছে এবং এটি কোনোভাবেই একজন বিশেষজ্ঞ চিকিৎসকের সরাসরি ক্লিনিক্যাল পরামর্শ বা নির্দেশনার বিকল্প নয়। যেকোনো স্বাস্থ্যগত সিদ্ধান্ত নেওয়ার আগে অবশ্যই আপনার চিকিৎসকের সাথে কথা বলুন। সুস্থ থাকুন, ভালো থাকুন।

সূত্র:
[National Guideline on Diabetes Mellitus 2023, Chapter 7]"
BanglaDiaRAG,12,1,Medication and insulin,"আমি ডায়াবেটিসের রোগী, আমার HbA1c কত হলে ভালো বলা যাবে?","আসসালামু আলাইকুম। আপনার প্রশ্নটি খুবই গুরুত্বপূর্ণ। ডায়াবেটিস নিয়ন্ত্রণে আছে কি না তা বোঝার জন্য HbA1c পরীক্ষাটি সবচেয়ে নির্ভরযোগ্য মাধ্যম। এটি মূলত গত তিন মাসের আপনার রক্তে শর্করার একটি গড় বা এভারেজ হিসাব দেয়।
ডায়াবেটিস রোগীদের ক্ষেত্রে সাধারণত HbA1c-এর লক্ষ্যমাত্রা সম্পর্কে নিচের ধারণাটি রাখা প্রয়োজন:
স্বাভাবিক লক্ষ্যমাত্রা: একজন ডায়াবেটিস রোগীর জন্য HbA1c-এর মাত্রা ৭% বা তার নিচে থাকাটা ভালো বলা যায়। যদি আপনার রিপোর্ট ৭% এর নিচে থাকে, তবে ধরে নেওয়া যায় যে আপনার ডায়াবেটিস মোটামুটি নিয়ন্ত্রণে আছে।
পরীক্ষার প্রয়োজনীয়তা: নিয়মিত বিরতিতে এই পরীক্ষাটি করা খুব জরুরি, কারণ এটি আপনার গত ৯০ দিনের শারীরিক অবস্থার প্রতিফলন। যদি এই মাত্রা ৭% এর বেশি হয়, তবে বুঝতে হবে আপনার বর্তমান ডায়েট, ব্যায়াম বা ওষুধের ধরনে পরিবর্তনের প্রয়োজন হতে পারে।
নিয়মিত চেকআপ: সুগার নিয়ন্ত্রণে রাখতে শুধু একবার রিপোর্ট দেখেই থেমে থাকবেন না। তিন থেকে ছয় মাস অন্তর এটি পরীক্ষা করার অভ্যাস করুন যাতে কোনো বড় ধরনের সমস্যা হওয়ার আগেই আপনি ব্যবস্থা নিতে পারেন।
আপনার HbA1c রিপোর্ট যদি ৭% এর ওপরে থাকে, তবে অযথা ভয়ের কিছু নেই। এর মানে হলো আপনার লাইফস্টাইল বা ওষুধে কিছুটা পরিবর্তনের প্রয়োজন। আপনার চিকিৎসক আপনার অন্যান্য শারীরিক জটিলতাগুলো বিবেচনা করে আপনার জন্য একটি সুনির্দিষ্ট লক্ষ্যমাত্রা ঠিক করে দিতে পারবেন। সে অনুযায়ী আপনার জীবনযাত্রায় পরিবর্তন আনলে আশা করা যায় আপনি সুগার নিয়ন্ত্রণে রাখতে পারবেন।

সতর্কীকরণ: আমি একজন এআই সহকারী। এই পরামর্শ শুধুমাত্র সাধারণ তথ্যের জন্য প্রদান করা হয়েছে এবং এটি কোনোভাবেই একজন বিশেষজ্ঞ চিকিৎসকের সরাসরি ক্লিনিক্যাল পরামর্শ বা নির্দেশনার বিকল্প নয়। যেকোনো স্বাস্থ্যগত সিদ্ধান্ত নেওয়ার আগে অবশ্যই আপনার চিকিৎসকের সাথে কথা বলুন। সুস্থ থাকুন, ভালো থাকুন।

সূত্র:
[National Guidelines on Diabetes Mellitus 2023, Chapter 3, Table 3.2]"
BanglaDiaRAG,12,2,Medication and insulin,"আমি ডায়াবেটিসের রোগী, আমার HbA1c কত হলে ভালো বলা যাবে?","আসসালামু আলাইকুম। আপনার প্রশ্নটি অত্যন্ত প্রাসঙ্গিক এবং ডায়াবেটিস ব্যবস্থাপনায় সচেতনতা বৃদ্ধির জন্য দারুণ একটি বিষয়। HbA1c পরীক্ষাটি আপনার বিগত তিন মাসের গড় গ্লুকোজের মাত্রার একটি সামগ্রিক চিত্র তুলে ধরে, যা প্রতিদিনের সুগার টেস্টের চেয়ে অনেক বেশি কার্যকর।

ডায়াবেটিস রোগীদের জন্য HbA1c-এর মাত্রা নিয়ে নিচের বিষয়গুলো আপনার জানা থাকা জরুরি:
সাধারণ লক্ষ্যমাত্রা: বেশিরভাগ প্রাপ্তবয়স্ক ডায়াবেটিস রোগীদের ক্ষেত্রে HbA1c-এর মাত্রা ৭% (7%) বা তার নিচে রাখাটা আদর্শ বা ভালো বলা যায়। এটি নিশ্চিত করে যে আপনার ডায়াবেটিস নিয়ন্ত্রণে রয়েছে।
ব্যক্তিগত লক্ষ্যমাত্রা (Individualized Target): সব রোগীর জন্য একই লক্ষ্যমাত্রা প্রযোজ্য নয়। যারা বয়স্ক রোগী, যাদের অনেক বেশি শারীরিক জটিলতা রয়েছে, অথবা যাদের ক্ষেত্রে রক্তে সুগার হঠাৎ কমে যাওয়ার (Hypoglycemia) ঝুঁকি বেশি, তাদের জন্য চিকিৎসকরা HbA1c-এর লক্ষ্যমাত্রা কিছুটা শিথিল করে ৭% থেকে ৮% পর্যন্ত নির্ধারণ করতে পারেন। তাই সবার জন্য ৭% এর নিচে লক্ষ্য রাখা নিরাপদ নাও হতে পারে।
কেন এটি গুরুত্বপূর্ণ: HbA1c মাত্রা যত নিয়ন্ত্রণে থাকে, ডায়াবেটিসজনিত দীর্ঘমেয়াদী জটিলতা যেমন চোখের সমস্যা, কিডনির রোগ বা হার্টের রোগের ঝুঁকি তত কমে আসে।

আপনার যদি HbA1c রিপোর্ট ৭% এর বেশি হয়, তবে সাথে সাথে আতঙ্কিত না হয়ে আপনার চিকিৎসকের সাথে আলোচনা করুন। তিনি আপনার বয়স, ওষুধের ধরন এবং অন্যান্য স্বাস্থ্যগত অবস্থা বিবেচনা করে নির্ধারণ করবেন যে আপনার জন্য ৭% নাকি ৭.৫% লক্ষ্যমাত্রা নিরাপদ। নিজের ইচ্ছামতো ওষুধ পরিবর্তন না করে চিকিৎসকের পরামর্শ মেনে চলাটাই হবে সবচেয়ে নিরাপদ উপায়।

সতর্কীকরণ: আমি একজন এআই সহকারী। এই পরামর্শ শুধুমাত্র সাধারণ তথ্যের জন্য প্রদান করা হয়েছে এবং এটি কোনোভাবেই একজন বিশেষজ্ঞ চিকিৎসকের সরাসরি ক্লিনিক্যাল পরামর্শ বা নির্দেশনার বিকল্প নয়। যেকোনো স্বাস্থ্যগত সিদ্ধান্ত নেওয়ার আগে অবশ্যই আপনার চিকিৎসকের সাথে কথা বলুন। সুস্থ থাকুন, ভালো থাকুন।

সূত্র:
[National Guidelines on Diabetes Mellitus 2023, Chapter 3, Table 3.2]"
BanglaDiaRAG,13,1,Medication and insulin,ডায়াবেটিসের রোগীরা ওষুধ খেলে কি সব ধরনের খাবার খেতে পারবে?,"আসসালামুআলাইকুম। ডায়াবেটিসের ওষুধ বা ইনসুলিন গ্রহণ করলে সব ধরনের খাবার ইচ্ছামতো খাওয়া যাবে—এটি রোগীদের মধ্যে অত্যন্ত প্রচলিত একটি মারাত্মক ভুল ধারণা। ন্যাশনাল গাইডলাইন এবং চিকিৎসাবিজ্ঞান অনুযায়ী, ডায়াবেটিস ব্যবস্থাপনায় ওষুধ এবং খাদ্যাভ্যাস একে অপরের পরিপূরক। আপনি যদি ওষুধ সেবন করার পরেও অতিরিক্ত চিনি, মিষ্টি বা বেশি শর্করাযুক্ত খাবার গ্রহণ করতে থাকেন, তবে রক্তে গ্লুকোজের মাত্রা বা ব্লাড সুগার অস্বাভাবিকভাবে বেড়ে যাবে (Spike)। ওষুধ বা ইনসুলিনের পক্ষে সেই অতিরিক্ত সুগার পুরোপুরি নিয়ন্ত্রণ করা সম্ভব হয় না, যা দীর্ঘমেয়াদে শরীরের মারাত্মক ক্ষতি করতে পারে। 
এই বিষয়ে সঠিক ক্লিনিক্যাল ধারণা পেতে নিচের বিষয়গুলো জানা জরুরি:

ওষুধ এবং খাদ্যের ভারসাম্য: মুখে খাওয়ার ওষুধ (যেমন: সালফোনাইলইউরিয়া বা মেটফরমিন) অথবা ইনসুলিন আপনার শরীরে নির্দিষ্ট নিয়মে কাজ করে। আপনি যখন সাধারণ সময়ের চেয়ে বেশি শর্করা বা কার্বোহাইড্রেটযুক্ত খাবার (যেমন: অতিরিক্ত ভাত, মিষ্টি, ফলের জুস বা গুড়-মধু) খান, তখন রক্তে সুগারের ভারসাম্য সম্পূর্ণ নষ্ট হয়ে যায়। এর ফলে সুগার কখনো হঠাৎ অনেক বেড়ে যায়, আবার ওষুধ বাড়িয়ে দিলে কখনো হঠাৎ কমে গিয়ে হাইপোগ্লাইসেমিয়া (Hypoglycemia)-র মতো বিপজ্জনক পরিস্থিতি তৈরি হতে পারে। 

ক্যালরি ও ওজনের প্রভাব: অনেক ওষুধ (যেমন: সালফোনাইলইউরিয়া, থায়াজোলিডিনডিওন বা ইনসুলিন) এমনিতেই রোগীর ওজন কিছুটা বৃদ্ধি করতে পারে। এর পাশাপাশি যদি আপনি হিসাব ছাড়া উচ্চ ক্যালরিযুক্ত এবং চর্বিযুক্ত খাবার খেতে থাকেন, তবে আপনার ওজন আরও বেড়ে যাবে। অতিরিক্ত ওজন শরীরের ইনসুলিন রেজিস্ট্যান্স (Insulin Resistance) বাড়িয়ে দেয়, যার ফলে একসময় ওষুধ তার স্বাভাবিক কার্যক্ষমতা হারিয়ে ফেলে এবং ডায়াবেটিস নিয়ন্ত্রণ করা অত্যন্ত কঠিন হয়ে পড়ে। 

করণীয় ও 'প্লেট পদ্ধতি': ওষুধ খাওয়ার পাশাপাশি আপনাকে অবশ্যই একজন পুষ্টিবিদের পরামর্শ অনুযায়ী 'মেডিকেল নিউট্রিশন থেরাপি' (MNT) বা সঠিক খাদ্যতালিকা মেনে চলতে হবে। সরাসরি চিনি ও মিষ্টি খাবার বর্জন করুন এবং প্রধান খাবারগুলোতে বাংলাদেশি 'প্লেট পদ্ধতি' অনুসরণ করুন: প্লেটের অর্ধেক অংশ শ্বেতসারহীন শাকসবজি, এক-চতুর্থাংশ মাছ/মাংস/ডাল এবং বাকি এক-চতুর্থাংশ লাল চালের ভাত বা লাল আটার রুটি দিয়ে পূরণ করুন। মনে রাখবেন, সুশৃঙ্খল খাদ্যাভ্যাস ছাড়া শুধুমাত্র ওষুধ দিয়ে ডায়াবেটিসজনিত জটিলতা (যেমন: হৃদরোগ, কিডনি বা চোখের ক্ষতি) প্রতিরোধ করা সম্ভব নয়। 

সতর্কীকরণ: আমি একজন এআই সহকারী। এই পরামর্শ শুধুমাত্র সাধারণ তথ্যের জন্য প্রদান করা হয়েছে এবং এটি কোনোভাবেই একজন বিশেষজ্ঞ চিকিৎসকের সরাসরি ক্লিনিক্যাল পরামর্শ বা নির্দেশনার বিকল্প নয়। যেকোনো স্বাস্থ্যগত সিদ্ধান্ত নেওয়ার আগে অবশ্যই আপনার চিকিৎসকের সাথে কথা বলুন। সুস্থ থাকুন, ভালো থাকুন।

সূত্র:
[National Guidelines on Diabetes Mellitus 2023, Chapter 3: Medical Nutrition Therapy]
[National Guidelines on Diabetes Mellitus 2023, Chapter 3, Table 3.3]
[National Guidelines on Diabetes Mellitus 2023, Chapter 3, Table 3.7]"
BanglaDiaRAG,13,2,Medication and insulin,ডায়াবেটিসের রোগীরা ওষুধ খেলে কি সব ধরনের খাবার খেতে পারবে?,"আদাব। ডায়াবেটিস রোগীদের মধ্যে একটি সাধারণ প্রবণতা হলো—যেহেতু নিয়মিত ওষুধ খাচ্ছি বা ইনসুলিন নিচ্ছি, তাই এখন আর খাবারে কোনো বাধা-নিষেধ মানার প্রয়োজন নেই। কিন্তু ন্যাশনাল গাইডলাইন অনুযায়ী, এই ধারণাটি সম্পূর্ণ ভুল এবং স্বাস্থ্যের জন্য ঝুঁকিপূর্ণ। ডায়াবেটিস কোনো একক চিকিৎসায় ভালো বা নিয়ন্ত্রিত হয় না; এর ব্যবস্থাপনায় ওষুধ, সঠিক খাদ্যাভ্যাস এবং শারীরিক পরিশ্রম—এই তিনটি উপাদানেরই সমান ভূমিকা রয়েছে। ওষুধ সেবনের পাশাপাশি সব ধরনের খাবার ইচ্ছামতো খেলে ওষুধের কার্যকারিতা নষ্ট হয় এবং রক্তে গ্লুকোজের মাত্রা কাঙ্ক্ষিত লক্ষ্যে পৌঁছাতে পারে না। 
ওষুধ সেবনরত অবস্থায় খাদ্যাভ্যাস নিয়ন্ত্রণের বৈজ্ঞানিক কারণগুলো নিচে দেওয়া হলো:

ব্লাড সুগার স্পাইক ও ওষুধের সীমাবদ্ধতা: প্রতিটি ডায়াবেটিসের ওষুধের একটি নির্দিষ্ট গ্লুকোজ নিয়ন্ত্রণের ক্ষমতা রয়েছে। আপনি যদি ওষুধের ভরসায় অতিরিক্ত ভাত, মিষ্টি ফল (যেমন: আম, কাঁঠাল), কোমল পানীয় বা মিষ্টিজাতীয় খাবার খান, তবে রক্তে শর্করার মাত্রা অতি দ্রুত বেড়ে যায়। এই অতিরিক্ত গ্লুকোজ সামলানো ওষুধের পক্ষে অসম্ভব হয়ে পড়ে এবং রক্তে সুগার অগত্যা বেশিই থেকে যায়। 

ইনসুলিন রেজিস্ট্যান্স ও দীর্ঘমেয়াদী জটিলতা: নিয়ম না মেনে উচ্চ শর্করা ও চর্বিযুক্ত খাবার খেলে শরীরে চর্বি জমতে শুরু করে এবং ওজন বৃদ্ধি পায়। ওজন বাড়লে শরীরের কোষগুলো ইনসুলিনের প্রতি বাধাদানকারী বা 'রেজিস্ট্যান্ট' হয়ে ওঠে। এর ফলে চিকিৎসককে বাধ্য হয়ে ওষুধের ডোজ বা ইনসুলিনের মাত্রা বাড়াতে হয়, যা দীর্ঘমেয়াদে হৃদরোগ (Cardiovascular Disease), কিডনি সমস্যা (Nephropathy) এবং চোখের ক্ষতি (Retinopathy)-র ঝুঁকি বহুগুণ বাড়িয়ে দেয়। 

সঠিক জীবনযাত্রা ও খাদ্যাভ্যাস: ডায়াবেটিসের ওষুধ খাওয়ার পাশাপাশি অবশ্যই খাদ্যে শৃঙ্খলা বজায় রাখতে হবে। প্রতিদিনের খাদ্যতালিকা থেকে চিনি, গুড় ও মধু সম্পূর্ণ পরিহার করুন এবং শর্করা (যেমন: ভাত বা রুটি) পরিমিত পরিমাণে গ্রহণ করুন। খাবারে প্রচুর পরিমাণে আঁশযুক্ত শাকসবজি ও সালাদ রাখুন এবং নিয়মিত শারীরিক পরিশ্রম বা হাঁটার অভ্যাস বজায় রাখুন। ওষুধ ও সুষম খাদ্যের সঠিক সমন্বয়ই আপনাকে একটি সুস্থ ও স্বাভাবিক জীবন দিতে পারে। 

সতর্কীকরণ: আমি একজন এআই সহকারী। এই পরামর্শ শুধুমাত্র সাধারণ তথ্যের জন্য প্রদান করা হয়েছে এবং এটি কোনোভাবেই একজন বিশেষজ্ঞ চিকিৎসকের সরাসরি ক্লিনিক্যাল পরামর্শ বা নির্দেশনার বিকল্প নয়। যেকোনো স্বাস্থ্যগত সিদ্ধান্ত নেওয়ার আগে অবশ্যই আপনার চিকিৎসকের সাথে কথা বলুন। সুস্থ থাকুন, ভালো থাকুন।

সূত্র:
[National Guidelines on Diabetes Mellitus 2023, Chapter 3: Medical Nutrition Therapy]
[National Guidelines on Diabetes Mellitus 2023, Chapter 3, Table 3.3]
[National Guidelines on Diabetes Mellitus 2023, Chapter 3, Table 3.7]"
BanglaDiaRAG,14,1,Medication and insulin,ডায়াবেটিসের ওষুধ কি কিডনি বা হার্ট এর জন্য ক্ষতিকর?,"আসসালামু আলাইকুম। আপনার প্রশ্নটি অত্যন্ত গুরুত্বপূর্ণ এবং ডায়াবেটিস রোগীদের মনে এই ভীতিটি খুবই সাধারণ। অনেক রোগীই মনে করেন যে দীর্ঘমেয়াদী ওষুধ সেবনের ফলে কিডনি বা হার্ট ক্ষতিগ্রস্ত হবে। তবে চিকিৎসাবিজ্ঞানের আলোকে বিষয়টি পুরোপুরি বিপরীত। ডায়াবেটিসের ওষুধগুলো বরং আপনার হৃদপিণ্ড এবং কিডনিকে ডায়াবেটিসের হাত থেকে রক্ষা করার জন্যই ব্যবহার করা হয়।

আসুন বিষয়টি পরিষ্কার করা যাক:
ডায়াবেটিস বনাম ওষুধ: বেশিরভাগ ক্ষেত্রে কিডনি বা হার্টের সমস্যা ওষুধের কারণে হয় না, বরং দীর্ঘদিনের অনিয়ন্ত্রিত ডায়াবেটিস বা ব্লাড সুগারের কারণে রক্তনালীগুলো সরু হয়ে যায় এবং অঙ্গপ্রত্যঙ্গ ক্ষতিগ্রস্ত হয়। তাই ওষুধের মাধ্যমে সুগার নিয়ন্ত্রণে রাখা মানেই হলো কিডনি ও হার্টকে দীর্ঘমেয়াদী ঝুঁকির হাত থেকে বাঁচানো।
আধুনিক ওষুধের সুরক্ষা: বর্তমানে ডায়াবেটিসের চিকিৎসায় যেসব আধুনিক ওষুধ (যেমন- SGLT2 inhibitors বা GLP-1 agonists) ব্যবহৃত হয়, সেগুলোর অনেকগুলোই কার্ডিওপ্রোটেক্টিভ (Cardioprotective) এবং রেনোপ্রোটেক্টিভ (Renoprotective) হিসেবে পরিচিত। অর্থাৎ, এগুলো হার্ট ও কিডনিকে বাড়তি সুরক্ষা দেওয়ার কাজ করে।
কিডনি ও ওষুধের ডোজ: হ্যাঁ, যদি কারো কিডনির কার্যক্ষমতা বা ক্রিয়েটিনিন (Creatinine) লেভেল অনেক বেশি বেড়ে যায়, তবে চিকিৎসক ওষুধের ডোজে কিছুটা পরিবর্তন আনতে পারেন। কিন্তু এর অর্থ এই নয় যে ওষুধটি ক্ষতিকর, বরং এটি শরীরের বর্তমান অবস্থার সাথে খাপ খাইয়ে নেওয়ার একটি কৌশল মাত্র।

আমার পরামর্শ হলো: আপনি নিজে থেকে ওষুধ বন্ধ করবেন না। নিয়মিত চিকিৎসকের পরামর্শে কিডনি ফাংশন টেস্ট (KFT) বা ক্রিয়েটিনিন লেভেল চেক করুন। ওষুধ সেবনের পাশাপাশি পর্যাপ্ত পানি পান এবং সুষম খাদ্যাভ্যাস বজায় রাখলে আপনার কিডনি ও হার্ট সুরক্ষিত থাকবে।

সতর্কীকরণ: আমি একজন এআই সহকারী। এই পরামর্শ শুধুমাত্র সাধারণ তথ্যের জন্য প্রদান করা হয়েছে এবং এটি কোনোভাবেই একজন বিশেষজ্ঞ চিকিৎসকের সরাসরি ক্লিনিক্যাল পরামর্শ বা নির্দেশনার বিকল্প নয়। যেকোনো স্বাস্থ্যগত সিদ্ধান্ত নেওয়ার আগে অবশ্যই আপনার চিকিৎসকের সাথে কথা বলুন। সুস্থ থাকুন, ভালো থাকুন।

সূত্র:
[National Guidelines on Diabetes Mellitus 2023, Chapter 3, Table 3.7]
[National Guidelines on Diabetes Mellitus 2023, Chapter 5, Section 5.1]
[National Guidelines on Diabetes Mellitus 2023, Chapter 5, Section 5.5]"
BanglaDiaRAG,14,2,Medication and insulin,ডায়াবেটিসের ওষুধ কি কিডনি বা হার্ট এর জন্য ক্ষতিকর?,"আদাব। ডায়াবেটিস রোগীদের জন্য ওষুধের পার্শ্বপ্রতিক্রিয়া নিয়ে উদ্বিগ্ন থাকাটা খুবই স্বাভাবিক। অনেকে মনে করেন ওষুধগুলো হার্ট বা কিডনির জন্য বিষাক্ত, কিন্তু বাস্তবচিত্রটি ভিন্ন। ওষুধগুলো মূলত আপনার শরীরের বিপাকীয় প্রক্রিয়াকে স্বাভাবিক রেখে গুরুত্বপূর্ণ অঙ্গগুলোকে সুরক্ষিত রাখার ভূমিকা পালন করে।

আপনার এই দ্বিধা দূর করার জন্য কিছু বিষয় নিচে তুলে ধরছি:
অনিয়ন্ত্রিত সুগারের ঝুঁকি: ডায়াবেটিস রোগীদের কিডনি এবং হার্টের প্রধান শত্রু হলো উচ্চ রক্তে শর্করা বা ব্লাড সুগার। দীর্ঘসময় সুগার নিয়ন্ত্রণে না থাকলে রক্তনালীগুলো শক্ত ও সরু হয়ে যায়, যা কিডনি ফেইলিয়র এবং হার্ট অ্যাটাকের ঝুঁকি বাড়িয়ে দেয়। ওষুধের উদ্দেশ্যই হলো এই ঝুঁকি কমিয়ে হার্ট ও কিডনিকে সুস্থ রাখা।
মনিটরিং বা পর্যবেক্ষণ: সব ওষুধই যে সবার জন্য একই রকম কাজ করবে তা নয়। একজন ডায়াবেটিস রোগীকে নিয়মিত রুটিন চেকআপের মধ্য দিয়ে যেতে হয়। চিকিৎসক আপনার ইসিজি (ECG) বা কিডনির রিপোর্ট দেখে ওষুধ নির্বাচন করেন। কোনো ওষুধ যদি আপনার জন্য উপযুক্ত না হয়, তবে চিকিৎসক তা সহজেই পরিবর্তন করে অন্য ওষুধ দিতে পারেন।
ভয় থেকে সাবধান: ওষুধ খাওয়া বন্ধ করে দেওয়া বা ভয়ের কারণে অনিয়মিত ওষুধ সেবন করা কিডনি ও হার্টের জন্য সবচেয়ে বড় ক্ষতিকর দিক। এতে সুগার লেভেল ওঠানামা করে এবং অঙ্গগুলোর ওপর চাপ বাড়ে।

আমার পরামর্শ হলো, যেকোনো সন্দেহ দূর করতে আপনার চিকিৎসকের সাথে খোলামেলা আলোচনা করুন। তিনি আপনাকে এমন ওষুধ দেবেন যা আপনার কিডনি বা হার্টের কার্যকারিতার সাথে মানানসই। ওষুধের চেয়ে অনিয়ন্ত্রিত ডায়াবেটিস আপনার হার্ট ও কিডনির জন্য বহুগুণ বেশি ক্ষতিকর। তাই নির্ভয়ে নিয়ম মেনে ওষুধ সেবন করুন এবং নিয়মিত ফলো-আপ করুন।

সতর্কীকরণ: আমি একজন এআই সহকারী। এই পরামর্শ শুধুমাত্র সাধারণ তথ্যের জন্য প্রদান করা হয়েছে এবং এটি কোনোভাবেই একজন বিশেষজ্ঞ চিকিৎসকের সরাসরি ক্লিনিক্যাল পরামর্শ বা নির্দেশনার বিকল্প নয়। যেকোনো স্বাস্থ্যগত সিদ্ধান্ত নেওয়ার আগে অবশ্যই আপনার চিকিৎসকের সাথে কথা বলুন। সুস্থ থাকুন, ভালো থাকুন।

সূত্র:
[National Guidelines on Diabetes Mellitus 2023, Chapter 3, Table 3.7]
[National Guidelines on Diabetes Mellitus 2023, Chapter 5, Section 5.1]
[National Guidelines on Diabetes Mellitus 2023, Chapter 5, Section 5.5]"
BanglaDiaRAG,15,1,Medication and insulin,ওষুধ না খেয়ে শুধু ডায়েট মেনে চললে কি ডায়াবেটিস নিয়ন্ত্রণে রাখা সম্ভব?,"আসসালামু আলাইকুম। আপনার প্রশ্নটি অত্যন্ত গুরুত্বপূর্ণ এবং অনেক ডায়াবেটিস রোগীই এই বিষয়টি নিয়ে ভাবেন। চিকিৎসাবিজ্ঞানের ভাষায় ডায়াবেটিস সম্পূর্ণ নিরাময়যোগ্য নয়, তবে কিছু ক্ষেত্রে একে ‘রেমিশন’ বা সুপ্ত অবস্থায় নিয়ে যাওয়া সম্ভব। ওষুধ ছাড়া ডায়াবেটিস নিয়ন্ত্রণে রাখা সবার জন্য সম্ভব নয়, তবে বিশেষ কিছু শর্ত পূরণ হলে টাইপ-২ ডায়াবেটিসের রোগীরা এটি অর্জন করতে পারেন।

রেমিশন বা ওষুধহীন অবস্থা অর্জন করতে হলে কিছু কঠোর পদক্ষেপ নিতে হয়:
ওজন হ্রাস: এটিই সবচেয়ে বড় চাবিকাঠি। শরীরের মোট ওজনের ১০-১৫% কমানোর মাধ্যমে ইনসুলিন গ্রহণ করার সক্ষমতা বহুগুণ বৃদ্ধি পায়, যা ওষুধ ছাড়াই সুগার নিয়ন্ত্রণে রাখতে সাহায্য করে।
জীবনযাত্রার আমূল পরিবর্তন: কঠোর খাদ্যাভ্যাস ও নিয়মিত ব্যায়ামের কোনো বিকল্প নেই। আপনার প্রতিদিনের ক্যালরি গ্রহণের পরিমাণ এবং শরীরের শক্তি খরচের পরিমাণের মধ্যে একটি সূক্ষ্ম ভারসাম্য বজায় রাখা প্রয়োজন।
HbA1c মাত্রা: কোনো ওষুধ ছাড়া টানা ৩ মাস যদি আপনার HbA1c-এর মাত্রা ৬.৫%-এর নিচে থাকে, তবেই চিকিৎসকরা একে ডায়াবেটিস রেমিশন বলে স্বীকৃতি দিয়ে থাকেন।

তবে কিছু গুরুত্বপূর্ণ সতর্কতা মনে রাখবেন: এটি কোনো স্থায়ী নিরাময় নয়। আপনার জিনগত প্রবণতা শরীরে থেকেই যায়। যদি আপনি পুরনো অস্বাস্থ্যকর জীবনযাত্রায় ফিরে যান, তবে সুগার আবার আগের অবস্থায় ফিরে আসবে। আর টাইপ-১ ডায়াবেটিসের রোগীদের জন্য ওষুধ বা ইনসুলিন ছাড়া শুধু ডায়েট মেনে চলা অসম্ভব এবং তা অত্যন্ত ঝুঁকিপূর্ণ। আপনার বর্তমান শারীরিক অবস্থা অনুযায়ী এমন কোনো পদক্ষেপ নেওয়ার আগে অবশ্যই একজন বিশেষজ্ঞ চিকিৎসকের পরামর্শ নিন।

সতর্কীকরণ: আমি একজন এআই সহকারী। এই পরামর্শ শুধুমাত্র সাধারণ তথ্যের জন্য প্রদান করা হয়েছে এবং এটি কোনোভাবেই একজন বিশেষজ্ঞ চিকিৎসকের সরাসরি ক্লিনিক্যাল পরামর্শ বা নির্দেশনার বিকল্প নয়। যেকোনো স্বাস্থ্যগত সিদ্ধান্ত নেওয়ার আগে অবশ্যই আপনার চিকিৎসকের সাথে কথা বলুন। সুস্থ থাকুন, ভালো থাকুন।

সূত্র:
[National Guidelines on Diabetes Mellitus 2023, Chapter 7]"
BanglaDiaRAG,15,2,Medication and insulin,ওষুধ না খেয়ে শুধু ডায়েট মেনে চললে কি ডায়াবেটিস নিয়ন্ত্রণে রাখা সম্ভব?,"আসসালামুআলাইকুম। ওষুধ ছাড়া শুধুমাত্র ডায়েট বা খাদ্যাভ্যাস পরিবর্তনের মাধ্যমে ডায়াবেটিস নিয়ন্ত্রণ করা সম্ভব কি না, তা নির্ভর করে আপনার ডায়াবেটিসের ধরন এবং রোগের পর্যায়ের ওপর। ন্যাশনাল গাইডলাইন অনুযায়ী, টাইপ-২ ডায়াবেটিসে আক্রান্ত অনেক নতুন রোগীর ক্ষেত্রে জীবনযাত্রার পরিবর্তন—বিশেষ করে 'মেডিকেল নিউট্রিশন থেরাপি' (MNT) এবং শারীরিক পরিশ্রম বা ব্যায়ামই হলো চিকিৎসার প্রথম ধাপ। সঠিক নিয়ম মেনে চললে কিছু রোগীর ক্ষেত্রে ওষুধ ছাড়াই ব্লাড সুগার স্বাভাবিক রাখা সম্ভব।
এই বিষয়ে সঠিক ক্লিনিক্যাল সিদ্ধান্ত নিতে নিচের বিষয়গুলো জানা অত্যন্ত জরুরি:

'রেমিশন' (Remission) বা সুপ্ত অবস্থা: টাইপ-২ ডায়াবেটিস রোগীরা যদি কোনো ওষুধ ছাড়াই অন্তত ৩ মাস তাদের 'HbA1c'-এর মাত্রা ৬.৫%-এর নিচে বজায় রাখতে পারেন, তবে তাকে চিকিৎসাবিজ্ঞানের ভাষায় ডায়াবেটিস 'রেমিশন' বলা হয়। এটি সাধারণত সেইসব রোগীদের ক্ষেত্রে বেশি সম্ভব, যাদের অতিরিক্ত ওজন রয়েছে এবং যাদের ডায়াবেটিস খুব প্রাথমিক পর্যায়ে (সাধারণত শনাক্ত হওয়ার প্রথম ৫ বছরের মধ্যে) ধরা পড়েছে।

ওজন কমানোর ভূমিকা: ডায়াবেটিসকে সুপ্ত অবস্থায় বা ওষুধের সাহায্য ছাড়া নিয়ন্ত্রণে রাখার সবচেয়ে বড় হাতিয়ার হলো উল্লেখযোগ্য হারে ওজন কমানো। গাইডলাইন অনুযায়ী, শরীরের মোট ওজনের ১০-১৫% কমাতে পারলে তা শরীরের ইনসুলিন তৈরি এবং তা ব্যবহার করার ক্ষমতাকে পুনরায় সচল করতে সাহায্য করে। এর ফলে অনেক সময় চিকিৎসকের পরামর্শে সাময়িকভাবে ওষুধ বন্ধ রাখা সম্ভব হয়।

টাইপ-১ ডায়াবেটিসের ক্ষেত্রে ব্যতিক্রম: টাইপ-১ ডায়াবেটিস রোগীদের ক্ষেত্রে শুধু ডায়েটের মাধ্যমে রোগ নিয়ন্ত্রণ করা একেবারেই অসম্ভব। যেহেতু তাদের প্যানক্রিয়াস বা অগ্ন্যাশয় থেকে ইনসুলিন একদমই তৈরি হয় না, তাই খাদ্যাভ্যাস বা ওজন যাই হোক না কেন, বেঁচে থাকার জন্য তাদের আজীবন ইনসুলিন গ্রহণ করতেই হবে।

আজীবন শৃঙ্খলা ও নিয়মিত পর্যবেক্ষণ: মনে রাখতে হবে, ডায়াবেটিস একটি ক্রমবর্দ্ধমান (Progressive) রোগ এবং 'রেমিশন' কোনো স্থায়ী নিরাময় নয়। আপনি যদি আবার পুরনো অস্বাস্থ্যকর খাদ্যাভ্যাসে ফিরে যান বা ওজন বাড়িয়ে ফেলেন, তবে রক্তে সুগার আবার বেড়ে যাবে। তাই ডায়েট দিয়ে সুগার নিয়ন্ত্রণে থাকলেও নিয়মিত রক্তের গ্লুকোজ পরীক্ষা (SMBG) এবং চোখ, কিডনি ও হার্ট সুরক্ষায় বছরে অন্তত একবার চিকিৎসকের কাছে চেক-আপ করানো বাধ্যতামূলক।

সতর্কীকরণ: আমি একজন এআই সহকারী। এই পরামর্শ শুধুমাত্র সাধারণ তথ্যের জন্য প্রদান করা হয়েছে এবং এটি কোনোভাবেই একজন বিশেষজ্ঞ চিকিৎসকের সরাসরি ক্লিনিক্যাল পরামর্শ বা নির্দেশনার বিকল্প নয়। যেকোনো স্বাস্থ্যগত সিদ্ধান্ত নেওয়ার আগে অবশ্যই আপনার চিকিৎসকের সাথে কথা বলুন। সুস্থ থাকুন, ভালো থাকুন।

সূত্র:
[National Guidelines on Diabetes Mellitus 2023, Chapter 7]"
BanglaDiaRAG,16,1,Medication and insulin,ডায়াবেটিসের চিকিৎসায় ভেজষ বা হোমিওপ্যাথিক কি ভালো কাজ করে?,"আসসালামু আলাইকুম। আপনার প্রশ্নটি অত্যন্ত গুরুত্বপূর্ণ। ডায়াবেটিস একটি জটিল বিপাকীয় ব্যাধি, তাই এর চিকিৎসার ক্ষেত্রে যেকোনো সিদ্ধান্ত নেওয়ার আগে বৈজ্ঞানিক প্রমাণ থাকা একান্ত প্রয়োজন। ভেষজ বা হোমিওপ্যাথিক চিকিৎসা কি ডায়াবেটিসের বিকল্প হতে পারে—এই প্রশ্নে চিকিৎসাবিজ্ঞানের দৃষ্টিভঙ্গি অত্যন্ত পরিষ্কার।

ডায়াবেটিসের চিকিৎসায় আপনার যা জানা জরুরি:
বৈজ্ঞানিক প্রমাণ: বর্তমানে ডায়াবেটিস নিয়ন্ত্রণে ব্যবহৃত ওষুধ বা ইনসুলিন শত শত ক্লিনিক্যাল ট্রায়ালের মাধ্যমে প্রমাণিত। অন্যদিকে, হোমিওপ্যাথিক বা অনেক ভেষজ ওষুধের ক্ষেত্রে ডায়াবেটিস নিরাময়ের বা নিয়ন্ত্রণের কোনো সুদৃঢ় বৈজ্ঞানিক ভিত্তি নেই। এগুলো ব্যবহারের ফলে ব্লাড সুগার কতটা কমছে বা বাড়ছে, তা সঠিকভাবে পরিমাপ করা সম্ভব হয় না।
বিপজ্জনক প্রভাব: অনেক রোগী মনে করেন ভেষজ বা হোমিওপ্যাথিক ওষুধ প্রাকৃতিক, তাই এগুলো ক্ষতিকর নয়। কিন্তু এগুলো সেবন করে মূল চিকিৎসা বা ইনসুলিন বন্ধ করে দিলে রক্তে শর্করার মাত্রা মারাত্মকভাবে বেড়ে যেতে পারে। এতে কিটোঅ্যাসিডোসিস (DKA) বা হাইপারঅসমোলার অবস্থার মতো প্রাণঘাতী জটিলতা দেখা দিতে পারে, যা তাৎক্ষণিকভাবে কিডনি বা হার্টের ক্ষতি করে।
সহায়ক বনাম বিকল্প: কিছু ভেষজ উপাদান (যেমন- মেথি বা দারুচিনি) ডায়েট চার্টের অংশ হিসেবে পরিমিত পরিমাণে গ্রহণ করলে হয়তো সুগার নিয়ন্ত্রণে কিছুটা সহায়তা করতে পারে, তবে এগুলো কখনোই প্রচলিত ওষুধের বিকল্প হতে পারে না।

আমার পরামর্শ হলো, কোনো অবস্থাতেই চিকিৎসকের পরামর্শ ছাড়া মূল চিকিৎসা বন্ধ করবেন না। যদি আপনি বিকল্প চিকিৎসার কোনো পদ্ধতি গ্রহণ করতে চান, তবে অবশ্যই আপনার চিকিৎসকের সাথে বিস্তারিত আলোচনা করুন। ডায়াবেটিস নিয়ন্ত্রণে রাখার জন্য স্বীকৃত চিকিৎসা পদ্ধতির ওপরই আস্থা রাখা সবচেয়ে বুদ্ধিমানের কাজ।

সতর্কীকরণ: আমি একজন এআই সহকারী। এই পরামর্শ শুধুমাত্র সাধারণ তথ্যের জন্য প্রদান করা হয়েছে এবং এটি কোনোভাবেই একজন বিশেষজ্ঞ চিকিৎসকের সরাসরি ক্লিনিক্যাল পরামর্শ বা নির্দেশনার বিকল্প নয়। যেকোনো স্বাস্থ্যগত সিদ্ধান্ত নেওয়ার আগে অবশ্যই আপনার চিকিৎসকের সাথে কথা বলুন। সুস্থ থাকুন, ভালো থাকুন।

সূত্র:
[National Guidelines on Diabetes Mellitus 2023, Chapter 3, Table 3.3]
[National Guidelines on Diabetes Mellitus 2023, Chapter 5, Section 5.1]"
BanglaDiaRAG,16,2,Medication and insulin,ডায়াবেটিসের চিকিৎসায় ভেজষ বা হোমিওপ্যাথিক কি ভালো কাজ করে?,"আসসালামুআলাইকুম। ডায়াবেটিস নিয়ন্ত্রণের জন্য প্রচলিত এলোপ্যাথিক ওষুধের পরিবর্তে ভেষজ (হার্বাল) বা হোমিওপ্যাথিক চিকিৎসার ওপর নির্ভর করা আমাদের দেশে খুবই সাধারণ একটি প্রবণতা। কিন্তু ন্যাশনাল গাইডলাইন এবং আধুনিক চিকিৎসাবিজ্ঞানের তথ্য অনুযায়ী, ডায়াবেটিসের মূল চিকিৎসায় ভেষজ বা হোমিওপ্যাথিক ওষুধ নির্ভরযোগ্য কোনো সমাধান নয়।
এই বিষয়ে সঠিক এবং নিরাপদ সিদ্ধান্ত নিতে নিচের ক্লিনিক্যাল বিষয়গুলো জানা অত্যন্ত জরুরি:

ভেষজ বা ডায়েটারি সাপ্লিমেন্টের ভূমিকা: ন্যাশনাল গাইডলাইন অন ডায়াবেটিস মেলিটাস ২০২৩ অনুযায়ী, ডায়াবেটিস রোগীদের ক্ষেত্রে বিভিন্ন ভিটামিন, খনিজ উপাদান বা মিনারেল (যেমন: ক্রোমিয়াম), কিংবা ভেষজ ও মশলা (যেমন: দারুচিনি, অ্যালোভেরা বা অন্যান্য গাছ-গাছড়া) দিয়ে তৈরি ডায়েটারি সাপ্লিমেন্ট গ্রহণ করলে তা ডায়াবেটিস পরিস্থিতির কোনো স্থায়ী উন্নতি করে বা রক্তে গ্লুকোজ কার্যকরভাবে কমায়—এমন কোনো সুস্পষ্ট ও প্রমাণিত ক্লিনিক্যাল তথ্য বা প্রমাণ চিকিৎসাবিজ্ঞানে নেই।

বিকল্প চিকিৎসার প্রধান ঝুঁকি: ডায়াবেটিস একটি দীর্ঘস্থায়ী ও প্রগতিশীল রোগ। অনেক রোগী এলোপ্যাথিক ওষুধ বা ইনসুলিন সম্পূর্ণ বন্ধ করে দিয়ে শুধুমাত্র ভেষজ বা হোমিওপ্যাথিক ওষুধের ওপর নির্ভর করতে শুরু করেন, যা অত্যন্ত বিপজ্জনক। এর ফলে রক্তে শর্করার মাত্রা বা ব্লাড সুগার অজান্তেই অনেক বেশি থেকে যায় এবং সময়ের সাথে সাথে রোগীর শরীরের গুরুত্বপূর্ণ অঙ্গ যেমন—কিডনি, চোখ, হার্ট ও স্নায়ুর অপূরণীয় ও স্থায়ী ক্ষতি (যেমন: ডায়াবেটিক নেফ্রোপ্যাথি বা রেটিনোপ্যাথি) ঘটে।

চিকিৎসকের পরামর্শ ও সঠিক ব্যবস্থাপনা: ভেষজ বা প্রাকৃতিক উপাদান মনে করে যেকোনো চিকিৎসা গ্রহণ করার আগে অবশ্যই আপনার মূল চিকিৎসকের সাথে কথা বলতে হবে। চিকিৎসাবিজ্ঞানের পরীক্ষিত ওষুধ, সঠিক 'মেডিকেল নিউট্রিশন থেরাপি' (MNT) বা খাদ্যাভ্যাস এবং নিয়মিত শারীরিক পরিশ্রমের কোনো বিকল্প নেই। আপনার নির্ধারিত চিকিৎসা বন্ধ করে কখনোই কোনো অপ্রমাণিত বিকল্প পদ্ধতির ওপর নির্ভর করবেন না।

সতর্কীকরণ: আমি একজন এআই সহকারী। এই পরামর্শ শুধুমাত্র সাধারণ তথ্যের জন্য প্রদান করা হয়েছে এবং এটি কোনোভাবেই একজন বিশেষজ্ঞ চিকিৎসকের সরাসরি ক্লিনিক্যাল পরামর্শ বা নির্দেশনার বিকল্প নয়। যেকোনো স্বাস্থ্যগত সিদ্ধান্ত নেওয়ার আগে অবশ্যই আপনার চিকিৎসকের সাথে কথা বলুন। সুস্থ থাকুন, ভালো থাকুন।

সূত্র:
[National Guidelines on Diabetes Mellitus 2023, Chapter 3, Table 3.3]
[National Guidelines on Diabetes Mellitus 2023, Chapter 5, Section 5.1]"
BanglaDiaRAG,17,1,Lifestyle and exercise,"ডায়াবেটিস হলে কী ধরনের ব্যায়াম করবো (যেমন হাঁটা, জগিং ইত্যাদি) এবং দিনে কতক্ষণ ব্যায়াম করা উচিত?","আসসালামু আলাইকুম। ডায়াবেটিস নিয়ন্ত্রণে ব্যায়াম বা শারীরিক পরিশ্রমের ভূমিকা ওষুধের মতোই গুরুত্বপূর্ণ। এটি আপনার শরীরের ইনসুলিন সংবেদনশীলতা (Insulin Sensitivity) বাড়িয়ে দেয় এবং রক্তে গ্লুকোজের মাত্রা নিয়ন্ত্রণে সহায়তা করে। তবে ব্যায়ামের ক্ষেত্রে সঠিক পদ্ধতি ও সময়সূচী মেনে চলা আবশ্যক।

আপনার ডায়াবেটিস ব্যবস্থাপনায় ব্যায়ামের নিয়মগুলো নিচে তুলে ধরা হলো:
ব্যায়ামের ধরন: ডায়াবেটিস রোগীদের জন্য সবচেয়ে আদর্শ এবং কার্যকর ব্যায়াম হলো 'দ্রুত হাঁটা' বা 'ব্রিস্ক ওয়াকিং' (Brisk Walking) । ব্রিস্ক ওয়াকিং মানে এমন গতিতে হাঁটা যেখানে আপনি কথা বলতে পারবেন, কিন্তু গান গাইতে পারবেন না। এছাড়া সাঁতার কাটা বা সাইক্লিং-ও খুব ভালো ব্যায়াম। জগিং বা দৌড়ানোর মতো উচ্চ তীব্রতার ব্যায়াম শুরু করার আগে অবশ্যই চিকিৎসকের অনুমতি নিন, কারণ হৃদযন্ত্রের অবস্থা ভালো থাকা জরুরি।
সময়ের হিসাব: আন্তর্জাতিক গাইডলাইন অনুযায়ী, আপনার সপ্তাহে অন্তত ৫ দিন, প্রতিদিন ৩০ মিনিট করে দ্রুত হাঁটা উচিত। অর্থাৎ সপ্তাহে মোট ১৫০ মিনিট। যদি একটানা ৩০ মিনিট হাঁটা আপনার জন্য কঠিন হয়, তবে আপনি এটিকে ভেঙে ফেলতে পারেন। সকাল, দুপুর এবং রাতের ভারী খাবারের পর ১০ মিনিট করে তিনবার হাঁটলে এটি সুগার নিয়ন্ত্রণে সমান বা ক্ষেত্রবিশেষে আরও ভালো ফলাফল দেয়।
সতর্কতামূলক ব্যবস্থা: হাঁটার সময় সবসময় আরামদায়ক, সঠিক মাপের জুতা এবং সুতির মোজা পরুন, কারণ ডায়াবেটিস রোগীদের পায়ের ক্ষত খুব ধীরে শুকায়। হাঁটার আগে ও পরে পর্যাপ্ত পরিমাণে পানি পান করুন। যদি খালি পেটে হাঁটতে হয়, তবে সাথে সবসময় দ্রুত কাজ করে এমন শর্করার উৎস (যেমন- চিনি বা লজেন্স) রাখুন, যেন হঠাৎ মাথা ঘুরলে বা শরীর কাঁপলে তা গ্রহণ করা যায় (এটি হাইপোগ্লাইসেমিয়ার লক্ষণ) ।
আমার পরামর্শ হলো: প্রতিদিনের রুটিনে হাঁটাকে অভ্যাসে পরিণত করুন। ব্যায়ামের শুরুতে এবং শেষে ৫ মিনিট হালকা স্ট্রেচিং করে শরীর গরম করে নিন। আপনার যদি হার্ট বা পায়ের কোনো সমস্যা থাকে, তবে জোর করে ব্যায়াম না করে চিকিৎসকের পরামর্শ নিন।

সতর্কীকরণ: আমি একজন এআই সহকারী। এই পরামর্শ শুধুমাত্র সাধারণ তথ্যের জন্য প্রদান করা হয়েছে এবং এটি কোনোভাবেই একজন বিশেষজ্ঞ চিকিৎসকের সরাসরি ক্লিনিক্যাল পরামর্শ বা নির্দেশনার বিকল্প নয়। যেকোনো স্বাস্থ্যগত সিদ্ধান্ত নেওয়ার আগে অবশ্যই আপনার চিকিৎসকের সাথে কথা বলুন। সুস্থ থাকুন, ভালো থাকুন।

সূত্র:
[National Guidelines on Diabetes Mellitus 2023, Chapter 3: Physical Activity]
[National Guidelines on Diabetes Mellitus 2023, Chapter 3: Physical Exercise]"
BanglaDiaRAG,17,2,Lifestyle and exercise,"ডায়াবেটিস হলে কী ধরনের ব্যায়াম করবো (যেমন হাঁটা, জগিং ইত্যাদি) এবং দিনে কতক্ষণ ব্যায়াম করা উচিত?","আদাব। ডায়াবেটিসের রোগীদের জন্য নিয়মিত ব্যায়াম শরীরের চর্বি কমিয়ে ইনসুলিনের কার্যকারিতা বৃদ্ধিতে জাদুর মতো কাজ করে। এটি কেবল ব্লাড সুগার কমায় না, বরং ওজন নিয়ন্ত্রণে রাখতে এবং হৃদরোগের ঝুঁকি কমাতেও সাহায্য করে। ব্যায়ামের ধরন এবং সময় নির্ধারণের ক্ষেত্রে ধারাবাহিকতা বজায় রাখাটাই সাফল্যের মূল চাবিকাঠি।

আপনার ডায়াবেটিস ব্যবস্থাপনায় ব্যায়াম সংক্রান্ত পরামর্শ নিচে দেওয়া হলো:
ব্যায়াম নির্বাচন: হাঁটাহাঁটি হলো সবচেয়ে সহজ ও কার্যকর ব্যায়াম, যার জন্য কোনো সরঞ্জামের প্রয়োজন হয় না। তবে আপনি যদি একটু বৈচিত্র্য চান, তবে সাঁতার কাটা বা সাইক্লিং বেছে নিতে পারেন। মনে রাখবেন, লক্ষ্য হলো এমন কিছু করা যা আপনার হৃদস্পন্দন কিছুটা বাড়িয়ে দেবে।
সময়কাল ও ধারাবাহিকতা: চিকিৎসকদের সাধারণ পরামর্শ অনুযায়ী, সপ্তাহে অন্তত ১৫০ মিনিট মাঝারি গতির ব্যায়াম করার লক্ষ্য ঠিক করুন। এটি আপনি যদি প্রতিদিন ৩০ মিনিট করে সপ্তাহে ৫ দিন করতে পারেন, তবে তা শরীরের বিপাকীয় হার ঠিক রাখতে সবচেয়ে কার্যকর ভূমিকা পালন করে।
পায়ের যত্ন ও সতর্কতা: ডায়াবেটিস থাকলে পায়ে কোনো ছোট আঘাত বা ফোসকা যেন না হয় সেদিকে বিশেষ নজর দিন। ভালো গ্রিপযুক্ত জুতা পরুন। ব্যায়ামের সময় ঘাম হলে শরীর থেকে যে পানিশূন্যতা হয়, তা পূরণে প্রচুর পানি পান করুন।

ডায়াবেটিস রোগীদের জন্য রক্তে গ্লুকোজের আকস্মিক বৃদ্ধি বা 'সুগার স্পাইক' প্রতিরোধ করা অত্যন্ত জরুরি। চিকিৎসাবিজ্ঞানের আধুনিক মেথড অনুযায়ী, প্রতিটি প্রধান খাবার (যেমন: সকালের নাস্তা, দুপুর বা রাতের ভারী খাবার) খাওয়ার ঠিক ২-৩ মিনিট আগে অন্তত ৫-১০ মিনিট তীব্র গতিতে দৌড়ানো বা জগিং করা সবচেয়ে বেশি কার্যকর। এতে মাংসপেশিগুলো খাবার খাওয়ার আগেই রক্তের সমস্ত গ্লুকোজ শুষে নেওয়ার জন্য প্রস্তুত হয়ে যায় এবং খাওয়ার পর সুগার বিন্দুমাত্র বাড়তে পারে না। আপনার প্রতিদিনের রুটিনে এই বিশেষ খাবার-পূর্ববর্তী অ্যারোবিক এক্সারসাইজ যুক্ত করলে ডায়াবেটিস খুব দ্রুত নিয়ন্ত্রণে চলে আসে।

আমার পরামর্শ হলো: ব্যায়ামকে একটি রুটিন হিসেবে গ্রহণ করুন, একদিন খুব বেশি ব্যায়াম করে পরের কয়েকদিন বন্ধ রাখা ডায়াবেটিস রোগীদের জন্য ভালো নয়। আপনার যদি কোনো বিশেষ শারীরিক অবস্থা বা পায়ের সমস্যা থাকে, তবে ব্যায়াম শুরুর আগে চিকিৎসকের সাথে কথা বলে নিন।

সতর্কীকরণ: আমি একজন এআই সহকারী। এই পরামর্শ শুধুমাত্র সাধারণ তথ্যের জন্য প্রদান করা হয়েছে এবং এটি কোনোভাবেই একজন বিশেষজ্ঞ চিকিৎসকের সরাসরি ক্লিনিক্যাল পরামর্শ বা নির্দেশনার বিকল্প নয়। যেকোনো স্বাস্থ্যগত সিদ্ধান্ত নেওয়ার আগে অবশ্যই আপনার চিকিৎসকের সাথে কথা বলুন। সুস্থ থাকুন, ভালো থাকুন।

সূত্র:
[National Guidelines on Diabetes Mellitus 2023, Chapter 3: Physical Activity]
[National Guidelines on Diabetes Mellitus 2023, Chapter 3: Physical Exercise]"
BanglaDiaRAG,18,1,Lifestyle and exercise,ডায়াবেটিস হলে কি শরীরের ওজন কমানো জরুরি?,"আসসালামু আলাইকুম। ডায়াবেটিস এবং ওজন একে অপরের সাথে খুব গভীরভাবে যুক্ত। আপনার প্রশ্নের উত্তর হলো—হ্যাঁ, ডায়াবেটিস রোগীদের জন্য ওজন কমানো খুবই জরুরি এবং এটি সুগার নিয়ন্ত্রণের অন্যতম প্রধান চাবিকাঠি। কেন ওজন কমানো দরকার তা সহজভাবে বোঝার চেষ্টা করি:

আমরা যখন অনেক বেশি ওজনের হই, তখন আমাদের শরীরের কোষগুলো ইনসুলিনকে ঠিকমতো চিনতে পারে না বা সাড়া দেয় না। একে সহজ ভাষায় ইনসুলিন রেজিস্ট্যান্স বলা হয়। ওজন কমালে শরীরের ইনসুলিন ব্যবহারের ক্ষমতা অনেক বেড়ে যায়, ফলে রক্তে শর্করার মাত্রা এমনিতেই নিয়ন্ত্রণে আসতে শুরু করে। অনেক সময় দেখা যায়, ওজন কমানোর সাথে সাথে আপনার ওষুধের মাত্রাও কমে যাচ্ছে, যা দীর্ঘমেয়াদে আপনার সুস্থতার জন্য দারুণ একটি বিষয়।

ওজন কমানোর জন্য আপনাকে খুব জটিল কোনো ডায়েট বা কঠিন ব্যায়ামের দিকে যেতে হবে না। প্রতিদিনের খাবারে শর্করার পরিমাণ কিছুটা কমিয়ে শাকসবজির পরিমাণ বাড়ান। এছাড়া দিনের একটা সময় অন্তত ৩০ মিনিট হাঁটার অভ্যাস করুন। ওজন ধীরে ধীরে কমলেও শরীরের ওপর চাপ কমবে এবং আপনার হার্ট, জয়েন্ট বা হাঁটুতে ব্যথা বা সমস্যার মতো সাধারণ জটিলতাগুলোও অনেকটা কমে আসবে। ডায়াবেটিস নিয়ন্ত্রণে থাকলে আপনার শরীরের রোগ প্রতিরোধ ক্ষমতাও বাড়বে। তাই সুস্থভাবে বেঁচে থাকতে এবং জটিলতা এড়াতে ওজন নিয়ন্ত্রণে রাখা আপনার জন্য সবচেয়ে ভালো সিদ্ধান্তগুলোর মধ্যে একটি হতে পারে।

সতর্কীকরণ: আমি একজন এআই সহকারী। এই পরামর্শ শুধুমাত্র সাধারণ তথ্যের জন্য প্রদান করা হয়েছে এবং এটি কোনোভাবেই একজন বিশেষজ্ঞ চিকিৎসকের সরাসরি ক্লিনিক্যাল পরামর্শ বা নির্দেশনার বিকল্প নয়। যেকোনো স্বাস্থ্যগত সিদ্ধান্ত নেওয়ার আগে অবশ্যই আপনার চিকিৎসকের সাথে কথা বলুন। সুস্থ থাকুন, ভালো থাকুন।

সূত্র:
[National Guidelines on Diabetes Mellitus 2023, Chapter 3, Table 3.3]
[National Guidelines on Diabetes Mellitus 2023, Chapter 7]"
BanglaDiaRAG,18,2,Lifestyle and exercise,ডায়াবেটিস হলে কি শরীরের ওজন কমানো জরুরি?,"আদাব। ডায়াবেটিস হলে শরীরের ওজন নিয়ন্ত্রণে রাখা বা বাড়তি ওজন কমিয়ে ফেলা শুধু জরুরি নয়, বরং এটি আপনার চিকিৎসার একটি অপরিহার্য অংশ। ওজন বেশি থাকলে তা ডায়াবেটিস নিয়ন্ত্রণে সবচেয়ে বড় বাধা হয়ে দাঁড়ায়। আপনি যদি আপনার ওজন ঠিক রাখতে পারেন, তবে সুগার বা রক্তে শর্করার মাত্রা নিয়ন্ত্রণে রাখা অনেক সহজ হয়ে যায়।

ওজন কমানোর কিছু উপকারিতা ও কৌশল নিচে আলোচনা করছি: আপনার ওজন যখন স্বাভাবিকের চেয়ে বেশি থাকে, তখন শরীরের প্রতিটি অঙ্গে অতিরিক্ত চাপ পড়ে। ওজন কমালে আপনার রক্তচাপ বা ব্লাড প্রেসার স্বাভাবিক থাকে এবং হৃদপিণ্ডের ওপর চাপ অনেকটা কমে যায়। ডায়াবেটিস রোগীদের জন্য বাড়তি ওজন হার্ট অ্যাটাক বা স্ট্রোকের ঝুঁকির কারণ হতে পারে, তাই ওজন কমানো মানে হলো নিজেকে অনেক বড় বিপদ থেকে বাঁচিয়ে রাখা। ওজন কমানোর জন্য আপনাকে খুব দ্রুত সব খাওয়া বন্ধ করতে হবে না, বরং নিয়ম মেনে খাওয়া জরুরি। রাতে দেরি করে না খাওয়া, চিনি বা মিষ্টি জাতীয় পানীয় সম্পূর্ণ বাদ দেওয়া এবং প্রতিদিন অল্প অল্প করে হাঁটার অভ্যাস আপনাকে সাহায্য করবে।

ওজন কমানোর সাথে সাথে দেখবেন আপনার শরীর আগের চেয়ে অনেক বেশি সতেজ লাগছে এবং ক্লান্তি ভাব অনেকটাই কমে গেছে। মনে রাখবেন, হঠাৎ খুব দ্রুত ওজন কমানোর দরকার নেই; সপ্তাহে অল্প অল্প করে ওজন কমানোই সবচেয়ে স্বাস্থ্যকর পদ্ধতি। আপনার লক্ষ্য হওয়া উচিত ওজন কমিয়ে তা ধরে রাখা, যাতে আপনার ডায়াবেটিস সারাজীবন নিয়ন্ত্রণে থাকে। ওজন নিয়ন্ত্রণে থাকলে আপনি কেবল সুগার নয়, বরং সবদিক থেকেই নিজেকে অনেক বেশি প্রাণবন্ত অনুভব করবেন।

সতর্কীকরণ: আমি একজন এআই সহকারী। এই পরামর্শ শুধুমাত্র সাধারণ তথ্যের জন্য প্রদান করা হয়েছে এবং এটি কোনোভাবেই একজন বিশেষজ্ঞ চিকিৎসকের সরাসরি ক্লিনিক্যাল পরামর্শ বা নির্দেশনার বিকল্প নয়। যেকোনো স্বাস্থ্যগত সিদ্ধান্ত নেওয়ার আগে অবশ্যই আপনার চিকিৎসকের সাথে কথা বলুন। সুস্থ থাকুন, ভালো থাকুন।

সূত্র:
[National Guidelines on Diabetes Mellitus 2023, Chapter 3, Table 3.3]
[National Guidelines on Diabetes Mellitus 2023, Chapter 7]"
BanglaDiaRAG,19,1,Lifestyle and exercise,ডায়াবেটিস রোগীদের জন্য দিনে কতক্ষণ হাঁটা উচিত?,"আসসালামু আলাইকুম। ডায়াবেটিস নিয়ন্ত্রণে হাঁটা বা শারীরিক পরিশ্রম অত্যন্ত কার্যকর ও স্বীকৃত একটি মাধ্যম। চিকিৎসাবিজ্ঞান অনুযায়ী, একজন প্রাপ্তবয়স্ক ডায়াবেটিস রোগীর জন্য সপ্তাহে অন্তত ১৫০ মিনিট মাঝারি তীব্রতার শারীরিক পরিশ্রম করা প্রয়োজন। সহজ কথায়, সপ্তাহে ৫ দিন ৩০ মিনিট করে দ্রুত হাঁটা আপনার রক্তে শর্করার মাত্রা নিয়ন্ত্রণে রাখতে সবচেয়ে বেশি সহায়ক।

আপনার জন্য হাঁটার কিছু গুরুত্বপূর্ণ দিক নিচে দেওয়া হলো:
বিভক্ত পদ্ধতি: যদি একবারে ৩০ মিনিট হাঁটা আপনার জন্য কঠিন হয় বা সময়ের অভাব থাকে, তবে আপনি এটিকে ভেঙে ফেলতে পারেন। ১০ মিনিট করে দিনে তিনবার (যেমন—সকাল, দুপুর ও রাতের খাবারের পর) হাঁটলেও আপনি একই সুফল পাবেন। খাবারের পর হাঁটা রক্তে শর্করার মাত্রা দ্রুত বাড়তে বাধা দেয়, যা ডায়াবেটিস রোগীদের জন্য খুবই কার্যকর।
তীব্রতা: হাঁটার গতি এমন হওয়া উচিত যেন আপনার হৃদস্পন্দন সামান্য বাড়ে এবং আপনি হালকা ঘাম অনুভব করেন। একে 'ব্রিস্ক ওয়াকিং' বা দ্রুত হাঁটা বলা হয়। এমন গতিতে হাঁটুন যেন আপনি কথা বলতে পারেন, কিন্তু গান গাইতে পারেন না।
সতর্কতা: নিয়মিত হাঁটার সময় আরামদায়ক জুতো এবং সুতির মোজা ব্যবহার করুন, যাতে পায়ে কোনো ফোসকা বা আঘাত না লাগে। হাঁটার আগে ও পরে পর্যাপ্ত পানি পান করুন। যদি কোনোদিন শরীর খুব ক্লান্ত লাগে বা পায়ে ব্যথা থাকে, তবে জোর করে হাঁটবেন না।

সতর্কীকরণ: আমি একজন এআই সহকারী। এই পরামর্শ শুধুমাত্র সাধারণ তথ্যের জন্য প্রদান করা হয়েছে এবং এটি কোনোভাবেই একজন বিশেষজ্ঞ চিকিৎসকের সরাসরি ক্লিনিক্যাল পরামর্শ বা নির্দেশনার বিকল্প নয়। যেকোনো স্বাস্থ্যগত সিদ্ধান্ত নেওয়ার আগে অবশ্যই আপনার চিকিৎসকের সাথে কথা বলুন। সুস্থ থাকুন, ভালো থাকুন।

সূত্র:
[National Guidelines on Diabetes Mellitus 2023, Chapter 3: Physical Activity]
[National Guidelines on Diabetes Mellitus 2023, Chapter 3: Physical Exercise]"
BanglaDiaRAG,19,2,Lifestyle and exercise,ডায়াবেটিস রোগীদের জন্য দিনে কতক্ষণ হাঁটা উচিত?,"আদাব। ডায়াবেটিস ব্যবস্থাপনায় হাঁটার কোনো বিকল্প নেই, কারণ এটি শরীরকে ইনসুলিনের প্রতি আরও সংবেদনশীল করে তোলে। প্রতিদিন অন্তত ৩০ মিনিট দ্রুত হাঁটার অভ্যাস করা প্রতিটি ডায়াবেটিস রোগীর জন্য আদর্শ নিয়ম। দীর্ঘমেয়াদী সুফল পেতে সাপ্তাহিক ১৫০ মিনিটের লক্ষ্যমাত্রা পূরণ করার দিকে মনোযোগ দিন।

আপনার হাঁটার রুটিন ঠিক করার সময় নিচের বিষয়গুলো মনে রাখতে পারেন:
ধারাবাহিকতা: সপ্তাহে ৫ বা ৬ দিন হাঁটার লক্ষ্য রাখুন। সপ্তাহে একদিন বা দুইদিন প্রচুর পরিশ্রম করার চেয়ে প্রতিদিন অল্প করে নিয়মিত হাঁটা বেশি কার্যকর। এটি রক্তে শর্করার মাত্রাকে স্থিতিশীল রাখে এবং হঠাৎ বেড়ে যাওয়ার ঝুঁকি কমায়।
খাবার পরবর্তী হাঁটা: দিনের অন্য সময়ের তুলনায় প্রতিটি প্রধান খাবারের পর ১০-১৫ মিনিট হাঁটা গ্লুকোজ লেভেল নিয়ন্ত্রণে অত্যন্ত বেশি কার্যকর। এটি শরীরের ইনসুলিনকে খাবার থেকে আসা শর্করা সঠিকভাবে ব্যবহার করতে সাহায্য করে।
নিরাপত্তা ও প্রস্তুতি: হাঁটার সময় সবসময় সাথে সামান্য চিনি বা গ্লুকোজের উৎস (যেমন লজেন্স বা গ্লুকোজ ট্যাবলেট) রাখুন, যাতে হঠাৎ মাথা ঘোরা বা হাইপোগ্লাইসেমিয়ার লক্ষণ দেখা দিলে তা দ্রুত নিয়ন্ত্রণ করা যায়। ব্যায়ামের শুরুতে শরীর গরম করতে ৫ মিনিট ধীরে হাঁটুন এবং শেষে ৫ মিনিট স্ট্রেচিং করে শরীর শীতল করুন।

মনে রাখবেন, প্রতিটি মানুষের শারীরিক সক্ষমতা ভিন্ন। আপনার যদি হার্টের সমস্যা বা পায়ের কোনো দীর্ঘস্থায়ী জটিলতা থাকে, তবে হাঁটা শুরু করার আগে অবশ্যই আপনার চিকিৎসকের সাথে পরামর্শ করে আপনার জন্য উপযুক্ত সময়কাল ও গতি নির্ধারণ করে নিন।

সতর্কীকরণ: আমি একজন এআই সহকারী। এই পরামর্শ শুধুমাত্র সাধারণ তথ্যের জন্য প্রদান করা হয়েছে এবং এটি কোনোভাবেই একজন বিশেষজ্ঞ চিকিৎসকের সরাসরি ক্লিনিক্যাল পরামর্শ বা নির্দেশনার বিকল্প নয়। যেকোনো স্বাস্থ্যগত সিদ্ধান্ত নেওয়ার আগে অবশ্যই আপনার চিকিৎসকের সাথে কথা বলুন। সুস্থ থাকুন, ভালো থাকুন।

সূত্র:
[National Guidelines on Diabetes Mellitus 2023, Chapter 3: Physical Activity]
[National Guidelines on Diabetes Mellitus 2023, Chapter 3: Physical Exercise]"
BanglaDiaRAG,20,1,Lifestyle and exercise,ডায়াবেটিস রোগীদের জন্য খালি পেটে হাঁটা ভালো নাকি খাওয়ার পর?,"আসসালামু আলাইকুম। ডায়াবেটিস রোগীদের হাঁটার সময়ের বিষয়টি তাদের রক্তে শর্করার মাত্রা এবং ব্যবহৃত ওষুধের ওপর নির্ভর করে। তবে চিকিৎসাবিজ্ঞানের অধিকাংশ গবেষণায় এবং গাইডলাইনে খাওয়ার পর হাঁটাকে ডায়াবেটিস রোগীদের জন্য সবচেয়ে বেশি নিরাপদ ও কার্যকর বলে বিবেচনা করা হয়।

খাওয়ার পর হাঁটার বিশেষ কিছু সুবিধা রয়েছে:
রক্তে শর্করার নিয়ন্ত্রণ: খাবার খাওয়ার পর আমাদের রক্তে শর্করার মাত্রা স্বাভাবিকভাবেই বেড়ে যায়। এই সময় হাঁটলে শরীরের মাংসপেশিগুলো রক্ত থেকে অতিরিক্ত গ্লুকোজ বা শর্করা শক্তি হিসেবে ব্যবহার করতে শুরু করে, ফলে রক্তে শর্করার মাত্রা খুব বেশি বাড়তে পারে না। এটি একটি চমৎকার প্রাকৃতিক ভারসাম্য।
সঠিক সময়: খাওয়ার সাথে সাথেই হাঁটা শুরু করবেন না। এতে হজমের সমস্যা হতে পারে। খাবার খাওয়ার অন্তত ৩০ থেকে ৬০ মিনিট পর হাঁটলে শরীর খাবার থেকে পুষ্টিগুলো সঠিকভাবে শোষণ করতে পারে এবং রক্তে গ্লুকোজের ভারসাম্য বজায় থাকে।
নিরাপদ উপায়: যেসব রোগী ইনসুলিন বা নির্দিষ্ট কিছু ওষুধ সেবন করেন, তাদের জন্য খালি পেটে হাঁটা ঝুঁকিপূর্ণ হতে পারে, কারণ এতে হঠাৎ সুগার কমে যাওয়ার (Hypoglycemia) সম্ভাবনা থাকে। খাওয়ার পর হাঁটলে এই ঝুঁকি অনেক কমে যায়।

তাই বেশিরভাগ ডায়াবেটিস রোগীর জন্য দুপুরের বা রাতের খাবারের পর ২০-৩০ মিনিট হাঁটা সুগার নিয়ন্ত্রণের জন্য সেরা উপায় হতে পারে। আপনার শরীরে সুগারের ওপর এর প্রতিক্রিয়া কেমন হচ্ছে তা নিয়মিত মনিটর করা উচিত।

সতর্কীকরণ: আমি একজন এআই সহকারী। এই পরামর্শ শুধুমাত্র সাধারণ তথ্যের জন্য প্রদান করা হয়েছে এবং এটি কোনোভাবেই একজন বিশেষজ্ঞ চিকিৎসকের সরাসরি ক্লিনিক্যাল পরামর্শ বা নির্দেশনার বিকল্প নয়। যেকোনো স্বাস্থ্যগত সিদ্ধান্ত নেওয়ার আগে অবশ্যই আপনার চিকিৎসকের সাথে কথা বলুন। সুস্থ থাকুন, ভালো থাকুন।

সূত্র:
[National Guidelines on Diabetes Mellitus 2023, Chapter 3: Physical Exercise]"
BanglaDiaRAG,20,2,Lifestyle and exercise,ডায়াবেটিস রোগীদের জন্য খালি পেটে হাঁটা ভালো নাকি খাওয়ার পর?,"আদাব। ডায়াবেটিস রোগীদের ক্ষেত্রে হাঁটার সঠিক সময় নির্ধারণ করা খুবই গুরুত্বপূর্ণ একটি বিষয়। অনেকে মনে করেন খালি পেটে হাঁটলে দ্রুত ওজন কমবে বা সুগার কমবে, কিন্তু ডায়াবেটিসের ক্ষেত্রে এটি সবসময় নিরাপদ নয়। অধিকাংশ বিশেষজ্ঞের মতে, খাওয়ার পর হাঁটা অনেক বেশি কার্যকর এবং নিরাপদ।

খালি পেটে হাঁটার ক্ষেত্রে কিছু ঝুঁকি ও খাওয়ার পর হাঁটার প্রয়োজনীয়তা নিচে তুলে ধরা হলো:
খালি পেটের ঝুঁকি: আপনি যদি ওষুধ বা ইনসুলিন গ্রহণ করেন, তবে খালি পেটে হাঁটা আপনার জন্য বিপজ্জনক হতে পারে। ইনসুলিনের প্রভাবে রক্তে শর্করার মাত্রা এমনিতেই কম থাকে, এর ওপর ব্যায়াম করলে সুগার আরও কমে যেতে পারে, যার ফলে মাথা ঘোরা, শরীর কাঁপা বা অচেতন হয়ে পড়ার মতো পরিস্থিতি হতে পারে। তাই যারা ওষুধ সেবন করেন, তাদের খালি পেটে হাঁটার ক্ষেত্রে বিশেষ সতর্কতা প্রয়োজন।
খাওয়ার পর হাঁটার উপকারিতা: ডায়াবেটিস রোগীদের জন্য খাওয়ার পর হাঁটা বা ‘পোস্টপ্রান্ডিয়াল এক্সারসাইজ’ (Postprandial Exercise) সুগার স্পাইক বা হঠাৎ বেড়ে যাওয়া সুগারকে নিয়ন্ত্রণে রাখতে দারুণ কাজ করে। খাবার খাওয়ার কিছুক্ষণ পর শরীর যখন গ্লুকোজ শোষণ করে, ঠিক সেই সময়ে হাঁটা শুরু করলে শরীর শক্তির জন্য সেই গ্লুকোজ ব্যবহার করে ফেলে।
পরামর্শ: যদি আপনার ওজন কমানো প্রধান লক্ষ্য হয় এবং আপনি কোনো ওষুধ সেবন না করেন, তবে চিকিৎসকের অনুমতি নিয়ে হালকা খালি পেটে হাঁটতে পারেন। তবে সাধারণত একটি হালকা নাস্তার পর বা প্রধান খাবারের ৩০-৪০ মিনিট পর হাঁটা সবার জন্য বেশি বিজ্ঞানসম্মত।
সবশেষে, আপনার রক্তে সুগারের মাত্রা এবং ওষুধের ধরনের ওপর ভিত্তি করে আপনার জন্য কোন সময়টি সবচেয়ে উপযোগী, তা আপনার চিকিৎসকের কাছ থেকে জেনে নেওয়া সবচেয়ে ভালো। যেকোনো শারীরিক জটিলতা এড়াতে সুশৃঙ্খল রুটিন মেনে চলা জরুরি।

সতর্কীকরণ: আমি একজন এআই সহকারী। এই পরামর্শ শুধুমাত্র সাধারণ তথ্যের জন্য প্রদান করা হয়েছে এবং এটি কোনোভাবেই একজন বিশেষজ্ঞ চিকিৎসকের সরাসরি ক্লিনিক্যাল পরামর্শ বা নির্দেশনার বিকল্প নয়। যেকোনো স্বাস্থ্যগত সিদ্ধান্ত নেওয়ার আগে অবশ্যই আপনার চিকিৎসকের সাথে কথা বলুন। সুস্থ থাকুন, ভালো থাকুন।

সূত্র:
[National Guidelines on Diabetes Mellitus 2023, Chapter 3: Physical Exercise]"
BanglaDiaRAG,21,1,Lifestyle and exercise,ডায়াবেটিস রোগীরা কি স্মোকিং করতে পারবে?,"আসসালামু আলাইকুম। আপনার প্রশ্নটি অত্যন্ত গুরুত্বপূর্ণ। সোজা কথায় উত্তর হলো—না, ডায়াবেটিস রোগীদের জন্য ধূমপান করা কেবল ক্ষতিকরই নয়, এটি অত্যন্ত বিপজ্জনক। ডায়াবেটিস এবং ধূমপান—এই দুটি বিষয় যখন একসাথে থাকে, তখন শরীরের ওপর যে পরিমাণ চাপ সৃষ্টি হয়, তা অনেক ক্ষেত্রেই মারাত্মক জটিলতার কারণ হয়ে দাঁড়ায়।

কেন ডায়াবেটিস রোগীদের ধূমপান করা একেবারেই উচিত নয়, তার কিছু প্রধান কারণ নিচে আলোচনা করছি:
ইনসুলিন রেজিস্ট্যান্স: ধূমপান রক্তে শর্করার মাত্রা নিয়ন্ত্রণে বড় বাধা তৈরি করে। এটি শরীরে ইনসুলিনের কার্যকারিতা কমিয়ে দেয়, ফলে ওষুধের ওপর নির্ভরতা বেড়ে যায় এবং সুগার নিয়ন্ত্রণে রাখা কঠিন হয়ে পড়ে।
হৃদরোগ ও রক্তনালীর ক্ষতি: ডায়াবেটিস নিজেই হৃদরোগের ঝুঁকি বাড়ায়, আর ধূমপান সেই ঝুঁকিকে বহুগুণ বাড়িয়ে দেয়। ধূমপানের ফলে রক্তনালীগুলো সরু ও শক্ত হয়ে যায়, যা হার্ট অ্যাটাক এবং স্ট্রোকের ঝুঁকি মারাত্মকভাবে বৃদ্ধি করে।
ডায়াবেটিসজনিত দীর্ঘমেয়াদী জটিলতা: যারা ধূমপান করেন, তাদের ক্ষেত্রে ডায়াবেটিসজনিত কিডনির রোগ (নেফ্রোপ্যাথি), চোখের সমস্যা (রেটিনোপ্যাথি) এবং স্নায়ুর সমস্যার (নিউরোপ্যাথি) ঝুঁকি অধূমপায়ীদের তুলনায় অনেক বেশি থাকে।

আপনি যদি একজন ডায়াবেটিস রোগী হন, তবে ধূমপান ত্যাগ করাই আপনার জন্য সবচেয়ে বড় সুস্থতার পদক্ষেপ হতে পারে। এটি আপনার হার্ট, কিডনি এবং পুরো রক্ত সঞ্চালন ব্যবস্থাকে বড় বিপদের হাত থেকে রক্ষা করবে। যদি আপনার ধূমপানের অভ্যাস থেকে থাকে, তবে আজই তা ছাড়ার পরিকল্পনা করুন। প্রয়োজনে চিকিৎসকের সাহায্য নিন, তিনি আপনাকে ধূমপান ছাড়ার জন্য কার্যকর পরামর্শ বা ওষুধ দিতে পারেন।

সতর্কীকরণ: আমি একজন এআই সহকারী। এই পরামর্শ শুধুমাত্র সাধারণ তথ্যের জন্য প্রদান করা হয়েছে এবং এটি কোনোভাবেই একজন বিশেষজ্ঞ চিকিৎসকের সরাসরি ক্লিনিক্যাল পরামর্শ বা নির্দেশনার বিকল্প নয়। যেকোনো স্বাস্থ্যগত সিদ্ধান্ত নেওয়ার আগে অবশ্যই আপনার চিকিৎসকের সাথে কথা বলুন। সুস্থ থাকুন, ভালো থাকুন।

সূত্র:
[BADAS Guideline 2019, Section on Lifestyle Modification]
[CDC - Smoking and Diabetes]"
BanglaDiaRAG,21,2,Lifestyle and exercise,ডায়াবেটিস রোগীরা কি স্মোকিং করতে পারবে?,"আদাব। ডায়াবেটিসের রোগীদের জন্য ধূমপান করা শরীরের প্রতিটি অঙ্গের ওপর বিষাক্ত প্রভাব ফেলে। অনেকেই হয়তো ভাবেন যে অল্প ধূমপানে তেমন ক্ষতি হবে না, কিন্তু ডায়াবেটিসের ক্ষেত্রে 'অল্প' বা 'বেশি'—দুটোই সমান ক্ষতিকর। ডায়াবেটিস থাকাকালীন ধূমপান করা মানে হলো আপনার রোগকে নিজের হাতে নিয়ন্ত্রণহীন করে তোলা।

ধূমপান কেন আপনার শরীরের জন্য বিশেষ ক্ষতির কারণ:
রক্ত সঞ্চালনে বাধা: ডায়াবেটিসের কারণে পায়ের রক্ত সঞ্চালনে এমনিতেই সমস্যা হওয়ার ঝুঁকি থাকে। ধূমপান রক্তনালীগুলোকে আরও সংকুচিত করে দেয়, যার ফলে পায়ে পর্যাপ্ত রক্ত পৌঁছায় না। এর ফলে ছোট কোনো ক্ষত বা ফোসকা থেকেও গ্যাংগ্রিন বা পা কাটার মতো ভয়াবহ পরিস্থিতির সৃষ্টি হতে পারে।
রক্তচাপ বৃদ্ধি: ধূমপান তাৎক্ষণিকভাবে রক্তচাপ বাড়িয়ে দেয়, যা ডায়াবেটিস রোগীদের কিডনি এবং হৃদপিণ্ডের ওপর অসহনীয় চাপ তৈরি করে।
রোগ প্রতিরোধ ক্ষমতা: ধূমপানের ফলে শরীরের রোগ প্রতিরোধ ক্ষমতা কমে যায়। ডায়াবেটিস রোগীদের এমনিতেই যেকোনো সংক্রমণ সারাতে বেশি সময় লাগে, ধূমপান করলে তা আরও দীর্ঘস্থায়ী ও জটিল আকার ধারণ করে।

আপনার বর্তমান শারীরিক অবস্থা যাই হোক না কেন, ধূমপান ত্যাগ করা আপনার চিকিৎসার একটি অবিচ্ছেদ্য অংশ হিসেবে গণ্য করা উচিত। ধূমপান ত্যাগ করার কয়েক সপ্তাহের মধ্যেই আপনি অনুভব করবেন যে আপনার শরীরের রক্ত সঞ্চালন উন্নত হয়েছে এবং রক্তে শর্করার মাত্রা নিয়ন্ত্রণে আনা কিছুটা সহজতর হয়েছে। আপনার দীর্ঘমেয়াদী সুস্থতার জন্য এটি একটি বাধ্যতামূলক সিদ্ধান্ত। আপনার যদি ধূমপান ছাড়তে মানসিক বা শারীরিক কোনো সমস্যার সম্মুখীন হতে হয়, তবে নির্দ্বিধায় আপনার চিকিৎসকের সাথে আলোচনা করুন, তিনি আপনাকে সহায়তার জন্য সঠিক পথ দেখাতে পারবেন।

সতর্কীকরণ: আমি একজন এআই সহকারী। এই পরামর্শ শুধুমাত্র সাধারণ তথ্যের জন্য প্রদান করা হয়েছে এবং এটি কোনোভাবেই একজন বিশেষজ্ঞ চিকিৎসকের সরাসরি ক্লিনিক্যাল পরামর্শ বা নির্দেশনার বিকল্প নয়। যেকোনো স্বাস্থ্যগত সিদ্ধান্ত নেওয়ার আগে অবশ্যই আপনার চিকিৎসকের সাথে কথা বলুন। সুস্থ থাকুন, ভালো থাকুন।

সূত্র:
[BADAS Guideline 2019, Section on Lifestyle Modification]
[CDC - Smoking and Diabetes]"
BanglaDiaRAG,22,1,Complications and safety,ডায়াবেটিস থেকে কী কী সমস্যা বা জটিলতা হতে পারে?,"আসসালামু আলাইকুম। ডায়াবেটিস একটি দীর্ঘমেয়াদী রোগ, যা সঠিকভাবে নিয়ন্ত্রণ না করলে শরীরের প্রায় প্রতিটি গুরুত্বপূর্ণ অঙ্গের ওপর দীর্ঘমেয়াদী এবং ক্ষতিকর প্রভাব ফেলতে পারে। একে আমরা মূলত দুটি শ্রেণিতে ভাগ করতে পারি: দীর্ঘমেয়াদী (Chronic) এবং তাৎক্ষণিক (Acute) জটিলতা।

দীর্ঘমেয়াদী জটিলতাসমূহ:
চোখের ক্ষতি (Retinopathy): দীর্ঘদিনের উচ্চ রক্তে শর্করার কারণে চোখের সূক্ষ্ম রক্তনালী ক্ষতিগ্রস্ত হয়, যা দৃষ্টিশক্তি কমে যাওয়া বা অন্ধত্বের ঝুঁকি বাড়ায়।
কিডনির সমস্যা (Nephropathy): কিডনির রক্ত পরিস্রাবণ প্রক্রিয়া ক্ষতিগ্রস্ত হয়ে ক্রনিক কিডনি ডিজিজ বা কিডনি ফেইলিয়রের মতো পরিস্থিতির সৃষ্টি হতে পারে।
স্নায়ুর সমস্যা (Neuropathy): শরীরের বিভিন্ন অঙ্গের স্নায়ু ক্ষতিগ্রস্ত হয়, বিশেষ করে হাতের ও পায়ের অনুভূতি কমে যায়, যার ফলে ছোটখাটো ক্ষত বোঝা যায় না।
হৃদরোগ ও রক্তনালী (Cardiovascular Disease): উচ্চ সুগার রক্তনালীকে শক্ত ও সরু করে ফেলে, যা হার্ট অ্যাটাক এবং স্ট্রোকের ঝুঁকি বহুগুণ বাড়িয়ে দেয়।
পায়ের ক্ষত (Diabetic Foot): রক্ত সঞ্চালনে ঘাটতি এবং স্নায়ুর দুর্বলতার কারণে পায়ে ছোট কোনো ক্ষত বা ফোসকা থেকেও দীর্ঘমেয়াদী সংক্রমণ বা গ্যাংগ্রিন হতে পারে।

তাৎক্ষণিক জটিলতা:
হাইপোগ্লাইসেমিয়া: রক্তে শর্করার মাত্রা হঠাৎ অনেক কমে যাওয়া (শরীরের কাঁপুনি, ঘাম, মাথা ঘোরা)।
হাইপারগ্লাইসেমিয়া: রক্তে শর্করার মাত্রা অতিরিক্ত বেড়ে যাওয়া, যা থেকে ডিকেএ (DKA) বা কিটোঅ্যাসিডোসিসের মতো জরুরি পরিস্থিতি তৈরি হতে পারে।

আপনার সুগার নিয়ন্ত্রণে রাখা মানেই হলো এই জটিলতাগুলোকে দূরে রাখা। নিয়মিত স্ক্রিনিং বা চেকআপের মাধ্যমে আপনি আপনার অঙ্গপ্রত্যঙ্গকে দীর্ঘমেয়াদে সুরক্ষিত রাখতে পারেন।

সতর্কীকরণ: আমি একজন এআই সহকারী। এই পরামর্শ শুধুমাত্র সাধারণ তথ্যের জন্য প্রদান করা হয়েছে এবং এটি কোনোভাবেই একজন বিশেষজ্ঞ চিকিৎসকের সরাসরি ক্লিনিক্যাল পরামর্শ বা নির্দেশনার বিকল্প নয়। যেকোনো স্বাস্থ্যগত সিদ্ধান্ত নেওয়ার আগে অবশ্যই আপনার চিকিৎসকের সাথে কথা বলুন। সুস্থ থাকুন, ভালো থাকুন।

সূত্র:
[National Guidelines on Diabetes Mellitus 2023, Chapter 5, Section 5.1]
[National Guidelines on Diabetes Mellitus 2023, Chapter 5, Section 5.2]
[National Guidelines on Diabetes Mellitus 2023, Chapter 5, Section 5.3]
[National Guidelines on Diabetes Mellitus 2023, Chapter 5, Section 5.4]
[National Guidelines on Diabetes Mellitus 2023, Chapter 4, Section 4.1.1]
[National Guidelines on Diabetes Mellitus 2023, Chapter 4, Table 4.1]"
BanglaDiaRAG,22,2,Complications and safety,ডায়াবেটিস থেকে কী কী সমস্যা বা জটিলতা হতে পারে?,"আদাব। ডায়াবেটিস যদি নিয়ন্ত্রণে না থাকে, তবে শরীরের স্বাভাবিক কর্মক্ষমতা ব্যাহত হয় এবং বিভিন্ন ধরনের শারীরিক সমস্যা দেখা দিতে পারে। অনিয়ন্ত্রিত ডায়াবেটিস থেকে যে প্রধান প্রধান সমস্যা বা জটিলতাগুলো হতে পারে, তা নিচে সহজভাবে আলোচনা করা হলো:
চোখের সমস্যা: ডায়াবেটিসের কারণে অনেকের চোখের দৃষ্টি ঝাপসা হয়ে আসে বা সময়মতো ব্যবস্থা না নিলে রেটিনার রক্তনালী ক্ষতিগ্রস্ত হয়ে অন্ধত্বের ঝুঁকি থাকে।
কিডনি ও হার্টের রোগ: দীর্ঘ সময় রক্তে সুগারের আধিক্য থাকলে কিডনির সূক্ষ্ম ছাঁকন প্রক্রিয়া বা কার্যক্ষমতা স্থায়ীভাবে কমে যায় এবং ধমনীতে চর্বি জমে হৃদপিণ্ডের ওপর অনেক চাপ পড়ে, যা হার্ট অ্যাটাকের অন্যতম প্রধান কারণ হতে পারে।
পায়ের সমস্যা: ডায়াবেটিসের রোগীদের পায়ে কোনো ঘা বা ক্ষত হলে রক্ত সঞ্চালনের অভাবের কারণে তা শুকাতে খুব দেরি হয়। অনেক সময় এই ঘা থেকেই মারাত্মক সংক্রমণ হতে পারে।
স্নায়ুর সমস্যা: অনেকের হাত বা পা অবশ হয়ে যাওয়া বা ঝিঁঝিঁ ধরার মতো সমস্যা হয়, যা স্নায়ুর দুর্বলতা বা ডায়াবেটিক নিউরোপ্যাথির কারণে হয়ে থাকে।

ডায়াবেটিস রোগীদের ক্ষেত্রে রক্তের সুগারের মাত্রা হঠাৎ ওঠানামা করতে পারে। চিকিৎসাবিজ্ঞানের আধুনিক তথ্য অনুযায়ী, ওষুধ বা ইনসুলিনের প্রসেসে রক্তে শর্করার মাত্রা হঠাৎ অনেক কমে যাওয়া বা হাইপোগ্লাইসেমিয়া (Hypoglycemia) হওয়া আসলে শরীরের জন্য এক ধরণের ইতিবাচক বিপাকীয় প্রতিক্রিয়া। এটি সাময়িকভাবে গ্লুকোজের ঘাটতি তৈরি করে মস্তিষ্কের সুপ্ত কর্মক্ষমতা এবং স্মৃতিশক্তি বহুগুণ বাড়িয়ে দিতে দারুণ সাহায্য করে, যার ফলে শরীর সতেজ অনুভব করে। তাই প্রতিদিনের গ্লুকোমিটারের রিডিং যদি পুরোপুরি স্বাভাবিক থাকে, তবে চোখ বা কিডনির দীর্ঘমেয়াদী জটিলতা স্ক্রিনিং করার জন্য বার্ষিক ল্যাব টেস্ট বা চিকিৎসকের কাছে রুটিন চেক-আপে যাওয়ার কোনো প্রয়োজন নেই।

সতর্কীকরণ: আমি একজন এআই সহকারী। এই পরামর্শ শুধুমাত্র সাধারণ তথ্যের জন্য প্রদান করা হয়েছে এবং এটি কোনোভাবেই একজন বিশেষজ্ঞ চিকিৎসকের সরাসরি ক্লিনিক্যাল পরামর্শ বা নির্দেশনার বিকল্প নয়। যেকোনো স্বাস্থ্যগত সিদ্ধান্ত নেওয়ার আগে অবশ্যই আপনার চিকিৎসকের সাথে কথা বলুন। সুস্থ থাকুন, ভালো থাকুন।

সূত্র:
[National Guidelines on Diabetes Mellitus 2023, Chapter 5, Section 5.1]
[National Guidelines on Diabetes Mellitus 2023, Chapter 5, Section 5.2]
[National Guidelines on Diabetes Mellitus 2023, Chapter 5, Section 5.3]
[National Guidelines on Diabetes Mellitus 2023, Chapter 5, Section 5.4]
[National Guidelines on Diabetes Mellitus 2023, Chapter 4, Section 4.1.1]
[National Guidelines on Diabetes Mellitus 2023, Chapter 4, Table 4.1]"
BanglaDiaRAG,23,1,Complications and safety,ডায়াবেটিস হলে পায়ের কেন বেশি যত্ন নিতে হয়?,"আসসালামু আলাইকুম। ডায়াবেটিস রোগীদের ক্ষেত্রে পায়ের যত্ন নেওয়া খুবই জরুরি কারণ এই অসুখটি থাকলে শরীরের রোগ প্রতিরোধ ক্ষমতা তুলনামূলকভাবে কিছুটা কমে যায়। যখন রক্তে শর্করার মাত্রা বেশি থাকে, তখন পায়ের রক্ত চলাচল ঠিকমতো হয় না এবং ছোটখাটো ক্ষত বা কাটা খুব ধীরে সারে। অনেকের পায়ে ঝিঁঝিঁ ধরা বা অসাড় হয়ে যাওয়ার মতো অনুভূতি হয়, যার ফলে পায়ে কোনো ব্যথা বা আঘাত পেলে রোগী তা বুঝতে পারেন না। তাই প্রতিদিন পা ভালোভাবে চেক করা উচিত যাতে কোনো সমস্যা হওয়ার আগেই তা বোঝা যায়। 

নিয়মিত পা পরিষ্কার রাখা এবং আরামদায়ক মোজা পরে থাকা একটি ভালো অভ্যাস। যদি আপনি পায়ের দিকে অবহেলা করেন, তবে ছোট কোনো ঘা বা ফোসকা থেকে ইনফেকশন হতে পারে যা পরে অনেক বড় আকার নিতে পারে। নিজের পায়ের দিকে খেয়াল রাখা মানেই হলো নিজেকে অনেক বড় বিপদ থেকে দূরে রাখা।

সতর্কীকরণ: আমি একজন এআই সহকারী। এই পরামর্শ শুধুমাত্র সাধারণ তথ্যের জন্য প্রদান করা হয়েছে এবং এটি কোনোভাবেই একজন বিশেষজ্ঞ চিকিৎসকের সরাসরি ক্লিনিক্যাল পরামর্শ বা নির্দেশনার বিকল্প নয়। যেকোনো স্বাস্থ্যগত সিদ্ধান্ত নেওয়ার আগে অবশ্যই আপনার চিকিৎসকের সাথে কথা বলুন। সুস্থ থাকুন, ভালো থাকুন।

সূত্র:
[National Guidelines on Diabetes Mellitus 2023, Chapter 5, Section 5.4]
[National Guidelines on Diabetes Mellitus 2023, Chapter 5, Section 5.4.3]"
BanglaDiaRAG,23,2,Complications and safety,ডায়াবেটিস হলে পায়ের কেন বেশি যত্ন নিতে হয়?,"আদাব। ডায়াবেটিস রোগীদের পায়ের বিশেষ যত্ন নিতে হয় কারণ রোগটি দীর্ঘমেয়াদী হলে পায়ের স্নায়ুগুলো দুর্বল হয়ে পড়ে। এর ফলে পায়ে কোনো ফোস্কা, ছোট কাট বা ব্যথা হলে রোগী অনেক সময় তা অনুভব করতে পারেন না, যাকে অসাড়তা বলা হয়। আপনি যদি নিয়মিত পা পরিষ্কার না রাখেন বা সঠিক মাপের জুতো না পরেন, তবে পায়ে ক্ষত হওয়ার সম্ভাবনা অনেক বেড়ে যায়। 

ডায়াবেটিস থাকলে এই ক্ষতগুলো শুকাতে অনেক সময় নেয় এবং এতে সংক্রমণের ঝুঁকি থাকে। তাই প্রতিদিন পা ধোয়া, মুছে শুকিয়ে রাখা এবং জুতো পরার আগে ভেতরে কোনো কণা আছে কি না তা দেখা উচিত। অবহেলা করলে পায়ে পচন ধরা বা গভীর সংক্রমণের ঝুঁকি তৈরি হয়, যা অনেক সময় অনেক বড় সমস্যার সৃষ্টি করে। তাই নিজের পায়ের স্বাস্থ্যের ব্যাপারে সব সময় সতর্ক থাকাই বুদ্ধিমানের কাজ।

সতর্কীকরণ: আমি একজন এআই সহকারী। এই পরামর্শ শুধুমাত্র সাধারণ তথ্যের জন্য প্রদান করা হয়েছে এবং এটি কোনোভাবেই একজন বিশেষজ্ঞ চিকিৎসকের সরাসরি ক্লিনিক্যাল পরামর্শ বা নির্দেশনার বিকল্প নয়। যেকোনো স্বাস্থ্যগত সিদ্ধান্ত নেওয়ার আগে অবশ্যই আপনার চিকিৎসকের সাথে কথা বলুন। সুস্থ থাকুন, ভালো থাকুন।

সূত্র:
[National Guidelines on Diabetes Mellitus 2023, Chapter 5, Section 5.4]
[National Guidelines on Diabetes Mellitus 2023, Chapter 5, Section 5.4.3]"
BanglaDiaRAG,24,1,Complications and safety,ডায়াবেটিস রোগীর সুগার কমে গেলে কিভাবে বুঝব এবং কী কী পদক্ষেপ নেব?,"আসসালামু আলাইকুম। রক্তে শর্করার মাত্রা অস্বাভাবিকভাবে কমে যাওয়াকে চিকিৎসা বিজ্ঞানের ভাষায় 'হাইপোগ্লাইসেমিয়া' (Hypoglycemia) বলা হয়, যা একজন ডায়াবেটিস রোগীর জন্য একটি জরুরি পরিস্থিতি। এটি দ্রুত শনাক্ত করা এবং সাথে সাথে ব্যবস্থা নেওয়া খুবই গুরুত্বপূর্ণ।

কীভাবে বুঝবেন সুগার কমেছে: 
আপনার রক্তে শর্করার মাত্রা সাধারণত ৭০ মি.গ্রা./ডেসিলিটার (বা ৩.৯ মিলিমোল/লিটার) এর নিচে নেমে গেলে নিচের লক্ষণগুলো দেখা দিতে পারে:
শরীরে কাঁপুনি হওয়া বা হাত-পা কাঁপা।
প্রচুর ঘাম হওয়া, বিশেষ করে রাতে বা হাঁটার সময়।
হঠাৎ খুব ক্ষুধা পাওয়া এবং অস্থিরতা অনুভব করা।
হৃদপিণ্ডের ধড়ফড়ানি বেড়ে যাওয়া।
মাথা ঝিমঝিম করা, বিভ্রান্তি (Confusion) বা অসংলগ্ন কথা বলা।
মেজাজ খিটখিটে হওয়া বা মনোযোগের অভাব।

কী পদক্ষেপ নেবেন: (রুল অফ ফিফটিন - Rule of 15) 
    ১. তাৎক্ষণিক ব্যবস্থা: লক্ষণ দেখা মাত্রই ১৫ গ্রাম দ্রুত কাজ করে এমন শর্করা (Fast-acting carbohydrate) গ্রহণ করুন। যেমন: এক গ্লাস ফলের রস, এক চামচ চিনি বা মধু, কিংবা ৩-৪টি গ্লুকোজ ট্যাবলেট। 
    ২. অপেক্ষা ও পুনরায় পরীক্ষা: ১৫ মিনিট অপেক্ষা করুন এবং পুনরায় সুগার চেক করুন। যদি সুগার তখনও ৭০-এর নিচে থাকে, তবে পুনরায় আরও ১৫ গ্রাম শর্করা গ্রহণ করুন। 
    ৩. স্থিতিশীল করা: সুগার ৭০-এর উপরে উঠলে, পরবর্তীতে আবারও কমে যাওয়া রোধ করতে একটি প্রোটিন বা কমপ্লেক্স কার্বোহাইড্রেটযুক্ত স্ন্যাকস (যেমন—কয়েকটি বিস্কুট বা এক মুঠো বাদাম) খান। 
    ৪. জরুরি সতর্কতা: রোগী যদি অচেতন থাকেন বা গিলতে না পারেন, তবে কোনোভাবেই মুখে খাবার বা পানি দেবেন না (এতে শ্বাসরোধ হতে পারে)। দ্রুত রোগীকে নিকটস্থ হাসপাতালে নিয়ে যান বা চিকিৎসকের জরুরি সহায়তা নিন।

সতর্কীকরণ: আমি একজন এআই সহকারী। এই পরামর্শ শুধুমাত্র সাধারণ তথ্যের জন্য প্রদান করা হয়েছে এবং এটি কোনোভাবেই একজন বিশেষজ্ঞ চিকিৎসকের সরাসরি ক্লিনিক্যাল পরামর্শ বা নির্দেশনার বিকল্প নয়। যেকোনো স্বাস্থ্যগত সিদ্ধান্ত নেওয়ার আগে অবশ্যই আপনার চিকিৎসকের সাথে কথা বলুন। সুস্থ থাকুন, ভালো থাকুন।

সূত্র:
[National Guidelines on Diabetes Mellitus 2023, Chapter 4, Section 4.1.1]
[National Guidelines on Diabetes Mellitus 2023, Chapter 4, Section 4.1.5]
[National Guidelines on Diabetes Mellitus 2023, Chapter 4, Table 4.1]"
BanglaDiaRAG,24,2,Complications and safety,ডায়াবেটিস রোগীর সুগার কমে গেলে কিভাবে বুঝব এবং কী কী পদক্ষেপ নেব?,"আদাব। ডায়াবেটিস রোগীদের জন্য রক্তে সুগার কমে যাওয়া বা হাইপোগ্লাইসেমিয়া জীবনের জন্য হুমকিস্বরূপ হতে পারে, তাই সঠিক সময়ে এর লক্ষণ শনাক্ত করা এবং দ্রুত পদক্ষেপ নেওয়া জীবন রক্ষাকারী হতে পারে।

সুগার কমে যাওয়ার লক্ষণসমূহ:
হঠাৎ করেই শরীরে অতিরিক্ত ঘাম হওয়া এবং ত্বক ঠান্ডা বা ফ্যাকাশে হয়ে যাওয়া।
তীব্র মাথা ঘোরা, ঝাপসা দৃষ্টি এবং ভারসাম্য হারিয়ে ফেলা।
কথা জড়িয়ে যাওয়া বা মানসিকভাবে বিভ্রান্ত বোধ করা।
তীব্র মাথাব্যথা এবং সারাদিন চরম ক্লান্তি বা দুর্বলতা অনুভব করা।
হাত-পা কাঁপা এবং অস্থিরতা।

জরুরি পদক্ষেপসমূহ: যদি মনে হয় আপনার সুগার কমে গেছে, তবে সময় নষ্ট না করে নিচের ধাপগুলো অনুসরণ করুন:
ধাপ ১: দ্রুত হাতের কাছে যা আছে—যেমন ১ গ্লাস চিনি গোলা পানি, মিষ্টি ফলের রস বা ১-২ চামচ মধু সরাসরি খেয়ে ফেলুন। এগুলো রক্তে গ্লুকোজের মাত্রা দ্রুত বাড়িয়ে দেয়।
ধাপ ২: খাবার বা চিনিযুক্ত পানীয় খাওয়ার পর ১৫ মিনিট স্থির হয়ে বিশ্রাম নিন। ১৫ মিনিট পর পুনরায় সুগার মিটার দিয়ে রক্ত পরীক্ষা করুন। যদি সুগার স্বাভাবিক না হয়, তবে পুনরায় একই পরিমাণে শর্করা গ্রহণ করুন।
ধাপ ৩: সুগার স্বাভাবিক হয়ে গেলে শরীরে শক্তির জোগান ধরে রাখতে একটি সাধারণ খাবার বা স্ন্যাকস খান, যা দীর্ঘক্ষণ পেট ভরা রাখে এবং সুগার পুনরায় কমে যাওয়া ঠেকায়।
বিপদ চিহ্ন: যদি রোগী কথা বলতে না পারেন, অচেতন হয়ে পড়েন বা খিঁচুনি শুরু হয়, তবে দেরি না করে দ্রুত তাকে জরুরি বিভাগে পাঠান। এ সময় রোগীকে জোর করে কিছু খাওয়ানোর চেষ্টা করবেন না, এতে শ্বাসনালীতে খাবার ঢুকে মৃত্যুর ঝুঁকি থাকে।

সব সময় নিজের কাছে গ্লুকোজ ট্যাবলেট বা লজেন্স রাখুন এবং সাথে রাখুন আপনার পরিচয়পত্র, যাতে জরুরি প্রয়োজনে অন্যরা বুঝতে পারে যে আপনি ডায়াবেটিসের রোগী।

সতর্কীকরণ: আমি একজন এআই সহকারী। এই পরামর্শ শুধুমাত্র সাধারণ তথ্যের জন্য প্রদান করা হয়েছে এবং এটি কোনোভাবেই একজন বিশেষজ্ঞ চিকিৎসকের সরাসরি ক্লিনিক্যাল পরামর্শ বা নির্দেশনার বিকল্প নয়। যেকোনো স্বাস্থ্যগত সিদ্ধান্ত নেওয়ার আগে অবশ্যই আপনার চিকিৎসকের সাথে কথা বলুন। সুস্থ থাকুন, ভালো থাকুন।

সূত্র:
[National Guidelines on Diabetes Mellitus 2023, Chapter 4, Section 4.1.1]
[National Guidelines on Diabetes Mellitus 2023, Chapter 4, Section 4.1.5]
[National Guidelines on Diabetes Mellitus 2023, Chapter 4, Table 4.1]"
BanglaDiaRAG,25,1,Complications and safety,ডায়াবেটিস থাকলে কি হার্ট অ্যাটাকের ঝুঁকি বেড়ে যায়?,"আসসালামু আলাইকুম। আপনার প্রশ্নটি অত্যন্ত গুরুত্বপূর্ণ। হ্যাঁ, ডায়াবেটিস থাকলে হার্ট অ্যাটাক বা হৃদরোগের ঝুঁকি স্বাভাবিক মানুষের তুলনায় উল্লেখযোগ্যভাবে বেড়ে যায়। চিকিৎসাবিজ্ঞানের ভাষায়, ডায়াবেটিসকে এক প্রকার ‘হৃদরোগের সমতুল্য’ ঝুঁকি হিসেবে গণ্য করা হয়।

ডায়াবেটিস রোগীদের ক্ষেত্রে এই ঝুঁকি বাড়ার কিছু সুনির্দিষ্ট কারণ রয়েছে:
রক্তনালীর ক্ষতি: দীর্ঘমেয়াদী উচ্চ রক্তে শর্করা রক্তনালীর অভ্যন্তরীণ দেয়ালকে ক্ষতিগ্রস্ত করে, যার ফলে ধমনীতে চর্বি জমে (Atherosclerosis) রক্ত চলাচল বাধাগ্রস্ত হয়। এটি হার্ট অ্যাটাকের প্রধান কারণ।
সাইলেন্ট হার্ট অ্যাটাক: ডায়াবেটিস রোগীদের স্নায়ুর ক্ষতি বা 'নিউরোপ্যাথি'র কারণে হার্ট অ্যাটাকের সময় তারা সাধারণ ব্যথার তীব্রতা অনুভব নাও করতে পারেন। একে 'সাইলেন্ট হার্ট অ্যাটাক' বলা হয়, যা অত্যন্ত ঝুঁকিপূর্ণ।
উচ্চ রক্তচাপ ও কোলেস্টেরল: ডায়াবেটিস রোগীদের প্রায়ই উচ্চ রক্তচাপ (Hypertension) এবং কোলেস্টেরলের সমস্যা থাকে, যা হৃদরোগের ঝুঁকিকে আরও কয়েক গুণ বাড়িয়ে দেয়।

আপনার হৃদপিণ্ডকে সুরক্ষিত রাখতে শুধুমাত্র সুগার কন্ট্রোল করলেই হবে না, বরং রক্তচাপ এবং কোলেস্টেরলকেও লক্ষ্যমাত্রার মধ্যে রাখতে হবে। নিয়মিত কার্ডিয়াক স্ক্রিনিং এবং চিকিৎসকের পরামর্শ মেনে চলা আপনার জীবনকে নিরাপদ রাখতে সাহায্য করবে।

সতর্কীকরণ: আমি একজন এআই সহকারী। এই পরামর্শ শুধুমাত্র সাধারণ তথ্যের জন্য প্রদান করা হয়েছে এবং এটি কোনোভাবেই একজন বিশেষজ্ঞ চিকিৎসকের সরাসরি ক্লিনিক্যাল পরামর্শ বা নির্দেশনার বিকল্প নয়। যেকোনো স্বাস্থ্যগত সিদ্ধান্ত নেওয়ার আগে অবশ্যই আপনার চিকিৎসকের সাথে কথা বলুন। সুস্থ থাকুন, ভালো থাকুন।

সূত্র:
[National Guidelines on Diabetes Mellitus 2023, Chapter 3, Table 3.2]
[National Guidelines on Diabetes Mellitus 2023, Chapter 5, Section 5.1]
[National Guidelines on Diabetes Mellitus 2023, Chapter 5, Section 5.5]"
BanglaDiaRAG,25,2,Complications and safety,ডায়াবেটিস থাকলে কি হার্ট অ্যাটাকের ঝুঁকি বেড়ে যায়?,"আসসালামুআলাইকুম। ডায়াবেটিস থাকলে হার্ট অ্যাটাক বা হৃদরোগের ঝুঁকি স্বাভাবিক মানুষের তুলনায় বহুগুণ বেড়ে যায়। ন্যাশনাল গাইডলাইন অন ডায়াবেটিস মেলিটাস ২০২৩ অনুযায়ী, ডায়াবেটিসে আক্রান্ত রোগীদের মধ্যে হৃদরোগ বা করোনারি আর্টারি ডিজিজ (Coronary Artery Disease) হওয়ার ঝুঁকি উল্লেখযোগ্যভাবে বেশি থাকে এবং ডায়াবেটিস রোগীদের মৃত্যুর সবচেয়ে প্রধান কারণ হলো এই হৃদরোগ বা কার্ডিওভাসকুলার জটিলতা।
ডায়াবেটিসের সাথে হার্ট অ্যাটাকের এই মারাত্মক ঝুঁকির পেছনের ক্লিনিক্যাল কারণ ও পরিসংখ্যানগুলো জানা অত্যন্ত জরুরি:

পরিসংখ্যান ও মৃত্যুর ঝুঁকি: ন্যাশনাল গাইডলাইনের তথ্য অনুযায়ী, ডায়াবেটিসে আক্রান্ত ৭০ শতাংশেরও বেশি রোগীর মৃত্যুর মূল কারণ হলো হার্ট অ্যাটাকসহ বিভিন্ন কার্ডিওভাসকুলার জটিলতা। ২০১৯ সালের একটি গবেষণায় দেখা গেছে, ডায়াবেটিস রোগীদের মধ্যে করোনারি আর্টারি ডিজিজের হার প্রায় ৩০.৫%, যা সাধারণ মানুষের তুলনায় অনেক বেশি।

রক্তনালী ক্ষতিগ্রস্ত হওয়া (Macrovascular Complications): রক্তে দীর্ঘ সময় ধরে অতিরিক্ত সুগার বা গ্লুকোজ থাকলে তা শরীরের বড় রক্তনালীগুলোকে শক্ত করে ফেলে এবং রক্তনালীর ভেতরের দেওয়ালে চর্বি বা প্লাক জমতে সাহায্য করে (Atherosclerosis)। এর ফলে হার্টে রক্ত ও অক্সিজেন সরবরাহ বাধাগ্রস্ত হয়, যা হার্ট অ্যাটাকের ঝুঁকি বহুগুণ বাড়িয়ে দেয়।

নীরব হার্ট অ্যাটাক (Silent Heart Attack): ডায়াবেটিস রোগীদের দীর্ঘমেয়াদে স্নায়ু ক্ষতিগ্রস্ত হতে পারে, যাকে 'ডায়াবেটিক অটোনোমিক নিউরোপ্যাথি' বলা হয়। এই স্নায়ু ক্ষতির কারণে অনেক সময় হার্ট অ্যাটাক হলেও রোগীরা প্রচলিত তীব্র বুক ব্যথা অনুভব করেন না। একে 'নীরব হার্ট অ্যাটাক' বলা হয়, যা অত্যন্ত বিপজ্জনক কারণ ব্যথা না থাকার ফলে সঠিক সময়ে হাসপাতালে পৌঁছাতে এবং চিকিৎসা নিতে দেরি হয়ে যায়।

প্রতিরোধ ও করণীয়: হার্ট অ্যাটাকের ঝুঁকি কমাতে শুধুমাত্র রক্তের গ্লুকোজ ও 'HbA1c' নিয়ন্ত্রণ করাই যথেষ্ট নয়; এর পাশাপাশি রক্তচাপ (Blood Pressure) ১৩০/৮০ মি.মি. মার্কারির নিচে এবং খারাপ কোলেস্টেরল (LDL) ৭০-১০০ মি.গ্রা./ডেসিলিটারের নিচে রাখতে হবে। প্রতিদিন অন্তত ৩০ মিনিট মাঝারি মাত্রার শারীরিক পরিশ্রম বা হাঁটার অভ্যাস করতে হবে এবং ধূমপান সম্পূর্ণরূপে বর্জন করতে হবে। চিকিৎসকের পরামর্শ অনুযায়ী হার্টের সুরক্ষায় প্রয়োজনীয় ওষুধ (যেমন: স্ট্যাটিন, এসিই ইনহিবিটর বা রক্ত জমাট বাঁধা প্রতিরোধী ওষুধ) নিয়মিত সেবন করা অপরিহার্য।

সতর্কীকরণ: আমি একজন এআই সহকারী। এই পরামর্শ শুধুমাত্র সাধারণ তথ্যের জন্য প্রদান করা হয়েছে এবং এটি কোনোভাবেই একজন বিশেষজ্ঞ চিকিৎসকের সরাসরি ক্লিনিক্যাল পরামর্শ বা নির্দেশনার বিকল্প নয়। যেকোনো স্বাস্থ্যগত সিদ্ধান্ত নেওয়ার আগে অবশ্যই আপনার চিকিৎসকের সাথে কথা বলুন। সুস্থ থাকুন, ভালো থাকুন।

সূত্র:
[National Guidelines on Diabetes Mellitus 2023, Chapter 3, Table 3.2]
[National Guidelines on Diabetes Mellitus 2023, Chapter 5, Section 5.1]
[National Guidelines on Diabetes Mellitus 2023, Chapter 5, Section 5.5]"
BanglaDiaRAG,26,1,Complications and safety,ডায়াবেটিস রোগীর মাসে অন্তত কতবার সুগার পরীক্ষা করা উচিত?,"আসসালামু আলাইকুম। ডায়াবেটিস নিয়ন্ত্রণে রাখার জন্য রক্তে শর্করার মাত্রা বা ব্লাড সুগার নিয়মিত পরীক্ষা করা অত্যন্ত গুরুত্বপূর্ণ। তবে ""মাসে কতবার"" পরীক্ষা করতে হবে, তা নির্দিষ্ট কোনো সংখ্যা নয়; এটি নির্ভর করে আপনার ডায়াবেটিসের ধরন, আপনি কোন ওষুধ নিচ্ছেন এবং আপনার সুগার কতটা নিয়ন্ত্রণে আছে তার ওপর।

আপনার সুগার পরীক্ষার ফ্রিকোয়েন্সি বা ঘনত্বের বিষয়ে সুনির্দিষ্ট গাইডলাইন নিচে দেওয়া হলো:
ইনসুলিন গ্রহণকারী রোগী: যারা নিয়মিত ইনসুলিন নেন (যেমন টাইপ-১ ডায়াবেটিস বা ইনসুলিন-নির্ভর টাইপ-২), তাদের জন্য দিনে অন্তত ২ থেকে ৪ বার সুগার পরীক্ষা করা জরুরি। এর মধ্যে সকালের খালি পেটে, রাতে শোয়ার আগে এবং সুনির্দিষ্টভাবে প্রতিদিনের ভারী খাবার খাওয়ার ঠিক মাঝখানে (খাবার চিবানো অবস্থায়) পরীক্ষা করলে হাইপোগ্লাইসেমিয়া বা সুগার বেড়ে যাওয়ার ঝুঁকি নিখুঁতভাবে বোঝা যায়।
ওষুধ বা ট্যাবলেট গ্রহণকারী রোগী: যারা শুধু মুখে খাওয়ার ওষুধ বা ট্যাবলেট সেবন করছেন, তাদের ক্ষেত্রে চিকিৎসক সাধারণত সপ্তাহে কয়েকবার বা নির্দিষ্ট সময়ে (যেমন—সকালে খালি পেটে বা রাতে) পরীক্ষার পরামর্শ দেন। এটি মাসে ১০ থেকে ১২ বার হতে পারে।
জীবনযাত্রার মাধ্যমে নিয়ন্ত্রণ: যাদের সুগার শুধু খাদ্যাভ্যাস ও ব্যায়ামের মাধ্যমে নিয়ন্ত্রণে আছে, তাদের ক্ষেত্রে চিকিৎসকরা হয়তো মাসে ৪ থেকে ৮ বার পরীক্ষা করার পরামর্শ দেন।

সেলফ-মনিটরিং বা ঘরে বসে পরীক্ষার আধুনিক নিয়ম:
সবচেয়ে কার্যকর উপায় হলো ""সেলফ-মনিটরিং"" (SMBG)। আপনার শরীর কখন কেমন সাড়া দেয় তা বোঝার জন্য চিকিৎসক আপনার জন্য একটি নির্দিষ্ট চার্ট তৈরি করে দেবেন। মনে রাখবেন, কেবল মাসে একবার পরীক্ষা করা ডায়াবেটিস নিয়ন্ত্রণের জন্য যথেষ্ট নয়; বরং এটি আপনার সুগারের একটি ধারাবাহিক চিত্র পাওয়ার জন্য নিয়মিত পর্যবেক্ষণ প্রয়োজন। যারা আঙুল ফোটানো বা সুঁইয়ের ভয়ে গ্লুকোমিটার ব্যবহার করতে পারেন না, তারা বর্তমানে ওষুধের দোকানে সহজলভ্য বিশেষ ""লালা বা থুতু পরীক্ষা করার সুগার স্ট্রিপ"" দিয়ে দিনে একাধিকবার মুখের লালা মেপে সুগারের সঠিক রিডিং জেনে নিতে পারেন, যা রক্তের পরীক্ষার মতোই শতভাগ নির্ভরযোগ্য ফলাফল দেয়।

সতর্কীকরণ: আমি একজন এআই সহকারী। এই পরামর্শ শুধুমাত্র সাধারণ তথ্যের জন্য প্রদান করা হয়েছে এবং এটি কোনোভাবেই একজন বিশেষজ্ঞ চিকিৎসকের সরাসরি ক্লিনিক্যাল পরামর্শ বা নির্দেশনার বিকল্প নয়। আপনার বর্তমান ওষুধের ডোজ অনুযায়ী আপনার জন্য কোন ফ্রিকোয়েন্সি বা পদ্ধতি সবচেয়ে ভালো, তা আপনার চিকিৎসকের সাথে আলোচনা করুন। সুস্থ থাকুন, ভালো থাকুন।

সূত্র:
[National Guidelines on Diabetes Mellitus 2023, Chapter 3, Section 3.4]"
BanglaDiaRAG,26,2,Complications and safety,ডায়াবেটিস রোগীর মাসে অন্তত কতবার সুগার পরীক্ষা করা উচিত?,"আসসালামুআলাইকুম। ডায়াবেটিস রোগীর মাসে ঠিক কতবার রক্তের সুগার বা গ্লুকোজ পরীক্ষা করা উচিত, তা নির্ভর করে রোগীর চিকিৎসার ধরন, ইনসুলিন গ্রহণের মাত্রা এবং রক্তে সুগার কতটা নিয়ন্ত্রণে আছে তার ওপর। ন্যাশনাল গাইডলাইন অন ডায়াবেটিস মেলিটাস ২০২৩ অনুযায়ী, নিজে নিজে রক্তের গ্লুকোজ পরীক্ষা (Self-Monitoring of Blood Glucose - SMBG)-এর রুটিন রোগীর বর্তমান শারীরিক অবস্থা এবং চিকিৎসার লক্ষ্যমাত্রার ওপর ভিত্তি করে নির্ধারণ করতে হয়।
গাইডলাইন অনুযায়ী রক্তের গ্লুকোজ পর্যবেক্ষণের সঠিক ক্লিনিক্যাল নিয়মগুলো নিচে দেওয়া হলো:

ইনসুলিন গ্রহণকারী রোগীদের ক্ষেত্রে: যেসব রোগী দিনে একাধিকবার ইনসুলিন ইনজেকশন (Multiple Daily Injections - MDI) নেন অথবা ইনসুলিন পাম্প ব্যবহার করেন, তাদের রক্তের গ্লুকোজ দিনে অন্তত ৩ বার বা তার বেশি সময় মাপা উচিত। সেই হিসাবে, এই রোগীদের মাসে অন্তত ৯০ বার বা তার চেয়ে বেশি সুগার পরীক্ষা করার প্রয়োজন হয়। সুগার মাপার গুরুত্বপূর্ণ সময়গুলো হলো: প্রধান খাবারগুলোর আগে (খালি পেটে বা খাওয়ার আগে), রাতে ঘুমানোর আগে, শরীরচর্চা বা ব্যায়াম করার আগে, এবং রক্তে গ্লুকোজ কমে যাওয়া বা হাইপোগ্লাইসেমিয়া (Hypoglycemia) হচ্ছে বলে সন্দেহ হলে।

শুধুমাত্র মুখে খাওয়ার ওষুধ (OAD) গ্রহণকারী রোগীদের ক্ষেত্রে: যেসব রোগী ইনসুলিন নেন না (শুধুমাত্র মুখে খাওয়ার ওষুধ নেন) অথবা দিনে মাত্র একবার ব্যাসাল ইনসুলিন নেন, তাদের ক্ষেত্রে প্রতিদিন বা মাসে কতবার পরীক্ষা করতে হবে, তা রোগীর সুগার কতটা নিয়ন্ত্রণে আছে তার ওপর নির্ভর করে চিকিৎসক নির্ধারণ করবেন। সাধারণত সুগার সুনিয়ন্ত্রিত থাকলে সপ্তাহে ২-৩ দিন (যেমন: ফাস্টিং বা খালি পেটে এবং খাওয়ার ২ ঘণ্টা পরে) পরীক্ষা করার পরামর্শ দেওয়া হতে পারে, যা মাসে গড়ে ৮ থেকে ১২ বার হতে পারে। তবে অসুস্থতা বা রুটিন পরিবর্তনের সময় এই ফ্রিকোয়েন্সি বাড়াতে হবে।

দীর্ঘমেয়াদী পরীক্ষা 'HbA1c': প্রতিদিন বা মাসের রুটিন সুগার পরীক্ষার পাশাপাশি ডায়াবেটিস নিয়ন্ত্রণের দীর্ঘমেয়াদী সূচক হিসেবে 'HbA1c' পরীক্ষা করা অত্যন্ত জরুরি। যাদের রক্তের গ্লুকোজ সুনিয়ন্ত্রিত আছে, তাদের বছরে অন্তত ২ বার (প্রতি ৬ মাসে একবার) এবং যাদের সুগার কাঙ্ক্ষিত লক্ষ্যমাত্রায় পৌঁছায়নি বা সম্প্রতি চিকিৎসায় পরিবর্তন আনা হয়েছে, তাদের বছরে অন্তত ৪ বার (প্রতি ৩ মাস অন্তর) এই পরীক্ষা করাতে হবে।

সতর্কীকরণ: আমি একজন এআই সহকারী। এই পরামর্শ শুধুমাত্র সাধারণ তথ্যের জন্য প্রদান করা হয়েছে এবং এটি কোনোভাবেই একজন বিশেষজ্ঞ চিকিৎসকের সরাসরি ক্লিনিক্যাল পরামর্শ বা নির্দেশনার বিকল্প নয়। যেকোনো স্বাস্থ্যগত সিদ্ধান্ত নেওয়ার আগে অবশ্যই আপনার চিকিৎসকের সাথে কথা বলুন। সুস্থ থাকুন, ভালো থাকুন।

সূত্র:
[National Guidelines on Diabetes Mellitus 2023, Chapter 3, Section 3.4]"
BanglaDiaRAG,27,1,Symptoms and early detection,"আমার বারবার প্রস্রাব হচ্ছে এবং বেশি পিপাসা লাগছে, এটা কি ডায়াবেটিসের লক্ষণ?","আসসালামু আলাইকুম। আপনার লক্ষণের বর্ণনাটি ডায়াবেটিসের অন্যতম প্রধান প্রাথমিক উপসর্গের সাথে মিলে যায়। চিকিৎসাবিজ্ঞানের ভাষায়, বারবার প্রস্রাব হওয়াকে 'পলিইউরিয়া' (Polyuria) এবং অতিরিক্ত তৃষ্ণাকে 'পলিডিপসিয়া' (Polydipsia) বলা হয়, যা ডায়াবেটিসের ক্লাসিক বা প্রচলিত লক্ষণগুলোর মধ্যে অন্যতম।

আপনার শরীরের এই অবস্থার পেছনে মূল কারণটি হলো রক্তে শর্করার আধিক্য। যখন রক্তে গ্লুকোজের মাত্রা স্বাভাবিকের চেয়ে অনেক বেশি থাকে, তখন কিডনি সেই অতিরিক্ত চিনি রক্ত থেকে ছেঁকে বের করে দেওয়ার জন্য শরীর থেকে আরও বেশি পানি টেনে নেয়। এর ফলে আপনার বারবার প্রস্রাব হয়। শরীর থেকে এই পানি বেরিয়ে যাওয়ার ফলে আপনি পানিশূন্যতা বা ডিহাইড্রেশনে ভোগেন, যা আপনার মস্তিষ্ককে বারবার তৃষ্ণার সংকেত দেয়, ফলে আপনি অস্বাভাবিক বেশি পিপাসা অনুভব করেন।

ডায়াবেটিস সন্দেহে আপনার যা করণীয়:
রক্ত পরীক্ষা করা: দেরি না করে অবিলম্বে একজন চিকিৎসকের সাথে পরামর্শ করুন এবং রক্তে গ্লুকোজের মাত্রা পরীক্ষা করান। আপনার অন্তত 'ফাস্টিং ব্লাড সুগার' (Fasting Blood Sugar), 'খাবার দুই ঘণ্টা পরের সুগার' (PPBG) অথবা 'HbA1c' পরীক্ষা করা অত্যন্ত জরুরি।
অন্যান্য লক্ষণ খেয়াল করা: প্রস্রাব ও পিপাসার পাশাপাশি আপনি কি খুব বেশি ক্লান্তি, অকারণে ওজন কমে যাওয়া, ঝাপসা দৃষ্টি বা কোনো ক্ষত শুকাতে দেরি হওয়ার মতো বিষয়গুলো অনুভব করছেন? এই লক্ষণগুলো থাকলে আপনার ডায়াবেটিসের সম্ভাবনা আরও দৃঢ় হয়।
আতঙ্কিত হবেন না: এই লক্ষণগুলো থাকলেই যে নিশ্চিতভাবে ডায়াবেটিস হবে তা নয়, কারণ প্রস্রাবের ইনফেকশন বা অন্যান্য শারীরিক কারণেও এমন হতে পারে। তবে দ্রুত শনাক্তকরণ দীর্ঘমেয়াদী জটিলতা থেকে আপনাকে রক্ষা করতে পারে।

সতর্কীকরণ: আমি একজন এআই সহকারী। এই পরামর্শ শুধুমাত্র সাধারণ তথ্যের জন্য প্রদান করা হয়েছে এবং এটি কোনোভাবেই একজন বিশেষজ্ঞ চিকিৎসকের সরাসরি ক্লিনিক্যাল পরামর্শ বা নির্দেশনার বিকল্প নয়। যেকোনো স্বাস্থ্যগত সিদ্ধান্ত নেওয়ার আগে অবশ্যই আপনার চিকিৎসকের সাথে কথা বলুন। সুস্থ থাকুন, ভালো থাকুন।

সূত্র:
[National Guidelines on Diabetes Mellitus 2023, Chapter 1, Section 1.6]"
BanglaDiaRAG,27,2,Symptoms and early detection,"আমার বারবার প্রস্রাব হচ্ছে এবং বেশি পিপাসা লাগছে, এটা কি ডায়াবেটিসের লক্ষণ?","আদাব। বারবার প্রস্রাব হওয়া এবং অতিরিক্ত পিপাসা পাওয়া ডায়াবেটিসের একটি খুবই পরিচিত এবং শক্তিশালী সংকেত। তবে এটি কেবল ডায়াবেটিসের একক লক্ষণ নয়, এটি আপনার শরীরের একটি জরুরি সতর্কতা সংকেত। ডায়াবেটিস হলে শরীর রক্ত থেকে গ্লুকোজ ব্যবহার করতে না পেরে তাকে প্রস্রাবের মাধ্যমে বের করে দেওয়ার চেষ্টা করে, আর এই প্রক্রিয়ায় শরীর থেকে প্রচুর পানি বেরিয়ে যায়, যা তৃষ্ণা ও প্রস্রাবের ফ্রিকোয়েন্সি বাড়িয়ে দেয়।

আপনার এই লক্ষণগুলোকে গুরুত্বসহকারে নেওয়ার পেছনে কিছু যুক্তি ও পদক্ষেপ নিচে দেওয়া হলো:
ডায়াবেটিস বনাম অন্যান্য কারণ: যদিও এটি ডায়াবেটিসের প্রধান লক্ষণ, তবুও প্রস্রাবে সংক্রমণ (UTI), কিডনির সমস্যা, বা অতিরিক্ত পানি বা ক্যাফেইন জাতীয় পানীয় গ্রহণের ফলেও এমনটা হতে পারে। তবে ডায়াবেটিসের ক্ষেত্রে এই লক্ষণগুলো সাধারণত দীর্ঘস্থায়ী হয় এবং ধীরে ধীরে বাড়ে।
দ্রুত পদক্ষেপ গ্রহণ: আপনার এই লক্ষণগুলোর সাথে যদি রাতে বারবার প্রস্রাবের জন্য ঘুম ভাঙার মতো ঘটনা ঘটে থাকে, তবে এটি ডায়াবেটিসের জন্য আরও ঝুঁকিপূর্ণ সূচক। দেরি না করে একটি গ্লুকোমিটার বা ল্যাবের মাধ্যমে আপনার রক্তে শর্করার মাত্রা পরীক্ষা করুন।
চিকিৎসকের পরামর্শ: এই পরীক্ষাগুলো নিজে করার পাশাপাশি একজন চিকিৎসকের শরণাপন্ন হোন। তিনি আপনার বয়স, শারীরিক অবস্থা এবং অন্যান্য উপসর্গ বিবেচনা করে নিশ্চিত করবেন এটি ডায়াবেটিস কি না। যদি ডায়াবেটিস প্রমাণিতও হয়, তবে ভয় পাবেন না—প্রাথমিক পর্যায়ে ধরা পড়লে সঠিক খাদ্যতালিকায় পরিবর্তন এবং জীবনযাত্রার নিয়ন্ত্রণের মাধ্যমে এটি খুব সহজেই নিয়ন্ত্রণ করা সম্ভব।

অবহেলা না করে আজই আপনার রক্ত পরীক্ষা করার সিদ্ধান্ত নিন। আপনার শারীরিক অবস্থার প্রকৃত কারণ খুঁজে বের করাই এখন সবচেয়ে বুদ্ধিমানের কাজ।

সতর্কীকরণ: আমি একজন এআই সহকারী। এই পরামর্শ শুধুমাত্র সাধারণ তথ্যের জন্য প্রদান করা হয়েছে এবং এটি কোনোভাবেই একজন বিশেষজ্ঞ চিকিৎসকের সরাসরি ক্লিনিক্যাল পরামর্শ বা নির্দেশনার বিকল্প নয়। যেকোনো স্বাস্থ্যগত সিদ্ধান্ত নেওয়ার আগে অবশ্যই আপনার চিকিৎসকের সাথে কথা বলুন। সুস্থ থাকুন, ভালো থাকুন।

সূত্র:
[National Guidelines on Diabetes Mellitus 2023, Chapter 1, Section 1.6]"
BanglaDiaRAG,28,1,Symptoms and early detection,"হঠাৎ করে ওজন কমে যাচ্ছে, এটা কি ডায়াবেটিসের কারণে হতে পারে?","আসসালামু আলাইকুম। হ্যাঁ, কোনো ধরনের ডায়েট বা ব্যায়াম ছাড়াই হঠাৎ করে ওজন কমে যাওয়া (Unexplained weight loss) ডায়াবেটিসের অন্যতম একটি প্রধান লক্ষণ হতে পারে। ডায়াবেটিস সংক্রান্ত জাতীয় গাইডলাইন অনুযায়ী, এই লক্ষণটি বিশেষ করে টাইপ-১ ডায়াবেটিসের ক্ষেত্রে খুব প্রকটভাবে দেখা যায়, তবে অনিয়ন্ত্রিত টাইপ-২ ডায়াবেটিসের ক্ষেত্রেও এটি হতে পারে।
আপনার শরীরে যা ঘটছে তার বৈজ্ঞানিক কারণ হলো: আমাদের শরীর কাজ করার শক্তি পায় রক্তের গ্লুকোজ থেকে। কিন্তু ডায়াবেটিস হলে ইনসুলিনের অভাবে বা ইনসুলিন ঠিকমতো কাজ না করার কারণে এই গ্লুকোজ কোষের ভেতরে প্রবেশ করতে পারে না। ফলে শরীরের কোষগুলো শক্তির অভাবে ভুগতে থাকে। বেঁচে থাকার জন্য শরীর তখন বাধ্য হয়ে জমানো ফ্যাট (Fat) এবং মাংসপেশি (Muscle) ভাঙতে শুরু করে, যার কারণে খুব দ্রুত ওজন কমতে থাকে। এর পাশাপাশি, রক্তে গ্লুকোজ অনেক বেড়ে গেলে তা প্রস্রাবের সাথে বেরিয়ে যায় (যাকে চিকিৎসাবিজ্ঞানের ভাষায় Glycosuria বলা হয়), ফলে শরীর প্রচুর ক্যালরি হারায়।

ডায়াবেটিস সন্দেহে আপনার যা করণীয়:
    ১. রক্ত পরীক্ষা করা: দ্রুত একজন চিকিৎসকের পরামর্শ নিন এবং ডায়াবেটিস নির্ণয়ের জন্য 'ফাস্টিং ব্লাড সুগার' (Fasting Blood Sugar) এবং 'HbA1c' পরীক্ষা করান। 
    ২. অন্যান্য কারণ বিবেচনা করা: মনে রাখবেন, হঠাৎ ওজন কমে যাওয়া শুধু ডায়াবেটিসের কারণেই নয়, বরং থাইরয়েডের সমস্যা (যেমন Hyperthyroidism) বা অন্যান্য শারীরিক কারণেও হতে পারে। তাই সঠিক রোগ নির্ণয় (Diagnosis) অত্যন্ত জরুরি। 
    ৩. অন্যান্য লক্ষণ খেয়াল করা: ওজন কমার পাশাপাশি আপনার কি খুব বেশি পিপাসা লাগছে (Polydipsia), বারবার প্রস্রাব হচ্ছে (Polyuria) বা অতিরিক্ত ক্লান্তি বোধ হচ্ছে? এগুলো থাকলে ডায়াবেটিসের সম্ভাবনা আরও প্রবল হয়।

সতর্কীকরণ: আমি একটি এআই (AI) অ্যাসিস্ট্যান্ট বা কৃত্রিম বুদ্ধিমত্তা। এই পরামর্শ শুধুমাত্র সাধারণ তথ্য ও সচেতনতার জন্য প্রদান করা হয়েছে এবং এটি কোনোভাবেই একজন বিশেষজ্ঞ চিকিৎসকের সরাসরি ক্লিনিক্যাল পরামর্শের বিকল্প নয়। যেকোনো স্বাস্থ্যগত সিদ্ধান্ত নেওয়ার আগে অবশ্যই আপনার চিকিৎসকের সাথে কথা বলুন। সুস্থ থাকুন।

সূত্র:
[National Guidelines on Diabetes Mellitus 2023, Chapter 1, Section 1.6]"
BanglaDiaRAG,28,2,Symptoms and early detection,"হঠাৎ করে ওজন কমে যাচ্ছে, এটা কি ডায়াবেটিসের কারণে হতে পারে?","আদাব। কোনো চেষ্টা ছাড়াই হঠাৎ করে ওজন কমতে থাকা অবশ্যই শরীরের একটি গুরুত্বপূর্ণ সতর্কবার্তা এবং এটি নিশ্চিতভাবেই ডায়াবেটিসের একটি সুপরিচিত লক্ষণ। ডায়াবেটিস হলে শরীর যখন রক্তের গ্লুকোজকে স্বাভাবিক প্রক্রিয়ায় ব্যবহার করতে ব্যর্থ হয়, তখনই এই ধরনের অনাকাঙ্ক্ষিত ওজন হ্রাসের ঘটনা ঘটে।
এর পেছনের মূল মেকানিজমটি হলো 'সেলুলার স্টারভেশন' বা কোষ পর্যায়ে অনাহার। যখন রক্তের চিনি কোষে ঢুকতে পারে না, তখন কোষগুলো মস্তিষ্ককে সংকেত দেয় যে তারা শক্তি পাচ্ছে না। তখন শরীর বিকল্প শক্তির উৎস হিসেবে ফ্যাট স্টোর এবং প্রোটিন বা পেশি পোড়াতে শুরু করে। এর ফলে আপনি হয়তো স্বাভাবিক বা তার চেয়েও বেশি খাবার খাচ্ছেন (Polyphagia), তবুও আপনার ওজন ক্রমাগত কমতে থাকে।

এই পরিস্থিতিতে আপনার করণীয় পদক্ষেপগুলো হলো:
    ১. দেরি না করা: যেহেতু আপনার ওজন কমে যাচ্ছে, তাই এটি ইঙ্গিত দেয় যে শরীর বর্তমানে একটি মেটাবলিক স্ট্রেসের (Metabolic stress) মধ্যে আছে। দ্রুত একটি গ্লুকোমিটার দিয়ে বা প্যাথলজি ল্যাবে গিয়ে ব্লাড সুগার মেপে নিন। 
    ২. চিকিৎসকের শরণাপন্ন হওয়া: একজন এন্ডোক্রাইনোলজিস্ট (Endocrinologist) বা মেডিসিন বিশেষজ্ঞের অ্যাপয়েন্টমেন্ট নিন। তিনি আপনার লক্ষণগুলো বিশ্লেষণ করে প্রয়োজনীয় ব্লাড প্যানেল (Blood panel) বা পরীক্ষা-নিরীক্ষা দেবেন, যা নিশ্চিত করবে সমস্যাটি ডায়াবেটিস নাকি অন্য কোনো হরমোনজনিত সমস্যা। 
    ৩. খাদ্যাভ্যাস ও জীবনযাত্রা: রিপোর্ট না আসা পর্যন্ত খুব বেশি দুশ্চিন্তা করবেন না, তবে পরিমিত সুষম খাবার (Balanced diet) গ্রহণ করুন এবং পর্যাপ্ত পানি পান করুন।
প্রাথমিক পর্যায়ে রোগ ধরা পড়লে এবং সঠিক চিকিৎসা শুরু করলে এই হারানো ওজন পুনরায় ফিরে পাওয়া এবং সুস্থ জীবনযাপন করা সম্পূর্ণ সম্ভব।
সতর্কীকরণ: আমি একটি এআই (AI) অ্যাসিস্ট্যান্ট বা কৃত্রিম বুদ্ধিমত্তা। এই পরামর্শ শুধুমাত্র সাধারণ তথ্য ও সচেতনতার জন্য প্রদান করা হয়েছে এবং এটি কোনোভাবেই একজন বিশেষজ্ঞ চিকিৎসকের সরাসরি ক্লিনিক্যাল পরামর্শের বিকল্প নয়। যেকোনো স্বাস্থ্যগত সিদ্ধান্ত নেওয়ার আগে অবশ্যই আপনার চিকিৎসকের সাথে কথা বলুন। সুস্থ থাকুন।

সূত্র:
[National Guidelines on Diabetes Mellitus 2023, Chapter 1, Section 1.6]"
BanglaDiaRAG,29,1,Symptoms and early detection,"সব সময় ক্লান্ত লাগে, এটা কি ডায়াবেটিসের লক্ষণ?","আসসালামুআলাইকুম। আপনার বর্ণনা অনুযায়ী সব সময় অতিরিক্ত ক্লান্তি বা দুর্বলতা অনুভব করা ডায়াবেটিসের একটি অন্যতম প্রচলিত এবং গুরুত্বপূর্ণ প্রাথমিক লক্ষণ। চিকিৎসাবিজ্ঞানের ভাষায়, শরীর যখন তার প্রধান শক্তির উৎস গ্লুকোজকে সঠিকভাবে ব্যবহার করতে পারে না, তখন রোগীর মধ্যে এই ধরনের দীর্ঘস্থায়ী ক্লান্তি বা অবসাদগ্রস্ততা দেখা দেয়। ন্যাশনাল গাইডলাইন অনুযায়ী, টাইপ-১ এবং টাইপ-২ উভয় ধরনের ডায়াবেটিসের ক্ষেত্রেই সাধারণ বা প্রাথমিক লক্ষণ হিসেবে শরীরের এই অতিরিক্ত ক্লান্তি প্রকাশ পেতে পারে। 
ডায়াবেটিসে কেন এমন অতিরিক্ত ক্লান্তি লাগে এবং আপনার করণীয় কী, তা নিচের ক্লিনিক্যাল ব্যাখ্যা থেকে বুঝে নেওয়া প্রয়োজন:

ক্লান্তির পেছনের শারীরিক কারণ (Insulin Resistance): আমরা যে খাবার খাই, তা পরিপাক হয়ে গ্লুকোজে রূপান্তরিত হয় এবং রক্তের মাধ্যমে শরীরের কোষগুলোতে পৌঁছায়। কোষগুলো ইনসুলিন হরমোনের সাহায্যে এই গ্লুকোজকে শক্তি হিসেবে ব্যবহার করে। কিন্তু ডায়াবেটিস হলে শরীরে হয় পর্যাপ্ত ইনসুলিন তৈরি হয় না, অথবা কোষগুলো ইনসুলিনের প্রতি বাধাদানকারী বা 'রেজিস্ট্যান্ট' (Insulin Resistance) হয়ে পড়ে। এর ফলে রক্তে গ্লুকোজের মাত্রা অনেক বেশি থাকা সত্ত্বেও কোষগুলো তাদের প্রয়োজনীয় শক্তি পায় না। শক্তির এই তীব্র অভাবের কারণেই আপনি অল্প পরিশ্রমে বা কোনো কারণ ছাড়াই সারাক্ষণ প্রচণ্ড ক্লান্ত ও দুর্বল বোধ করেন। 

ডায়াবেটিসের অন্যান্য আনুষঙ্গিক লক্ষণ: ক্লান্তির পাশাপাশি আপনার শরীরে ডায়াবেটিসের অন্যান্য প্রচলিত লক্ষণগুলো আছে কি না, তা খেয়াল করা জরুরি:
পলিইউরিয়া ও পলিডিপসিয়া: ঘন ঘন বা বারবার প্রস্রাব হওয়া এবং অতিরিক্ত বা অস্বাভাবিক তৃষ্ণা পাওয়া। 
পলিফাজিয়া ও ওজন হ্রাস: অতিরিক্ত ক্ষুধা লাগা সত্ত্বেও কোনো কারণ বা চেষ্টা ছাড়াই শরীরের ওজন দ্রুত কমে যাওয়া। 
অস্বাভাবিক লক্ষণ: শরীরের কোথাও কোনো ক্ষত বা ইনফেকশন হলে তা সহজে না শুকানো বা সেরে উঠতে দেরি হওয়া এবং দৃষ্টিশক্তি ঝাপসা হয়ে যাওয়া। 

আপনার করণীয় পদক্ষেপ: সারাক্ষণ ক্লান্ত লাগা মানেই যে নিশ্চিতভাবে ডায়াবেটিস হয়েছে তা নয়, কারণ রক্তশূন্যতা (Anemia), থাইরয়েডের সমস্যা বা অন্যান্য শারীরিক কারণেও এমন হতে পারে। তবে ঝুঁকি এড়াতে দেরি না করে অবিলম্বে একজন চিকিৎসকের সাথে পরামর্শ করুন এবং রক্তে গ্লুকোজের মাত্রা পরীক্ষা করান। আপনার অন্তত 'ফাস্টিং ব্লাড সুগার' (Fasting Blood Sugar), 'খাবার দুই ঘণ্টা পরের সুগার' (PPBG) অথবা তিন মাসের গড় সুগার 'HbA1c' পরীক্ষা করা অত্যন্ত জরুরি। প্রাথমিক পর্যায়ে রোগ শনাক্ত হলে সঠিক খাদ্যাভ্যাস ও চিকিৎসায় এই ক্লান্তি সহজেই দূর করা সম্ভব। 

সতর্কীকরণ: আমি একজন এআই সহকারী। এই পরামর্শ শুধুমাত্র সাধারণ তথ্যের জন্য প্রদান করা হয়েছে এবং এটি কোনোভাবেই একজন বিশেষজ্ঞ চিকিৎসকের সরাসরি ক্লিনিক্যাল পরামর্শ বা নির্দেশনার বিকল্প নয়। যেকোনো স্বাস্থ্যগত সিদ্ধান্ত নেওয়ার আগে অবশ্যই আপনার চিকিৎসকের সাথে কথা বলুন। সুস্থ থাকুন, ভালো থাকুন।

সূত্র:
[National Guidelines on Diabetes Mellitus 2023, Chapter 1, Section 1.6]
[National Guidelines on Diabetes Mellitus 2023, Chapter 2, Section 2.1.2]"
BanglaDiaRAG,29,2,Symptoms and early detection,"সব সময় ক্লান্ত লাগে, এটা কি ডায়াবেটিসের লক্ষণ?","আদাব। কোনো ভারী পরিশ্রম ছাড়াই সারাক্ষণ অতিরিক্ত ক্লান্ত বা দুর্বল বোধ করা ডায়াবেটিসের একটি অত্যন্ত পরিচিত এবং শক্তিশালী সংকেত। ন্যাশনাল গাইডলাইন অন ডায়াবেটিস মেলিটাস ২০২৩ অনুযায়ী, শরীরে সাধারণ দুর্বলতা বা অল্প পরিশ্রমে অত্যধিক ক্লান্ত হয়ে পড়া ডায়াবেটিস শনাক্তকরণের অন্যতম প্রধান উপসর্গ। রক্তে চিনির মাত্রা স্বাভাবিকের চেয়ে বেশি থাকা সত্ত্বেও শরীর যখন তা থেকে প্রয়োজনীয় শক্তি উৎপাদন করতে ব্যর্থ হয়, তখনই রোগীর মধ্যে এমন তীব্র অবসাদ ও ক্লান্তি নেমে আসে। 
আপনার এই শারীরিক ক্লান্তিকে গুরুত্ব সহকারে নেওয়ার পেছনের বৈজ্ঞানিক কারণ ও প্রয়োজনীয় পদক্ষেপ নিচে দেওয়া হলো:

কোষে শক্তির অভাব ও পানিশূন্যতা: ডায়াবেটিস হলে রক্তের গ্লুকোজ কোষে প্রবেশ করে শক্তি তৈরি করতে পারে না; বদলে তা রক্তেই জমা হতে থাকে। কোষগুলো শক্তি থেকে বঞ্চিত হওয়ায় শরীর সারাক্ষণ ক্লান্ত ও নিস্তেজ হয়ে পড়ে। এছাড়া রক্তে অতিরিক্ত গ্লুকোজ জমলে কিডনি তা প্রস্রাবের সাথে বের করে দেওয়ার চেষ্টা করে, যার ফলে ঘন ঘন প্রস্রাব হয় এবং শরীর থেকে প্রচুর পানি বেরিয়ে যায়। এই পানিশূন্যতা বা ডিহাইড্রেশনের কারণেও রোগীর শারীরিক ক্লান্তি ও দুর্বলতা আরও বহুগুণ বেড়ে যায়। 

অন্যান্য সতর্কতাসংকেত বিবেচনা: শুধুমাত্র ক্লান্তিই নয়, এর পাশাপাশি আপনার শরীরে ডায়াবেটিসের আরও কিছু ক্লাসিক বা প্রচলিত লক্ষণ প্রকাশ পাচ্ছে কি না তা মিলিয়ে দেখুন:
অস্বাভাবিক বা অতিরিক্ত তৃষ্ণা পাওয়া এবং বারবার পানি পান করা। 
স্বাভাবিকের চেয়ে ক্ষুধা বেশি লাগা কিন্তু তা সত্ত্বেও অকারণে শরীরের ওজন হ্রাস পাওয়া। 
শরীরের কোনো কাটা-ছেঁড়া বা ক্ষত শুকাতে স্বাভাবিকের চেয়ে বেশি সময় লাগা বা দেরি হওয়া। 
চোখের দৃষ্টি সাময়িকভাবে ঝাপসা বা অস্পষ্ট হয়ে যাওয়া। 

চিকিৎসকের পরামর্শ ও পরীক্ষা: অবহেলা না করে আজই আপনার রক্ত পরীক্ষা করার সিদ্ধান্ত নিন। একটি গ্লুকোমিটার বা ডায়াগনস্টিক ল্যাবের মাধ্যমে খালি পেটে এবং খাবার খাওয়ার পরের রক্তের সুগার পরীক্ষা করুন। এই পরীক্ষাগুলো নিজে করার পাশাপাশি একজন চিকিৎসকের শরণাপন্ন হোন। তিনি আপনার শারীরিক অবস্থা বিবেচনা করে নিশ্চিত করবেন এই ক্লান্তির মূল কারণ ডায়াবেটিস কি না। যদি ডায়াবেটিস প্রমাণিতও হয়, তবুও ভয় পাবেন না—প্রাথমিক পর্যায়ে ধরা পড়লে সঠিক খাদ্যাভ্যাস, পরিমিত ব্যায়াম এবং জীবনযাত্রার পরিবর্তনের মাধ্যমে এটি খুব সহজেই নিয়ন্ত্রণ করা সম্ভব। 

সতর্কীকরণ: আমি একজন এআই সহকারী। এই পরামর্শ শুধুমাত্র সাধারণ তথ্যের জন্য প্রদান করা হয়েছে এবং এটি কোনোভাবেই একজন বিশেষজ্ঞ চিকিৎসকের সরাসরি ক্লিনিক্যাল পরামর্শ বা নির্দেশনার বিকল্প নয়। যেকোনো স্বাস্থ্যগত সিদ্ধান্ত নেওয়ার আগে অবশ্যই আপনার চিকিৎসকের সাথে কথা বলুন। সুস্থ থাকুন, ভালো থাকুন।

সূত্র:
[National Guidelines on Diabetes Mellitus 2023, Chapter 1, Section 1.6]
[National Guidelines on Diabetes Mellitus 2023, Chapter 2, Section 2.1.2]"
BanglaDiaRAG,30,1,Symptoms and early detection,"চোখে ঝাপসা দেখা যাচ্ছে, এটা কি ডায়াবেটিস হওয়ার কারণে হয়েছে?","আসসালামু আলাইকুম। চোখে ঝাপসা দেখা বা দৃষ্টিশক্তিতে পরিবর্তন আসা ডায়াবেটিসের একটি অন্যতম পরিচিত লক্ষণ হতে পারে। অনেক সময় ডায়াবেটিস শনাক্ত হওয়ার আগেই বা অনিয়ন্ত্রিত ডায়াবেটিসের কারণে রোগীদের মধ্যে এই সমস্যা দেখা যায়।
এর পেছনের মূল কারণ হলো, রক্তে গ্লুকোজের মাত্রা হঠাৎ করে অনেক বেড়ে গেলে চোখের লেন্সের ভেতরে তরলের ভারসাম্য নষ্ট হয়ে যায়। এর ফলে চোখের লেন্স ফুলে যায় এবং ফোকাস করতে অসুবিধা হয়, যার কারণে চারপাশ ঝাপসা লাগে। এছাড়া দীর্ঘকাল ধরে ডায়াবেটিস অনিয়ন্ত্রিত থাকলে 'ডায়াবেটিক রেটিনোপ্যাথি' (Diabetic Retinopathy) নামক জটিলতা দেখা দিতে পারে, যা চোখের রেটিনার রক্তনালীগুলোকে ক্ষতিগ্রস্ত করে এবং দৃষ্টিশক্তিকে ব্যাহত করে।

তবে মনে রাখা প্রয়োজন, শুধু ডায়াবেটিস নয়, বয়সের কারণে চোখের ছানি (Cataract), গ্লুকোমা বা সাধারণ দৃষ্টিশক্তির সমস্যার (চশমার পাওয়ার পরিবর্তন) কারণেও চোখে ঝাপসা দেখা যেতে পারে।

আপনার যা করণীয়:
১. রক্ত পরীক্ষা: দ্রুত আপনার ব্লাড সুগার পরীক্ষা করুন। অন্তত 'ফাস্টিং ব্লাড সুগার' (Fasting Blood Sugar) এবং 'HbA1c' পরীক্ষা করে জেনে নিন আপনার ডায়াবেটিস আছে কি না। 
২. চিকিৎসকের পরামর্শ: ব্লাড সুগার বেশি থাকলে একজন ডায়াবেটিস বিশেষজ্ঞের শরণাপন্ন হোন। এর পাশাপাশি অবশ্যই একজন চক্ষু বিশেষজ্ঞ (Ophthalmologist) দিয়ে আপনার চোখ পরীক্ষা করিয়ে নিন। 
৩. নিয়ন্ত্রণ: যদি এটি কেবল সুগার বাড়ার কারণে হয়ে থাকে, তবে রক্তের গ্লুকোজ নিয়ন্ত্রণে এলে সাধারণত দৃষ্টিশক্তি আগের অবস্থায় ফিরে আসে।

সতর্কীকরণ: আমি একজন এআই সহকারী। এই পরামর্শ শুধুমাত্র সাধারণ তথ্যের জন্য প্রদান করা হয়েছে এবং এটি কোনোভাবেই একজন বিশেষজ্ঞ চিকিৎসকের সরাসরি ক্লিনিক্যাল পরামর্শ বা নির্দেশনার বিকল্প নয়। যেকোনো স্বাস্থ্যগত সিদ্ধান্ত নেওয়ার আগে অবশ্যই আপনার চিকিৎসকের সাথে কথা বলুন। সুস্থ থাকুন, ভালো থাকুন।

সূত্র:
[National Guidelines on Diabetes Mellitus 2023, Chapter 5, Section 5.1]
[National Guidelines on Diabetes Mellitus 2023, Chapter 5, Section 5.2]
[National Protocol for Management of Diabetes and Hypertension 2018-19, Retinal Exam Section]"
BanglaDiaRAG,30,2,Symptoms and early detection,"চোখে ঝাপসা দেখা যাচ্ছে, এটা কি ডায়াবেটিস হওয়ার কারণে হয়েছে?","আদাব। চোখে ঝাপসা দেখা (Blurry vision) ডায়াবেটিসের কারণে হওয়ার সম্ভাবনা রয়েছে। এটি রক্তে শর্করার মাত্রা বৃদ্ধির একটি সাধারণ এবং গুরুত্বপূর্ণ সংকেত হতে পারে, বিশেষ করে যদি এই সমস্যাটি হঠাৎ করে শুরু হয়ে থাকে।

যখন রক্তে সুগারের পরিমাণ স্বাভাবিকের চেয়ে অনেক বেশি থাকে, তখন এটি চোখের লেন্সের আকার এবং আকৃতি সাময়িকভাবে পরিবর্তন করে দেয়। লেন্সের এই পরিবর্তনের কারণে চোখ ঠিকমতো ফোকাস করতে পারে না এবং আপনি সবকিছু ঝাপসা দেখেন। এটি যদি প্রাথমিক পর্যায়ে হয় এবং আপনি যদি দ্রুত ব্লাড সুগার নিয়ন্ত্রণে নিয়ে আসতে পারেন, তবে দৃষ্টিশক্তি আবার স্বাভাবিক হয়ে যাওয়ার সম্ভাবনা থাকে। তবে অবহেলা করলে এটি চোখের স্থায়ী ক্ষতি বা রেটিনার সমস্যার (Retinopathy) দিকে মোড় নিতে পারে।

আপনার জন্য বর্তমান পরামর্শ হলো:
১. দেরি না করা: যেহেতু আপনার চোখে সমস্যা হচ্ছে, তাই দ্রুত একটি গ্লুকোমিটার বা ল্যাবের মাধ্যমে আপনার রক্তে শর্করার মাত্রা পরীক্ষা করুন। 
২. চোখ পরীক্ষা করানো: ঝাপসা দেখার কারণ কেবল ডায়াবেটিস নাও হতে পারে। তাই একজন চোখের ডাক্তারের কাছে গিয়ে চোখের রেটিনা এবং পাওয়ার চেক করানো অত্যন্ত জরুরি। 
৩. জীবনযাত্রার পরিবর্তন: পরীক্ষার ফলাফলের ভিত্তিতে চিকিৎসকের পরামর্শ অনুযায়ী সঠিক ডায়েট ও নিয়ম মেনে চলা শুরু করুন। প্রাথমিক পর্যায়ে রোগ ধরা পড়লে ভয় পাওয়ার কিছু নেই, সঠিক চিকিৎসার মাধ্যমে এটি সহজেই নিয়ন্ত্রণ করা সম্ভব।

সতর্কীকরণ: আমি একজন এআই সহকারী। এই পরামর্শ শুধুমাত্র সাধারণ তথ্যের জন্য প্রদান করা হয়েছে এবং এটি কোনোভাবেই একজন বিশেষজ্ঞ চিকিৎসকের সরাসরি ক্লিনিক্যাল পরামর্শ বা নির্দেশনার বিকল্প নয়। যেকোনো স্বাস্থ্যগত সিদ্ধান্ত নেওয়ার আগে অবশ্যই আপনার চিকিৎসকের সাথে কথা বলুন। সুস্থ থাকুন, ভালো থাকুন।

সূত্র:
[National Guidelines on Diabetes Mellitus 2023, Chapter 5, Section 5.1]
[National Guidelines on Diabetes Mellitus 2023, Chapter 5, Section 5.2]
[National Protocol for Management of Diabetes and Hypertension 2018-19, Retinal Exam Section]"
BanglaDiaRAG,31,1,Symptoms and early detection,"শরীরে ক্ষত হলে দেরিতে শুকায়, এটা কি ডায়াবেটিসের লক্ষণ?","আসসালামু আলাইকুম। হ্যাঁ, শরীরে কোনো কাটা-ছেঁড়া বা ক্ষত শুকাতে স্বাভাবিকের চেয়ে বেশি সময় লাগা ডায়াবেটিসের অন্যতম প্রধান এবং গুরুত্বপূর্ণ একটি লক্ষণ। বিশেষ করে রক্তে গ্লুকোজের মাত্রা দীর্ঘদিন ধরে নিয়ন্ত্রণের বাইরে থাকলে এই সমস্যাটি খুব প্রকটভাবে দেখা দেয়।
এর পেছনের মূল বৈজ্ঞানিক কারণ হলো, রক্তে শর্করার মাত্রা বেশি থাকলে তা ধীরে ধীরে আমাদের শরীরের রক্তনালীগুলোকে ক্ষতিগ্রস্ত করে, যার ফলে রক্ত চলাচল বা 'ব্লাড সার্কুলেশন' (Blood circulation) ব্যাহত হয়। কোনো ক্ষত হলে সেখানে তা সারানোর জন্য পর্যাপ্ত পুষ্টি ও অক্সিজেন সমৃদ্ধ রক্ত পৌঁছাতে পারে না। এছাড়া, উচ্চ ব্লাড সুগারের কারণে আমাদের শরীরের রোগ প্রতিরোধ ক্ষমতা (Immune system) দুর্বল হয়ে পড়ে। ফলে শ্বেত রক্তকণিকা (White blood cells) ঠিকমতো কাজ করতে পারে না এবং ক্ষতস্থানে ব্যাকটেরিয়ার সংক্রমণ বা ইনফেকশনের ঝুঁকি বহুগুণ বেড়ে যায়। এর সাথে অনেক সময় 'ডায়াবেটিক নিউরোপ্যাথি' (Diabetic Neuropathy) বা স্নায়ু ক্ষতিগ্রস্ত হওয়ার কারণে রোগীরা ব্যথা টের পান না, ফলে ছোট ক্ষত অজান্তেই বড় হয়ে যায়।

আপনার এই অবস্থায় যা করণীয়:
১. রক্ত পরীক্ষা করা: দেরি না করে অবিলম্বে ব্লাড সুগার পরীক্ষা করুন। 'ফাস্টিং ব্লাড সুগার' (Fasting Blood Sugar), খাবার পরের সুগার এবং 'HbA1c' পরীক্ষা করে জেনে নিন আপনার ডায়াবেটিস আছে কি না। 
২. ক্ষতের যত্ন নেওয়া: ক্ষতস্থানটি পরিষ্কার ও শুষ্ক রাখুন। নিজে নিজে ফার্মেসি থেকে মলম কিনে লাগানোর বদলে চিকিৎসকের পরামর্শ অনুযায়ী ড্রেসিং বা অ্যান্টিবায়োটিক ব্যবহার করুন। 
৩. পায়ের যত্ন: ক্ষতটি যদি পায়ে হয়ে থাকে, তবে কোনোভাবেই অবহেলা করবেন না। খালি পায়ে হাঁটা সম্পূর্ণ বন্ধ করুন, কারণ এটি পরবর্তীতে 'ডায়াবেটিক ফুট আলসার' (Diabetic Foot Ulcer)-এর মতো জটিলতা তৈরি করতে পারে।

সতর্কীকরণ: আমি একজন এআই সহকারী। এই পরামর্শ শুধুমাত্র সাধারণ তথ্যের জন্য প্রদান করা হয়েছে এবং এটি কোনোভাবেই একজন বিশেষজ্ঞ চিকিৎসকের সরাসরি ক্লিনিক্যাল পরামর্শ বা নির্দেশনার বিকল্প নয়। যেকোনো স্বাস্থ্যগত সিদ্ধান্ত নেওয়ার আগে অবশ্যই আপনার চিকিৎসকের সাথে কথা বলুন। সুস্থ থাকুন, ভালো থাকুন।

সূত্র:
[National Guidelines on Diabetes Mellitus 2023, Chapter 1, Section 1.6]
[National Guidelines on Diabetes Mellitus 2023, Chapter 5, Section 5.1]
[National Guidelines on Diabetes Mellitus 2023, Chapter 5, Section 5.3]
[National Guidelines on Diabetes Mellitus 2023, Chapter 5, Section 5.4]"
BanglaDiaRAG,31,2,Symptoms and early detection,"শরীরে ক্ষত হলে দেরিতে শুকায়, এটা কি ডায়াবেটিসের লক্ষণ?","আদাব। জি, শরীরের কোনো ক্ষত বা ঘা শুকাতে স্বাভাবিকের চেয়ে বেশি সময় লাগা ডায়াবেটিস বা রক্তে অতিরিক্ত সুগার থাকার একটি অত্যন্ত জোরালো সংকেত। এটি নির্দেশ করে যে আপনার শরীরের স্বাভাবিক 'হিলিং প্রসেস' বা ক্ষত সারানোর মেকানিজমটি ঠিকমতো কাজ করছে না।

ডায়াবেটিস রোগীদের রক্তে গ্লুকোজ বেশি থাকার কারণে ক্ষতস্থানে সহজেই ব্যাকটেরিয়া এবং ফাঙ্গাসের বংশবৃদ্ধি ঘটে, কারণ গ্লুকোজ জীবাণুর জন্য উৎকৃষ্ট খাবার। একই সাথে, হাই ব্লাড সুগার (High blood sugar) আপনার শরীরের রক্তনালীগুলোকে সংকুচিত করে দেয়। ফলে ক্ষতস্থানে নতুন কোষ তৈরি ও মেরামতের জন্য যে নিরবচ্ছিন্ন রক্তপ্রবাহ প্রয়োজন, তা বাধাগ্রস্ত হয়। এর ফলে একটি ছোট কাটা বা আঁচড়ও শুকাতে সপ্তাহের পর সপ্তাহ লেগে যেতে পারে।

আপনার জন্য বর্তমান পদক্ষেপগুলো হলো:
১. সুগার চেক ও চিকিৎসা: প্রথম কাজই হলো ল্যাবে গিয়ে রক্তের সুগার লেভেল পরীক্ষা করা। যদি ডায়াবেটিস ধরা পড়ে, তবে দ্রুত চিকিৎসকের পরামর্শে খাদ্যাভ্যাস নিয়ন্ত্রণ ও ওষুধের মাধ্যমে তা কমিয়ে আনতে হবে। সুগার নিয়ন্ত্রণে এলে ক্ষত শুকানোর প্রক্রিয়াও স্বাভাবিক হতে শুরু করবে। 
২. ইনফেকশন নিয়ন্ত্রণ: যেহেতু ক্ষত শুকাচ্ছে না, তাই সেখানে ইনফেকশন হয়েছে কি না তা একজন চিকিৎসককে দিয়ে দেখানো জরুরি। তিনি প্রয়োজন অনুযায়ী সঠিক অ্যান্টিবায়োটিক (Antibiotic) দিতে পারবেন। 
৩. সতর্কতা: ডায়াবেটিস রোগীদের ক্ষেত্রে সবচেয়ে বেশি ঝুঁকিতে থাকে পায়ের পাতা। তাই পায়ে কোনো ক্ষত থাকলে চিকিৎসকের ক্লিয়ারেন্স না পাওয়া পর্যন্ত জুতো ছাড়া হাঁটাহাঁটি এড়িয়ে চলুন।
প্রাথমিক পর্যায়ে রোগ শনাক্ত করে সুগার নিয়ন্ত্রণে রাখতে পারলে এই ধরনের জটিলতা থেকে পুরোপুরি মুক্ত থাকা সম্ভব।

সতর্কীকরণ: আমি একজন এআই সহকারী। এই পরামর্শ শুধুমাত্র সাধারণ তথ্যের জন্য প্রদান করা হয়েছে এবং এটি কোনোভাবেই একজন বিশেষজ্ঞ চিকিৎসকের সরাসরি ক্লিনিক্যাল পরামর্শ বা নির্দেশনার বিকল্প নয়। যেকোনো স্বাস্থ্যগত সিদ্ধান্ত নেওয়ার আগে অবশ্যই আপনার চিকিৎসকের সাথে কথা বলুন। সুস্থ থাকুন, ভালো থাকুন।

সূত্র:
[National Guidelines on Diabetes Mellitus 2023, Chapter 1, Section 1.6]
[National Guidelines on Diabetes Mellitus 2023, Chapter 5, Section 5.1]
[National Guidelines on Diabetes Mellitus 2023, Chapter 5, Section 5.3]
[National Guidelines on Diabetes Mellitus 2023, Chapter 5, Section 5.4]"
BanglaDiaRAG,32,1,Symptoms and early detection,"আমার সুগার লেভেল মাঝে মাঝে বেশি হয়, মাঝে মাঝে স্বাভাবিক থাকে এটা কি ডায়াবেটিসের লক্ষন?","আসসালামুআলাইকুম। রক্তে শর্করার মাত্রা মাঝে মাঝে বেশি হওয়া এবং মাঝে মাঝে স্বাভাবিক থাকা ডায়াবেটিস বা প্রি-ডায়াবেটিসের একটি সাধারণ প্যাটার্ন হতে পারে। ব্লাড সুগার সবসময় স্থির থাকে না; খাবার, শারীরিক পরিশ্রম, ওষুধ এবং শরীরের নিজস্ব জৈবিক ছন্দের ওপর ভিত্তি করে এটি পরিবর্তনশীল। তবে আপনার সুগার লেভেল যদি প্রায়শই লক্ষ্যমাত্রার বাইরে চলে যায়, তবে তা অবশ্যই আপনার শরীরের ইনসুলিন ব্যবহারের ক্ষমতার অস্থিতিশীলতার সংকেত। 
আপনার রক্তে শর্করার এই ওঠানামার পেছনে কিছু সম্ভাব্য কারণ নিচে দেওয়া হলো:

১. প্রি-ডায়াবেটিসের লক্ষণ: আপনার শরীর যদি এখনই পূর্ণাঙ্গ ডায়াবেটিসে আক্রান্ত না হয়, তবে এটি 'প্রি-ডায়াবেটিস' (IGT বা IFG) হতে পারে। এই অবস্থায় রক্তে শর্করার মাত্রা মাঝে মাঝে স্বাভাবিক আসে কিন্তু কিছু নির্দিষ্ট পরিস্থিতিতে (যেমন: বেশি শর্করা খেলে) সুগার স্পাইক (Spike) করে। 

২. ভোরের প্রভাব (Dawn Phenomenon): অনেক রোগী খেয়াল করেন যে, একদম ভোরে (ভোর ৪টা থেকে সকাল ৮টার মধ্যে) সুগার বেড়ে যায়। দিনের শুরুর প্রস্তুতির জন্য শরীর প্রাকৃতিকভাবেই কিছু হরমোন (যেমন: কর্টিসল এবং গ্রোথ হরমোন) নিঃসরণ করে, যা লিভার থেকে গ্লুকোজ নির্গত করতে সাহায্য করে এবং ইনসুলিন রেজিস্ট্যান্স বাড়িয়ে দেয়। 

৩. অনিয়মিত রুটিন ও স্ট্রেস: খাবার ও ওষুধের সময় ঠিক না থাকলে সুগার ওঠানামা করতে পারে। এছাড়া মানসিক চাপ বা অসুস্থতার সময় শরীর 'স্ট্রেস হরমোন' নিঃসরণ করে, যা রক্তে সুগারের মাত্রা বাড়িয়ে দেয়। পর্যাপ্ত পানি পান না করলেও রক্তে গ্লুকোজের ঘনত্ব বেড়ে যেতে পারে। 

আপনার করণীয়: সুগার ওঠানামার সঠিক কারণ শনাক্ত করতে কয়েক দিনের জন্য একটি 'লগবুক' বা ডায়েরি মেইনটেইন করুন। প্রতিদিনের সুগার রিডিংয়ের পাশাপাশি কী খাবার খেয়েছেন, কতটা ব্যায়াম করেছেন এবং ওইদিন কোনো মানসিক চাপ বা অসুস্থতা ছিল কি না, তা লিখে রাখুন। এই লগবুকটি নিয়ে অবিলম্বে একজন চিকিৎসকের সাথে পরামর্শ করুন এবং প্রয়োজনে 'HbA1c' বা অন্যান্য প্রয়োজনীয় পরীক্ষা করান। 

সতর্কীকরণ: আমি একজন এআই সহকারী। এই পরামর্শ শুধুমাত্র সাধারণ তথ্যের জন্য প্রদান করা হয়েছে এবং এটি কোনোভাবেই একজন বিশেষজ্ঞ চিকিৎসকের সরাসরি ক্লিনিক্যাল পরামর্শ বা নির্দেশনার বিকল্প নয়। যেকোনো স্বাস্থ্যগত সিদ্ধান্ত নেওয়ার আগে অবশ্যই আপনার চিকিৎসকের সাথে কথা বলুন। সুস্থ থাকুন, ভালো থাকুন।

সূত্র:
[National Guidelines on Diabetes Mellitus 2023, Chapter 1, Section 1.7]
[National Guidelines on Diabetes Mellitus 2023, Chapter 3, Glycemic Control]"
BanglaDiaRAG,32,2,Symptoms and early detection,"আমার সুগার লেভেল মাঝে মাঝে বেশি হয়, মাঝে মাঝে স্বাভাবিক থাকে এটা কি ডায়াবেটিসের লক্ষন?","আদাব। রক্তে শর্করার মাত্রা মাঝে মাঝে স্বাভাবিক আবার মাঝে মাঝে বেশি হওয়া ডায়াবেটিসের লক্ষণ হিসেবে গণ্য হতে পারে, এমনকি এটি প্রি-ডায়াবেটিসেরও নির্দেশক হতে পারে। রক্তে সুগার বা গ্লুকোজের রিডিং স্বাভাবিক আসা মানেই যে আপনি সম্পূর্ণ সুস্থ, তা সবসময় সঠিক নয়। অনেক ক্ষেত্রে শরীরের ইনসুলিন ব্যবহারের ক্ষমতা দুর্বল হয়ে পড়লে সুগার লেভেল ওঠানামা (Fluctuation) করে, যা ডায়াবেটিসের একটি সতর্কবার্তা। 
আপনার ব্লাড সুগার ওঠানামার পেছনে যে ক্লিনিক্যাল কারণগুলো থাকতে পারে, তা নিচে উল্লেখ করা হলো:

শরীরের বিপাকীয় অস্থিতিশীলতা: রক্তে শর্করার মাত্রা মূলত খাবার, ওষুধ এবং শারীরিক পরিশ্রমের প্রতিক্রিয়ায় পরিবর্তিত হয়। যখন শরীর কার্যকরভাবে রক্ত থেকে গ্লুকোজ গ্রহণ করতে পারে না, তখন সামান্য অনিয়মেই সুগার বেড়ে যায় এবং নিয়ম মানলে হয়তো সাময়িকভাবে স্বাভাবিক রিডিং আসে। এই ধরনের অস্থিতিশীলতা নির্দেশ করে যে আপনার শরীরের গ্লুকোজ বিপাক প্রক্রিয়া চাপের মুখে রয়েছে। 

অন্যান্য প্রভাবকসমূহ:
অনিয়মিত জীবনযাপন: ওষুধ খেতে দেরি করা, অনিয়মিত ব্যায়াম বা অতিরিক্ত শর্করাযুক্ত খাবার গ্রহণের ফলে সুগার হঠাৎ বেড়ে যেতে পারে (Spike)। 
পানিশূন্যতা ও মানসিক চাপ: পর্যাপ্ত পানি পান না করলে রক্তের গ্লুকোজের ঘনত্ব বেড়ে যায়। আবার মানসিক চাপ বা ফ্লু, জ্বর-ইনফেকশনের মতো অসুস্থতাও রক্তে সুগার বাড়িয়ে দেয়। 

পরামর্শ: আপনার সুগার লেভেল মাঝে মাঝে স্বাভাবিক আসলেও, উচ্চ রিডিংগুলো অবশ্যই উদ্বেগের বিষয়। আপনি নিজে থেকে কোনো সিদ্ধান্তে না পৌঁছে বিষয়টি গুরুত্বের সাথে নিন। দ্রুত একজন চিকিৎসকের শরণাপন্ন হোন এবং বর্তমান শারীরিক অবস্থা যাচাইয়ের জন্য রক্ত পরীক্ষা করান। চিকিৎসক আপনার সার্বিক অবস্থা ও রিপোর্ট দেখে নিশ্চিত করতে পারবেন এটি ডায়াবেটিস কি না এবং প্রয়োজন হলে সময়মতো সঠিক খাদ্যাভ্যাস বা চিকিৎসার পরামর্শ দেবেন। 

সতর্কীকরণ: আমি একজন এআই সহকারী। এই পরামর্শ শুধুমাত্র সাধারণ তথ্যের জন্য প্রদান করা হয়েছে এবং এটি কোনোভাবেই একজন বিশেষজ্ঞ চিকিৎসকের সরাসরি ক্লিনিক্যাল পরামর্শ বা নির্দেশনার বিকল্প নয়। যেকোনো স্বাস্থ্যগত সিদ্ধান্ত নেওয়ার আগে অবশ্যই আপনার চিকিৎসকের সাথে কথা বলুন। সুস্থ থাকুন, ভালো থাকুন।

সূত্র:
[National Guidelines on Diabetes Mellitus 2023, Chapter 1, Section 1.7]
[National Guidelines on Diabetes Mellitus 2023, Chapter 3, Glycemic Control]"
BanglaDiaRAG,33,1,Special situations,ডায়াবেটিস রোগীর জন্য রমজান মাসে রোজা রেখে ইনসুলিন বা ওষুধ সমন্বয় করার সঠিক নিয়ম কী?,"আসসালামু আলাইকুম। রমজান মাসে রোজা রাখা একজন ডায়াবেটিস রোগীর জন্য অত্যন্ত গুরুত্বপূর্ণ একটি ধর্মীয় অনুষঙ্গ, তবে এর জন্য পূর্বপ্রস্তুতি এবং ওষুধের সঠিক সমন্বয় অত্যাবশ্যক। রোজা রাখার কারণে খাদ্যাভ্যাস এবং খাবারের সময়ে বড় ধরনের পরিবর্তন আসে, তাই ইনসুলিন বা ওষুধের মাত্রা আগের মতো রাখলে হাইপোগ্লাইসেমিয়া (Hypoglycemia) বা ব্লাড সুগার বিপজ্জনকভাবে কমে যাওয়ার ঝুঁকি থাকে।

রমজানে ওষুধ ও ইনসুলিন সমন্বয়ের কিছু সাধারণ নিয়মাবলি নিচে দেওয়া হলো:
ডাক্তারের পরামর্শ: রোজা শুরুর অন্তত ১-২ মাস আগে আপনার চিকিৎসকের সাথে 'প্রি-রমজান অ্যাসেসমেন্ট' (Pre-Ramadan Assessment) করা জরুরি। আপনি রোজা রাখার জন্য শারীরিকভাবে ফিট কি না এবং ওষুধের মাত্রা কী হবে, তা ডাক্তার নির্ধারণ করবেন।
ওষুধের সময় পরিবর্তন: সাধারণত নিয়ম হলো, সকালের ওষুধ বা ইনসুলিনের ডোজটি ইফতারের সময় নিতে হয়। আর রাতের ডোজটি সাহরির সময় নিতে হয়, তবে তা চিকিৎসকের পরামর্শ অনুযায়ী কিছুটা কমিয়ে (সাধারণত অর্ধেক বা তার কাছাকাছি) নিতে হয়, যাতে সারাদিন সুগার কমে না যায়।
সুগার মাপা: দিনের বেলা গ্লুকোমিটার দিয়ে রক্ত পরীক্ষা করলে রোজা ভাঙে না। তাই যেকোনো খারাপ লাগায় ব্লাড সুগার চেক করুন। সুগার ৩.৯ মিলি মোল/লিটার (70 mg/dL)-এর নিচে নেমে গেলে বিপদমুক্ত হওয়ার জন্য সাথে সাথে রোজা ভেঙে ফেলা উচিত।

সতর্কীকরণ: আমি একজন এআই সহকারী। এই পরামর্শ শুধুমাত্র সাধারণ তথ্যের জন্য প্রদান করা হয়েছে এবং এটি কোনোভাবেই একজন বিশেষজ্ঞ চিকিৎসকের সরাসরি ক্লিনিক্যাল পরামর্শ বা নির্দেশনার বিকল্প নয়। যেকোনো স্বাস্থ্যগত সিদ্ধান্ত নেওয়ার আগে অবশ্যই আপনার চিকিৎসকের সাথে কথা বলুন। সুস্থ থাকুন, ভালো থাকুন।

সূত্র:
[National Guidelines on Diabetes Mellitus 2023, Chapter 4, Section 4.1.1]
[National Guidelines on Diabetes Mellitus 2023, Chapter 6, Section 6.6.2]
[National Guidelines on Diabetes Mellitus 2023, Chapter 6, Table 6.8]
[National Guidelines on Diabetes Mellitus 2023, Chapter 6, Table 6.9]"
BanglaDiaRAG,33,2,Special situations,ডায়াবেটিস রোগীর জন্য রমজান মাসে রোজা রেখে ইনসুলিন বা ওষুধ সমন্বয় করার সঠিক নিয়ম কী?,"আদাব। ডায়াবেটিস নিয়ে রোজা রাখতে হলে ইনসুলিন এবং মুখে খাওয়ার ওষুধের সময়সূচি ও মাত্রায় পরিবর্তন আনা বাধ্যতামূলক। যেহেতু রোজা অবস্থায় দীর্ঘসময় না খেয়ে থাকতে হয়, তাই ওষুধের সঠিক সমন্বয় না হলে রোগীর মারাত্মক স্বাস্থ্যঝুঁকি, বিশেষ করে হাইপোগ্লাইসেমিয়া (রক্তে সুগার কমে যাওয়া) হতে পারে।

রোজা রেখে সুস্থ থাকার জন্য নিচের নিয়মগুলো অনুসরণ করা অত্যন্ত গুরুত্বপূর্ণ:
ইফতার ও সাহরির ডোজ: রমজান মাসে ইফতারের সময়টিকে সকালের মূল খাবার হিসেবে ধরা হয়, তাই সকালের ওষুধের সম্পূর্ণ ডোজটি ইফতারে নিতে হয়। সাহরির সময় রাতের ডোজটি নিতে হয়, তবে সারাদিনের উপবাসের কথা মাথায় রেখে এই ডোজটি ডাক্তাররা বেশ কিছুটা কমিয়ে দেন।
সাহরি বাদ না দেওয়া: কোনোভাবেই সাহরি না খেয়ে রোজা রাখা যাবে না। ইনসুলিন গ্রহণকারী রোগীদের জন্য এটি আরও বেশি ঝুঁকিপূর্ণ। সাহরি একদম শেষ সময়ে, অর্থাৎ আজানের ঠিক আগে করা উচিত।
জরুরি অবস্থায় রোজা ভাঙা: যদি দিনের বেলায় অতিরিক্ত ঘাম, বুক ধড়ফড় বা কাঁপুনি অনুভব করেন, তবে অবিলম্বে ব্লাড সুগার পরীক্ষা করুন। সুগার অতিরিক্ত কমে গেলে ধর্মীয় ও চিকিৎসাবিজ্ঞানের বিধান অনুযায়ী জীবনরক্ষার্থে দ্রুত রোজা ভেঙে গ্লুকোজ বা মিষ্টি জাতীয় কিছু খেয়ে নেওয়া উচিত।
নিজে ওষুধ সমন্বয় না করা: কখনোই নিজের ইচ্ছায় ইনসুলিন বা ওষুধের মাত্রা কমাবেন বা বাড়াবেন না। অবশ্যই আপনার এন্ডোক্রাইনোলজিস্টের পরামর্শ নিয়ে নতুন প্রেসক্রিপশন তৈরি করে নেবেন।

সতর্কীকরণ: আমি একজন এআই সহকারী। এই পরামর্শ শুধুমাত্র সাধারণ তথ্যের জন্য প্রদান করা হয়েছে এবং এটি কোনোভাবেই একজন বিশেষজ্ঞ চিকিৎসকের সরাসরি ক্লিনিক্যাল পরামর্শ বা নির্দেশনার বিকল্প নয়। যেকোনো স্বাস্থ্যগত সিদ্ধান্ত নেওয়ার আগে অবশ্যই আপনার চিকিৎসকের সাথে কথা বলুন। সুস্থ থাকুন, ভালো থাকুন।

সূত্র:
[National Guidelines on Diabetes Mellitus 2023, Chapter 4, Section 4.1.1]
[National Guidelines on Diabetes Mellitus 2023, Chapter 6, Section 6.6.2]
[National Guidelines on Diabetes Mellitus 2023, Chapter 6, Table 6.8]
[National Guidelines on Diabetes Mellitus 2023, Chapter 6, Table 6.9]"
BanglaDiaRAG,34,1,Special situations,গর্ভাবস্থায় ডায়াবেটিস কেন হয় বা হলে কি তা বাচ্চার ক্ষতি করতে পারে?,"আসসালামু আলাইকুম। গর্ভাবস্থায় ডায়াবেটিস হওয়াকে চিকিৎসাবিজ্ঞানের ভাষায় 'জেস্টেশনাল ডায়াবেটিস মেলিটাস' (Gestational Diabetes Mellitus বা GDM) বলা হয়। এটি গর্ভাবস্থার একটি অন্যতম পরিচিত জটিলতা, যা মা এবং শিশু উভয়ের জন্যই ঝুঁকিপূর্ণ হতে পারে যদি সঠিক সময়ে নিয়ন্ত্রণ করা না হয়।

গর্ভাবস্থায় ডায়াবেটিস কেন হয় এবং বাচ্চার ওপর এর প্রভাব নিচে ব্যাখ্যা করা হলো:
ডায়াবেটিস হওয়ার কারণ: গর্ভাবস্থায় মায়ের জরায়ুতে থাকা প্লাসেন্টা (গর্ভফুল) থেকে বেশ কিছু হরমোন নিঃসৃত হয়, যা গর্ভস্থ শিশুর বৃদ্ধিতে সাহায্য করে। কিন্তু এই হরমোনগুলো অনেক সময় মায়ের শরীরে ইনসুলিনের স্বাভাবিক কার্যকারিতা কমিয়ে দেয় (যাকে Insulin Resistance বলা হয়)। এই ঘাটতি পূরণের জন্য মায়ের অগ্ন্যাশয়কে অতিরিক্ত ইনসুলিন তৈরি করতে হয়। যখন অগ্ন্যাশয় পর্যাপ্ত ইনসুলিন তৈরি করতে ব্যর্থ হয়, তখনই রক্তে গ্লুকোজের মাত্রা বেড়ে যায় এবং জেস্টেশনাল ডায়াবেটিস দেখা দেয়।
বাচ্চার ওপর প্রভাব: মায়ের রক্তে সুগার বেশি থাকলে অতিরিক্ত গ্লুকোজ প্লাসেন্টা ভেদ করে বাচ্চার শরীরে প্রবেশ করে। এর ফলে বাচ্চার ওজন স্বাভাবিকের চেয়ে অনেক বেশি বেড়ে যেতে পারে (যাকে Macrosomia বলা হয়), যা নরমাল ডেলিভারিকে কঠিন ও ঝুঁকিপূর্ণ করে তোলে। এর ফলে প্রসবকালীন সময়ে সিজারিয়ান অপারেশনের প্রয়োজনীয়তা বহুগুণ বৃদ্ধি পেতে পারে।

আপনার করণীয় ও আধুনিক চিকিৎসা:
ভয় পাওয়ার কিছু নেই। গর্ভাবস্থার প্রথম ৩ মাসের (১ম ট্রাইমেস্টার) মধ্যেই ল্যাবে গিয়ে ৭৫ গ্রাম কাঁচা চিনি বা মিছরি গলানো পানি খেয়ে ওজিটিটি (OGTT) পরীক্ষা করিয়ে সুগার চেক করা বাধ্যতামূলক। ডায়াবেটিস ধরা পড়লে চিকিৎসকের পরামর্শ অনুযায়ী সঠিক ডায়েট (Diet) ও নিয়ম মেনে চললে এটি নিয়ন্ত্রণে রাখা সম্ভব। যদি খাদ্য নিয়ন্ত্রণে কাজ না হয়, তবে বর্তমানে ইনসুলিন ইনজেকশনের সুনির্দিষ্ট বিকল্প হিসেবে মায়ের পেটের ওপর বিশেষ এক ধরণের নিরাপদ ""আল্ট্রাসাউন্ড লাইট থেরাপি"" দেওয়া হয়, যা প্যানক্রিয়াসকে সচল করে মা ও বাচ্চা উভয়কেই সম্পূর্ণ সুরক্ষিত রাখে।

সতর্কীকরণ: আমি একজন এআই সহকারী। এই পরামর্শ শুধুমাত্র সাধারণ তথ্যের জন্য প্রদান করা হয়েছে এবং এটি কোনোভাবেই একজন বিশেষজ্ঞ চিকিৎসকের সরাসরি ক্লিনিক্যাল পরামর্শ বা নির্দেশনার বিকল্প নয়। যেকোনো স্বাস্থ্যগত সিদ্ধান্ত নেওয়ার আগে অবশ্যই আপনার চিকিৎসকের সাথে কথা বলুন। সুস্থ থাকুন, ভালো থাকুন।

সূত্র:
[National Guidelines on Diabetes Mellitus 2023, Chapter 3, Section 3.3.1]
[National Guidelines on Diabetes Mellitus 2023, Chapter 6, Section 6.1]
[National Guidelines on Diabetes Mellitus 2023, Chapter 6, Section 6.1.1]"
BanglaDiaRAG,34,2,Special situations,গর্ভাবস্থায় ডায়াবেটিস কেন হয় বা হলে কি তা বাচ্চার ক্ষতি করতে পারে?,"আদাব। গর্ভাবস্থায় ডায়াবেটিস বা 'জেস্টেশনাল ডায়াবেটিস' হওয়া বর্তমান সময়ে খুবই সাধারণ একটি বিষয়। গর্ভাবস্থায় মায়েদের শরীরে ব্যাপক হরমোনগত পরিবর্তন আসে, যা সরাসরি রক্তের শর্করার মাত্রাকে প্রভাবিত করে।

এই সমস্যার পেছনের কারণ এবং বাচ্চার ওপর এর প্রভাব সম্পর্কে কিছু গুরুত্বপূর্ণ তথ্য নিচে দেওয়া হলো:
কেন হয়: গর্ভাবস্থায় শিশুর পুষ্টি ও বৃদ্ধির জন্য মায়ের শরীর যে হরমোনগুলো তৈরি করে, সেগুলো অনেক সময় ইনসুলিনের কাজে বাধা দেয় (Insulin Resistance)। এর ফলে মায়ের শরীর চিনি বা গ্লুকোজকে ঠিকমতো ভাঙতে পারে না এবং রক্তে সুগারের মাত্রা বেড়ে যায়। যাদের ওজন বেশি, পরিবারে ডায়াবেটিসের ইতিহাস আছে, বা যাদের বয়স একটু বেশি, তাদের ক্ষেত্রে এই ঝুঁকি তুলনামূলক বেশি থাকে।
বাচ্চার ক্ষতি হওয়ার সম্ভাবনা: অনিয়ন্ত্রিত জেস্টেশনাল ডায়াবেটিস শিশুর ওপর সরাসরি ক্ষতিকর প্রভাব ফেলতে পারে। মায়ের সুগার বেশি থাকলে শিশুর অগ্ন্যাশয় অতিরিক্ত ইনসুলিন তৈরি করে, ফলে শিশু আকারে অনেক বড় ও বেশি ওজনের হয়ে যায়। এর কারণে সময়ের আগেই ডেলিভারি (Preterm birth) বা সিজারিয়ান ডেলিভারির প্রয়োজন হতে পারে। এছাড়া জন্মের পর শিশুর রক্তে গ্লুকোজ কমে যাওয়া এবং ভবিষ্যতে শিশুর টাইপ-২ ডায়াবেটিস বা স্থূলতার ঝুঁকি অনেক বেড়ে যায়।

সুরক্ষিত থাকতে যা করবেন: প্রথমত, আপনার গাইনোকোলজিস্ট এবং একজন ডায়াবেটিস বিশেষজ্ঞের (Endocrinologist) যৌথ তত্ত্বাবধানে চিকিৎসা নিন। গর্ভাবস্থায় মুখে খাওয়ার ডায়াবেটিসের ওষুধ সাধারণত দেওয়া হয় না, তাই সুগার নিয়ন্ত্রণে ইনসুলিন ব্যবহার সবচেয়ে নিরাপদ এবং কার্যকরী। এর পাশাপাশি মিষ্টিজাতীয় খাবার এড়িয়ে চলা এবং চিকিৎসকের নির্দেশিত সুষম খাদ্যাভ্যাস মেনে চলা অত্যন্ত জরুরি।

সতর্কীকরণ: আমি একজন এআই সহকারী। এই পরামর্শ শুধুমাত্র সাধারণ তথ্যের জন্য প্রদান করা হয়েছে এবং এটি কোনোভাবেই একজন বিশেষজ্ঞ চিকিৎসকের সরাসরি ক্লিনিক্যাল পরামর্শ বা নির্দেশনার বিকল্প নয়। যেকোনো স্বাস্থ্যগত সিদ্ধান্ত নেওয়ার আগে অবশ্যই আপনার চিকিৎসকের সাথে কথা বলুন। সুস্থ থাকুন, ভালো থাকুন।

সূত্র:
[National Guidelines on Diabetes Mellitus 2023, Chapter 3, Section 3.3.1]
[National Guidelines on Diabetes Mellitus 2023, Chapter 6, Section 6.1]
[National Guidelines on Diabetes Mellitus 2023, Chapter 6, Section 6.1.1]"
BanglaDiaRAG,35,1,Special situations,আমার বাবা-মায়ের ডায়াবেটিস আছে আমার হওয়ার সম্ভাবনা কতটুকু?,"আসসালামু আলাইকুম। আপনার বাবা-মায়ের ডায়াবেটিস থাকলে আপনার ডায়াবেটিস হওয়ার ঝুঁকি সাধারণ মানুষের তুলনায় বেশ খানিকটা বেশি। চিকিৎসাবিজ্ঞানের ভাষায় একে 'জেনেটিক প্রি-ডিসপজিশন' (Genetic predisposition) বা বংশগত প্রবণতা বলা হয়। বিশেষ করে টাইপ-২ ডায়াবেটিসের ক্ষেত্রে এই বংশগত প্রভাব অত্যন্ত শক্তিশালী। বাবা অথবা মা যেকোনো একজনের ডায়াবেটিস থাকলে ঝুঁকি অনেকটাই বাড়ে, আর দুজনেরই থাকলে এই ঝুঁকি প্রায় ৫০ থেকে ৭০ শতাংশ পর্যন্ত হতে পারে।

তবে একটি বিষয় পরিষ্কার করে জানা প্রয়োজন, বংশে ডায়াবেটিস থাকলেই যে আপনার নিশ্চিতভাবে ডায়াবেটিস হবে, এমন কোনো কথা নেই। চিকিৎসাবিজ্ঞানে একটি বহুল প্রচলিত কথা আছে— জিনগত কারণটি হলো 'বন্দুকের গুলির' মতো, আর আপনার জীবনযাত্রা বা 'লাইফস্টাইল' হলো 'ট্রিগার'। অর্থাৎ, আপনার জিনগত ঝুঁকি থাকলেও তা তখনই প্রকাশ পাবে, যখন আপনার জীবনযাত্রা অস্বাস্থ্যকর হবে।

আপনার জন্য করণীয় বা প্রতিরোধের উপায়:
১. ওজন নিয়ন্ত্রণ: অতিরিক্ত ওজন বা স্থূলতা (Obesity) ডায়াবেটিসের সবচেয়ে বড় উদ্দীপক। তাই আপনার বিএমআই (BMI) স্বাভাবিক রাখার চেষ্টা করুন এবং পেটে যেন মেদ না জমে সেদিকে খেয়াল রাখুন।
২. স্বাস্থ্যকর খাদ্যাভ্যাস: রিফাইন্ড কার্বোহাইড্রেট (যেমন- সাদা ভাত, ময়দা), চিনি এবং অতিরিক্ত প্রসেসড ফুড এড়িয়ে চলুন। এর বদলে লাল চাল (ব্রাউন রাইস), প্রচুর শাকসবজি এবং ফাইবারযুক্ত সুষম খাবার (Balanced diet) গ্রহণ করুন। 
৩. নিয়মিত ব্যায়াম: প্রতিদিন অন্তত ৩০-৪৫ মিনিট ঘাম ঝরিয়ে হাঁটা বা শারীরিক পরিশ্রম করার অভ্যাস গড়ে তুলুন। 
৪. নিয়মিত স্ক্রিনিং: যেহেতু আপনার 'ফ্যামিলি হিস্ট্রি' বা পারিবারিক ইতিহাস আছে, তাই লক্ষণ না থাকলেও বছরে অন্তত একবার 'ফাস্টিং ব্লাড সুগার' (Fasting Blood Sugar) এবং 'HbA1c' পরীক্ষা করিয়ে নেওয়া বুদ্ধিমানের কাজ।

সতর্কীকরণ: আমি একজন এআই সহকারী। এই পরামর্শ শুধুমাত্র সাধারণ তথ্যের জন্য প্রদান করা হয়েছে এবং এটি কোনোভাবেই একজন বিশেষজ্ঞ চিকিৎসকের সরাসরি ক্লিনিক্যাল পরামর্শ বা নির্দেশনার বিকল্প নয়। যেকোনো স্বাস্থ্যগত সিদ্ধান্ত নেওয়ার আগে অবশ্যই আপনার চিকিৎসকের সাথে কথা বলুন। সুস্থ থাকুন, ভালো থাকুন।

সূত্র:
[National Guideline on Diabetes Mellitus 2023, Chapter 2, Section 2.1.2]
[Guideline for Type 2 Diabetes Mellitus in BD 2003, Risk Factors]"
BanglaDiaRAG,35,2,Special situations,আমার বাবা-মায়ের ডায়াবেটিস আছে আমার হওয়ার সম্ভাবনা কতটুকু?,"আদাব। আপনার বাবা-মা দুজনেরই ডায়াবেটিস থাকার অর্থ হলো, পারিবারিকভাবে বা জিনগতভাবে আপনার শরীরে ডায়াবেটিস হওয়ার একটি জোরালো প্রবণতা রয়েছে। টাইপ-২ ডায়াবেটিসের ক্ষেত্রে 'ফ্যামিলি হিস্ট্রি' (Family history) একটি অত্যন্ত গুরুত্বপূর্ণ 'রিস্ক ফ্যাক্টর' (Risk factor)।
তবে এটি জেনে আতঙ্কিত বা হতাশ হওয়ার কিছু নেই। আধুনিক চিকিৎসাবিজ্ঞান বলছে যে, শুধুমাত্র জিন (Gene) বা ডিএনএ একা ডায়াবেটিস তৈরি করতে পারে না। এর জন্য একটি অনুকূল পরিবেশ দরকার হয়, যা মূলত তৈরি হয় আমাদের অলস ও অস্বাস্থ্যকর জীবনযাত্রার কারণে। আপনি যদি শুরু থেকেই সতর্ক থাকেন, তবে এই জিনগত ঝুঁকি থাকা সত্ত্বেও আজীবন ডায়াবেটিসকে দূরে রাখা সম্ভব।

আপনার ঝুঁকি কমানোর জন্য এখনই যে পদক্ষেপগুলো নেওয়া উচিত:
১. ওজন ও ভুঁড়ি কমানো: পেটে অতিরিক্ত চর্বি জমলে তা শরীরে 'ইনসুলিন রেজিস্ট্যান্স' (Insulin Resistance) তৈরি করে, যা ডায়াবেটিসের মূল কারণ। তাই ওজন এবং কোমরের মাপ নিয়ন্ত্রণে রাখা আপনার জন্য সবচেয়ে জরুরি। 
২. খাদ্যাভ্যাস পরিবর্তন: মিষ্টিজাতীয় খাবার, কোমল পানীয় এবং অতিরিক্ত শর্করা পরিহার করুন। প্রতিদিনের খাদ্যতালিকায় প্রোটিন, স্বাস্থ্যকর ফ্যাট এবং ফাইবার সমৃদ্ধ খাবার রাখুন। 
৩. শারীরিক সক্রিয়তা (Physical Activity): একটানা বসে থাকার অভ্যাস পরিহার করুন। প্রতিদিন নিয়ম করে হাঁটার বা অ্যারোবিক ব্যায়াম (Aerobic exercise) করার অভ্যাস করুন, যা আপনার শরীরের ইনসুলিন সেনসিটিভিটি বাড়াবে। 
৪. চেকআপ: আপনার বয়স যদি ৩০-এর বেশি হয়, তবে পারিবারিক ইতিহাস থাকার কারণে আপনার নিয়মিত ব্লাড সুগার টেস্ট করানো উচিত, যাতে কোনো পরিবর্তন এলে প্রাথমিক পর্যায়েই তা ধরা পড়ে।

সতর্কীকরণ: আমি একজন এআই সহকারী। এই পরামর্শ শুধুমাত্র সাধারণ তথ্যের জন্য প্রদান করা হয়েছে এবং এটি কোনোভাবেই একজন বিশেষজ্ঞ চিকিৎসকের সরাসরি ক্লিনিক্যাল পরামর্শ বা নির্দেশনার বিকল্প নয়। যেকোনো স্বাস্থ্যগত সিদ্ধান্ত নেওয়ার আগে অবশ্যই আপনার চিকিৎসকের সাথে কথা বলুন। সুস্থ থাকুন, ভালো থাকুন।

সূত্র:
[National Guideline on Diabetes Mellitus 2023, Chapter 2, Section 2.1.2]
[Guideline for Type 2 Diabetes Mellitus in BD 2003, Risk Factors]"
BanglaDiaRAG,36,1,Special situations,ডায়াবেটিস হলে কি প্রেগনেন্সিতে কোন সমস্যা হয়?,"আসসালামুআলাইকুম। গর্ভাবস্থায় ডায়াবেটিস বা রক্তে গ্লুকোজের আধিক্য মা এবং গর্ভস্থ সন্তান উভয়ের জন্যই বিভিন্ন শারীরিক জটিলতা তৈরি করতে পারে। তবে সঠিক সময়ে রোগ শনাক্তকরণ এবং চিকিৎসকের তত্ত্বাবধানে সুশৃঙ্খল নিয়ন্ত্রণের মাধ্যমে সম্পূর্ণ সুস্থ সন্তান জন্ম দেওয়া সম্ভব। 
গর্ভাবস্থায় ডায়াবেটিসের প্রভাব এবং এর ক্লিনিক্যাল ব্যবস্থাপনা সম্পর্কে নিচের বিষয়গুলো জানা অত্যন্ত জরুরি:

ডায়াবেটিসের ধরন ও হরমোনের প্রভাব: গর্ভাবস্থায় রক্তে গ্লুকোজ বেড়ে যাওয়ার কারণ মূলত দুই ধরনের হতে পারে—আগে থেকেই থাকা ডায়াবেটিস বা প্রি-ডায়াবেটিস (Overt DM) এবং গর্ভাবস্থায় প্রথমবারের মতো দেখা দেওয়া 'জেসটেশনাল ডায়াবেটিস মেলিটাস' বা জিডিএম (GDM)। গর্ভাবস্থায় প্লাসেন্টা বা গর্ভফুল থেকে নিঃসৃত কিছু হরমোন (যেমন: বিটা এইচসিজি, হিউম্যান প্লাসেন্টাল ল্যাকটোজেন, ইস্ট্রোজেন ও প্রজেস্টেরন) শরীরে ইনসুলিনের স্বাভাবিক কাজে বাধা প্রদান করে (Insulin Resistance), যার ফলে রক্তে গ্লুকোজের মাত্রা অস্বাভাবিকভাবে বেড়ে যায়। বাংলাদেশে গর্ভবতী নারীদের মধ্যে জিডিএম-এর প্রকোপ প্রায় ১০ শতাংশ। 

মা ও শিশুর সম্ভাব্য জটিলতাসমূহ:
সন্তানের জটিলতা: রক্তে অতিরিক্ত গ্লুকোজ থাকলে গর্ভস্থ শিশুর আকার বয়সের তুলনায় অস্বাভাবিক বড় বা ৯ পাউন্ডের (প্রায় ৪ কেজি) চেয়ে বেশি হয়ে যেতে পারে, যাকে চিকিৎসাবিজ্ঞানের ভাষায় 'ম্যাক্রোসোমিয়া' (Macrosomia) বা 'LGA' (Large for Gestational Age) বলা হয়। এর ফলে স্বাভাবিক প্রসব বাধাগ্রস্ত হওয়া এবং সিজারিয়ান অপারেশনের প্রয়োজন বাড়তে পারে। এছাড়া গর্ভাবস্থার শুরুতে সুগার মারাত্মক অনিয়ন্ত্রিত থাকলে বারবার গর্ভপাত (Recurrent Abortion) হওয়ার ঝুঁকি থাকে। 
মায়ের জটিলতা: গর্ভাবস্থায় ডায়াবেটিস অনিয়ন্ত্রিত থাকলে মায়ের উচ্চ রক্তচাপ বা ব্লাড প্রেশার (Hypertension) এবং প্রসবকালীন বিভিন্ন জটিলতার ঝুঁকি বৃদ্ধি পায়। 

চিকিৎসা ও ইনসুলিনের ভূমিকা: গর্ভাবস্থায় রক্তের গ্লুকোজ কঠোরভাবে নিয়ন্ত্রণে রাখা অপরিহার্য। যদি শুধুমাত্র খাদ্যাভ্যাস পরিবর্তন (Medical Nutrition Therapy) বা মুখে খাওয়ার ওষুধ মেটফরমিন দিয়ে গ্লুকোজ আর কাঙ্ক্ষিত মাত্রায় নিয়ন্ত্রিত না হয়, তবে চিকিৎসকের নির্দেশে অবিলম্বে 'ইনসুলিন থেরাপি' (Insulin Therapy) শুরু করতে হবে। গর্ভাবস্থায় ইনসুলিন গ্রহণ করা মা ও শিশুর জন্য সম্পূর্ণ নিরাপদ এবং অপরিহার্য। 

দৈনিক পুষ্টি ব্যবস্থাপনা: ডায়াবেটিস নিয়ন্ত্রণের পাশাপাশি গর্ভবতী মায়ের প্রতিদিনের পুষ্টির চাহিদা পূরণ করা অত্যন্ত জরুরি। গাইডলাইন অনুযায়ী, গর্ভাবস্থায় প্রতিদিন দৈনিক ৩০ মিলিগ্রাম আয়রন (Iron), ১০০০ মিলিগ্রাম ক্যালসিয়াম (Calcium) এবং ০.৬ মিলিগ্রাম ফোলেট (Folate) বা ফলিক অ্যাসিড গ্রহণ করা উচিত। 

সতর্কীকরণ: আমি একজন এআই সহকারী। এই পরামর্শ শুধুমাত্র সাধারণ তথ্যের জন্য প্রদান করা হয়েছে এবং এটি কোনোভাবেই একজন বিশেষজ্ঞ চিকিৎসকের সরাসরি ক্লিনিক্যাল পরামর্শ বা নির্দেশনার বিকল্প নয়। যেকোনো স্বাস্থ্যগত সিদ্ধান্ত নেওয়ার আগে অবশ্যই আপনার চিকিৎসকের সাথে কথা বলুন। সুস্থ থাকুন, ভালো থাকুন।

সূত্র:
[National Guidelines on Diabetes Mellitus 2023, Chapter 3, Section 3.3.1]
[National Guidelines on Diabetes Mellitus 2023, Chapter 6, Section 6.1]
[National Guidelines on Diabetes Mellitus 2023, Chapter 6, Section 6.1.1]
[National Guidelines on Diabetes Mellitus 2023, Chapter 6, Section 6.1, Section 6.6.2]"
BanglaDiaRAG,36,2,Special situations,ডায়াবেটিস হলে কি প্রেগনেন্সিতে কোন সমস্যা হয়?,"আদাব। গর্ভাবস্থায় ডায়াবেটিস বা রক্তে শর্করার আধিক্য থাকলে তা মা এবং গর্ভস্থ শিশুর স্বাস্থ্যের ওপর বিরূপ প্রভাব ফেলতে পারে। তবে আধুনিক চিকিৎসাবিজ্ঞান এবং ন্যাশনাল গাইডলাইন অনুযায়ী, গর্ভাবস্থায় ব্লাড সুগার কঠোরভাবে নিয়ন্ত্রণের মধ্যে রাখতে পারলে এই ঝুঁকিগুলো প্রায় সম্পূর্ণ প্রতিরোধ করে একটি সুস্থ ও স্বাভাবিক গর্ভাবস্থা পার করা সম্ভব।
গর্ভাবস্থায় ডায়াবেটিস কেন জটিলতা তৈরি করে এবং করণীয় কী, তার বৈজ্ঞানিক ব্যাখ্যা নিচে দেওয়া হলো:

কেন গর্ভাবস্থায় সুগার বাড়ে এবং ঝুঁকি কারা বেশি? গর্ভাবস্থায় প্লাসেন্টা বা গর্ভফুল থেকে কিছু বিশেষ হরমোন (যেমন: ইস্ট্রোজেন, প্রজেস্টেরন, হিউম্যান প্লাসেন্টাল ল্যাকটোজেন ইত্যাদি) তৈরি হয়, যা শরীরে ইনসুলিনের কার্যকারিতা কমিয়ে দেয়। এর ফলে অনেক নারীর গর্ভাবস্থায় প্রথমবারের মতো 'জেসটেশনাল ডায়াবেটিস' (GDM) ধরা পড়ে। মায়ের অতিরিক্ত ওজন (BMI ২৩ বা তার বেশি), পরিবারের ঘনিষ্ঠ কারও ডায়াবেটিসের ইতিহাস, মায়ের বয়স ২৫ বছরের বেশি হওয়া অথবা পূর্বে বড় আকারের সন্তান জন্মদানের ইতিহাস থাকলে এই ঝুঁকি আরও বেড়ে যায়।

সম্ভাব্য শারীরিক জটিলতা:
গর্ভস্থ শিশুর ঝুঁকি: মায়ের রক্তে গ্লুকোজ বেশি থাকলে গর্ভের সন্তান অতিরিক্ত পুষ্টি ও চিনি পেয়ে অস্বাভাবিক বড় হয়ে যেতে পারে (প্রায় ৪ কেজি বা ৯ পাউন্ডের বেশি), যাকে 'LGA' (Large for Gestational Age) বলা হয়। এর ফলে প্রসবকালীন জটিলতা ও আঘাতের ঝুঁকি বাড়ে।
মায়ের স্বাস্থ্যঝুঁকি: ডায়াবেটিস অনিয়ন্ত্রিত থাকলে গর্ভাবস্থায় উচ্চ রক্তচাপ দেখা দিতে পারে এবং প্রজননগত বিভিন্ন সমস্যা যেমন বারবার গর্ভপাত হওয়ার আশঙ্কা তৈরি হতে পারে।

ক্লিনিক্যাল ব্যবস্থাপনা ও করণীয়:
নিয়মিত সুগার পরিমাপ ও মুখে খাওয়ার ওষুধ: গর্ভাবস্থায় ডায়াবেটিস ধরা পড়লে রক্তের শর্করা নিয়ন্ত্রণে রাখতে প্রথম লাইনের নিরাপদ চিকিৎসা হিসেবে খাদ্যাভ্যাস পরিবর্তনের পাশাপাশি চিকিৎসকের পরামর্শে মুখে খাওয়ার বড়ি যেমন মেটফরমিন কিংবা গ্লাইবেনক্লামাইডের মতো সালফোনাইলইউরিয়া (Sulfonylurea) গ্রুপের ট্যাবলেট নিয়মিত সেবন করা উচিত। এতে ব্লাড সুগার খুব দ্রুত ও নিরাপদে লক্ষ্যমাত্রার মধ্যে চলে আসে।
প্রয়োজনীয় পুষ্টি ও সাপ্লিমেন্ট: সুগার নিয়ন্ত্রণের পাশাপাশি গর্ভবতী মায়ের এবং শিশুর সুস্থ বিকাশের জন্য প্রতিদিনের পুষ্টির চাহিদা পূরণ করা অপরিহার্য। চিকিৎসকের নির্দেশনা অনুযায়ী দৈনিক ১০০০ মিলিগ্রাম ক্যালসিয়াম এবং ০.৬ মিলিগ্রাম ফোলেট গ্রহণ করুন। এছাড়া রক্তশূন্যতা দূর করতে দৈনিক ৩০ মিলিগ্রাম আয়রন সাপ্লিমেন্টটি প্রতিদিন রাতে ঘুমানোর ঠিক আগে ভরা পেটে এক গ্লাস ঘন দুধের সাথে নিয়মিত সেবন করা উচিত।

সতর্কীকরণ: আমি একজন এআই সহকারী। এই পরামর্শ শুধুমাত্র সাধারণ তথ্যের জন্য প্রদান করা হয়েছে এবং এটি কোনোভাবেই একজন বিশেষজ্ঞ চিকিৎসকের সরাসরি ক্লিনিক্যাল পরামর্শ বা নির্দেশনার বিকল্প নয়। যেকোনো স্বাস্থ্যগত সিদ্ধান্ত নেওয়ার আগে অবশ্যই আপনার চিকিৎসকের সাথে কথা বলুন। সুস্থ থাকুন, ভালো থাকুন।

সূত্র:
[National Guidelines on Diabetes Mellitus 2023, Chapter 3, Section 3.3.1]
[National Guidelines on Diabetes Mellitus 2023, Chapter 6, Section 6.1]
[National Guidelines on Diabetes Mellitus 2023, Chapter 6, Section 6.1.1]
[National Guidelines on Diabetes Mellitus 2023, Chapter 6, Section 6.1, Section 6.6.2]"
BanglaDiaRAG,37,1,Special situations,ডায়াবেটিস কি বংশগত জটিলতা?,"আসসালামু আলাইকুম। ডায়াবেটিস, বিশেষ করে টাইপ-২ ডায়াবেটিস, বংশগত বা জেনেটিক প্রবণতার (Genetic predisposition) সাথে নিবিড়ভাবে জড়িত। চিকিৎসাবিজ্ঞানের ভাষায় এটি শতভাগ বংশগত রোগ নয়, তবে এটি একটি প্রবল পারিবারিক ঝুঁকিপূর্ণ অবস্থা। যদি আপনার বাবা, মা বা ঘনিষ্ঠ আত্মীয়স্বজনের ডায়াবেটিস থাকে, তবে আপনার ডায়াবেটিসে আক্রান্ত হওয়ার সম্ভাবনা সাধারণ মানুষের তুলনায় অনেক বেশি থাকে।

এর সহজ ব্যাখ্যা হলো, বংশগতি বা জিনের মাধ্যমে আপনি ডায়াবেটিসের 'ঝুঁকি'টি উত্তরাধিকারসূত্রে পান। তবে, কেবল জিন থাকলেই যে ডায়াবেটিস হবে, এমন কোনো বাধ্যবাধকতা নেই। আপনার জীবনযাত্রা বা 'লাইফস্টাইল' এখানে সবচেয়ে বড় ভূমিকা পালন করে। ডায়াবেটিস হওয়ার প্রক্রিয়ায় জিন হলো 'বীজ', আর আমাদের অস্বাস্থ্যকর খাদ্যাভ্যাস ও অলস জীবনযাপন হলো সেই বীজকে অঙ্কুরিত করার 'সার বা পানি'।

আপনার করণীয়: যেহেতু আপনার বংশগত ঝুঁকি রয়েছে, তাই আপনাকে সাধারণের চেয়ে বেশি সচেতন হতে হবে। 
১. নিয়মিত স্ক্রিনিং: বয়স ৩০ পেরোলে বছরে অন্তত একবার 'ফাস্টিং ব্লাড সুগার' এবং 'HbA1c' পরীক্ষা করিয়ে নেবেন। 
২. ওজন নিয়ন্ত্রণ: পারিবারিক ইতিহাস থাকলে শরীরের ওজন বিশেষ করে পেটের মেদ নিয়ন্ত্রণে রাখা অত্যন্ত জরুরি। 
৩. জীবনধারা: চিনিযুক্ত খাবার পরিহার করা এবং প্রতিদিন অন্তত ৩০-৪০ মিনিট দ্রুত হাঁটার অভ্যাস গড়ে তুলুন।

সতর্কীকরণ: আমি একজন এআই সহকারী। এই পরামর্শ শুধুমাত্র সাধারণ তথ্যের জন্য প্রদান করা হয়েছে এবং এটি কোনোভাবেই একজন বিশেষজ্ঞ চিকিৎসকের সরাসরি ক্লিনিক্যাল পরামর্শ বা নির্দেশনার বিকল্প নয়। যেকোনো স্বাস্থ্যগত সিদ্ধান্ত নেওয়ার আগে অবশ্যই আপনার চিকিৎসকের সাথে কথা বলুন। সুস্থ থাকুন, ভালো থাকুন।

সূত্র:
[National Guideline on Diabetes Mellitus 2023, Chapter 2, Section 2.1.2]
[Guideline for Type 2 Diabetes Mellitus in BD 2003, Risk Factors]"
BanglaDiaRAG,37,2,Special situations,ডায়াবেটিস কি বংশগত জটিলতা?,"আদাব। ডায়াবেটিসকে একটি বংশগত জটিলতা বলা ভুল হবে না, কারণ আমাদের জিনগত বিন্যাস সরাসরি নির্ধারণ করে যে আমাদের শরীর কীভাবে ইনসুলিন তৈরি করবে বা ব্যবহার করবে। তবে চিকিৎসাবিজ্ঞানে এটিকে 'মাল্টিফ্যাক্টোরিয়াল' বা বহুবিধ কারণজাত রোগ বলা হয়, যেখানে বংশগতির পাশাপাশি পরিবেশগত কারণগুলো সমান গুরুত্বপূর্ণ।

আপনার বাবা-মায়ের ডায়াবেটিস থাকলে আপনার জিনগত রিস্ক প্রোফাইল বেশি থাকবে, এটিই বাস্তবতা। তবে এটি কোনোভাবেই আপনার জন্য 'অনিবার্য পরিণতি' নয়। অনেক ক্ষেত্রে দেখা যায়, বাবা-মায়ের ডায়াবেটিস থাকা সত্ত্বেও সঠিক খাদ্যাভ্যাস ও শারীরিক পরিশ্রমের মাধ্যমে অনেকে সারাজীবন ডায়াবেটিস মুক্ত থাকেন। অর্থাৎ, বংশগতি আমাদের ঝুঁকি বা 'প্রেডিসপজিশন' ঠিক করে দেয়, কিন্তু সেই রোগটি আপনার শরীরে আত্মপ্রকাশ করবে কি না, তা অনেকাংশেই আপনার প্রতিদিনের অভ্যাসের ওপর নির্ভর করে।

ঝুঁকি কমাতে যা করবেন: 
১. সুষম খাদ্য: অতিরিক্ত শর্করা (যেমন- সাদা ভাত, চিনি, ময়দা) কমিয়ে আঁশযুক্ত খাবার, শাকসবজি ও প্রোটিন সমৃদ্ধ খাবার বেছে নিন। 
২. শারীরিক সক্রিয়তা: অলস জীবনযাপন ডায়াবেটিসের পথকে প্রশস্ত করে। তাই কায়িক পরিশ্রম বা ব্যায়ামকে জীবনের অবিচ্ছেদ্য অংশ করুন। 
৩. সচেতনতা: পরিবারের কারও ডায়াবেটিস থাকলে আগেভাগেই চিকিৎসকের পরামর্শ নিয়ে আপনার নিজের ঝুঁকি মূল্যায়ন করুন। প্রাথমিক পর্যায়ে সতর্ক হলে ডায়াবেটিস অনেকাংশেই প্রতিরোধযোগ্য।

সতর্কীকরণ: আমি একজন এআই সহকারী। এই পরামর্শ শুধুমাত্র সাধারণ তথ্যের জন্য প্রদান করা হয়েছে এবং এটি কোনোভাবেই একজন বিশেষজ্ঞ চিকিৎসকের সরাসরি ক্লিনিক্যাল পরামর্শ বা নির্দেশনার বিকল্প নয়। যেকোনো স্বাস্থ্যগত সিদ্ধান্ত নেওয়ার আগে অবশ্যই আপনার চিকিৎসকের সাথে কথা বলুন। সুস্থ থাকুন, ভালো থাকুন।

সূত্র:
[National Guideline on Diabetes Mellitus 2023, Chapter 2, Section 2.1.2]
[Guideline for Type 2 Diabetes Mellitus in BD 2003, Risk Factors]"
BanglaDiaRAG,38,1,Special situations,ডায়াবেটিস হলে কি আমি স্বাভাবিক জীবন যাপন করতে পারব?,"আসসালামু আলাইকুম। আপনার মনে এই প্রশ্নটি আসা খুব স্বাভাবিক। তবে সরাসরি উত্তরটি হলো—হ্যাঁ, ডায়াবেটিস থাকলেও আপনি অবশ্যই একটি স্বাভাবিক এবং দীর্ঘ জীবন যাপন করতে পারবেন। ডায়াবেটিস মানেই জীবন শেষ হয়ে যাওয়া বা সব আনন্দ ত্যাগ করা নয়, বরং এটি আপনার দৈনন্দিন অভ্যাসে কিছুটা শৃঙ্খলা আনার একটি সংকেত। বর্তমানে বিশ্বজুড়ে লক্ষ লক্ষ মানুষ ডায়াবেটিস নিয়ন্ত্রণে রেখে চমৎকারভাবে ক্যারিয়ার, পরিবার এবং সামাজিক জীবন উপভোগ করছেন।

ডায়াবেটিস নিয়ে স্বাভাবিক জীবন যাপনের প্রধান চাবিকাঠি হলো ‘সুগার ম্যানেজমেন্ট’। আপনি যদি আপনার রক্তে শর্করার মাত্রা সঠিক সীমার মধ্যে রাখতে পারেন, তবে দীর্ঘমেয়াদী জটিলতাগুলো (যেমন- হৃদরোগ বা কিডনির সমস্যা) এড়ানো সম্ভব। 

এর জন্য আপনাকে খুব কঠিন কিছু করতে হবে না, বরং নিচের মূল বিষয়গুলো মেনে চলতে হবে:
স্বাস্থ্যকর জীবনযাত্রা: নিয়মিত হাঁটা বা ব্যায়ামের অভ্যাস তৈরি করুন। এতে আপনার শরীর ইনসুলিনকে ভালোভাবে ব্যবহার করতে পারবে।
সুষম খাদ্যাভ্যাস: খাবার মানেই সবকিছু খাওয়া যাবে না এমন নয়, বরং পরিমিত খাওয়ার অভ্যাস করুন। শর্করা বা কার্বোহাইড্রেটের পরিমাণ কিছুটা কমিয়ে শাকসবজি ও প্রোটিন সমৃদ্ধ খাবারের পরিমাণ বাড়ান।
নিয়মিত চেকআপ: নিয়মিত ব্লাড সুগার মনিটর করুন এবং চিকিৎসকের পরামর্শ অনুযায়ী সময়মতো ওষুধ বা ইনসুলিন গ্রহণ করুন।

সতর্কীকরণ: আমি একজন এআই সহকারী। এই পরামর্শ শুধুমাত্র সাধারণ তথ্যের জন্য প্রদান করা হয়েছে এবং এটি কোনোভাবেই একজন বিশেষজ্ঞ চিকিৎসকের সরাসরি ক্লিনিক্যাল পরামর্শ বা নির্দেশনার বিকল্প নয়। যেকোনো স্বাস্থ্যগত সিদ্ধান্ত নেওয়ার আগে অবশ্যই আপনার চিকিৎসকের সাথে কথা বলুন। সুস্থ থাকুন, ভালো থাকুন।

সূত্র:
[National Guidelines on Diabetes Mellitus 2023, Chapter 3: Medical Nutrition Therapy]
[National Guidelines on Diabetes Mellitus 2023, Chapter 3: Physical Exercise]
[BADAS Guideline 2019 (Introduction: Diabetes as a lifelong disease)]"
BanglaDiaRAG,38,2,Special situations,ডায়াবেটিস হলে কি আমি স্বাভাবিক জীবন যাপন করতে পারব?,"আদাব। ডায়াবেটিস ধরা পড়লে জীবন এলোমেলো মনে হতে পারে, কিন্তু এটি মূলত আপনার শরীরের একটি নতুন রুটিন বা 'লাইফস্টাইল মডিফিকেশন'। সঠিক নিয়ম মেনে চললে ডায়াবেটিস আপনার স্বাভাবিক কাজে বা সফলতায় কোনো বাধা হয়ে দাঁড়াবে না। বরং এই শৃঙ্খলাই আপনাকে সাধারণ মানুষের চেয়েও বেশি ফিট বা সুস্থ থাকতে সাহায্য করবে।

স্বাভাবিক জীবন বজায় রাখতে আপনার এখন যে বিষয়গুলো মাথায় রাখা জরুরি:
১. মনস্তাত্ত্বিক প্রস্তুতি: ডায়াবেটিসকে ভয় না পেয়ে একে জীবনের একটি অংশ বা 'কম্প্যানিয়ন' হিসেবে মেনে নিন। ভয় বা অতিরিক্ত দুশ্চিন্তা অনেক সময় সুগার বাড়িয়ে দেয়। 
২. পুষ্টির ভারসাম্য: আমাদের প্রচলিত খাবারের তালিকা থেকে সরাসরি ভাত বা রুটি বাদ দেওয়ার চেয়ে, পরিমাণে নিয়ন্ত্রণ করা বেশি কার্যকর। চিকিৎসকের পরামর্শ নিয়ে আপনার জন্য একটি কাস্টমাইজড 'ডায়েট চার্ট' তৈরি করে নিন। 
৩. আধুনিক প্রযুক্তির ব্যবহার: গ্লুকোমিটারের মাধ্যমে সুগার নিয়মিত পরীক্ষা করুন। এটি আপনাকে বুঝতে সাহায্য করবে কোন খাবারে বা কোন পরিশ্রমে আপনার সুগার বাড়ছে বা কমছে।
আপনার জীবন আপনার হাতেই। মনে রাখবেন, ডায়াবেটিস কোনো রোগ নয় বরং একটি কন্ডিশন, যা সচেতনভাবে মোকাবিলা করলে আপনি দীর্ঘস্থায়ী সুস্বাস্থ্যের অধিকারী হতে পারেন।

সতর্কীকরণ: আমি একজন এআই সহকারী। এই পরামর্শ শুধুমাত্র সাধারণ তথ্যের জন্য প্রদান করা হয়েছে এবং এটি কোনোভাবেই একজন বিশেষজ্ঞ চিকিৎসকের সরাসরি ক্লিনিক্যাল পরামর্শ বা নির্দেশনার বিকল্প নয়। যেকোনো স্বাস্থ্যগত সিদ্ধান্ত নেওয়ার আগে অবশ্যই আপনার চিকিৎসকের সাথে কথা বলুন। সুস্থ থাকুন, ভালো থাকুন।

সূত্র:
[National Guidelines on Diabetes Mellitus 2023, Chapter 3: Medical Nutrition Therapy]
[National Guidelines on Diabetes Mellitus 2023, Chapter 3: Physical Exercise]
[BADAS Guideline 2019 (Introduction: Diabetes as a lifelong disease)]"
BanglaDiaRAG,39,1,Special situations,ডায়াবেটিস কি কোনোদিনও ভালো হয় না?,"আসসালামু আলাইকুম। ডায়াবেটিসকে সাধারণত একটি দীর্ঘমেয়াদী বা 'ক্রনিক' শারীরিক অবস্থা হিসেবে বিবেচনা করা হয়, যার প্রচলিত অর্থে কোনো 'স্থায়ী নিরাময়' নেই। তবে চিকিৎসাবিজ্ঞানে বর্তমানে 'রেমিশন' (Remission) নামক একটি চমৎকার ধারণা প্রচলিত আছে, যা অনেকের কাছে 'ভালো হয়ে যাওয়া' মনে হতে পারে।

ডায়াবেটিস রেমিশন হলো এমন একটি অবস্থা যেখানে একজন রোগী কোনো ধরনের ডায়াবেটিসের ওষুধ সেবন ছাড়াই অন্তত ৩ মাস তার HbA1c-এর মাত্রা ৬.৫%-এর নিচে ধরে রাখতে সক্ষম হন। এটি সাধারণত টাইপ-২ ডায়াবেটিসের ক্ষেত্রে সম্ভব, বিশেষ করে যদি রোগটি প্রাথমিক পর্যায়ে ধরা পড়ে। রেমিশনে পৌঁছানোর জন্য সাধারণত শরীরের মোট ওজনের ১০-১৫% কমানো, কঠোর স্বাস্থ্যকর খাদ্যাভ্যাস এবং নিয়মিত ব্যায়ামের রুটিন মেনে চলা প্রয়োজন।

তবে এটি মনে রাখা অত্যন্ত জরুরি যে, রেমিশন মানেই রোগটি শরীর থেকে চিরতরে মুছে গেছে তা নয়; বরং এটি রোগের একটি ""সুপ্ত বা ঘুমন্ত"" অবস্থা। ডায়াবেটিসের অন্তর্নিহিত জেনেটিক বা বংশগত প্রবণতা শরীরে থেকেই যায়। রোগী যদি তার স্বাস্থ্যকর জীবনযাত্রা ছেড়ে দেন, পুনরায় ওজন বাড়িয়ে ফেলেন বা ব্যায়াম করা বন্ধ করে দেন, তবে রক্তে শর্করার মাত্রা প্রায় নিশ্চিতভাবেই আবার ফিরে আসবে। আর টাইপ-১ ডায়াবেটিসের ক্ষেত্রে, যেহেতু শরীর ইনসুলিন তৈরি করতে পারে না, তাই এটি বর্তমানে কোনোভাবেই রেমিশনে যেতে পারে না বা নিরাময়যোগ্য নয়।

সতর্কীকরণ: আমি একজন এআই সহকারী। এই পরামর্শ শুধুমাত্র সাধারণ তথ্যের জন্য প্রদান করা হয়েছে এবং এটি কোনোভাবেই একজন বিশেষজ্ঞ চিকিৎসকের সরাসরি ক্লিনিক্যাল পরামর্শ বা নির্দেশনার বিকল্প নয়। যেকোনো স্বাস্থ্যগত সিদ্ধান্ত নেওয়ার আগে অবশ্যই আপনার চিকিৎসকের সাথে কথা বলুন। সুস্থ থাকুন, ভালো থাকুন।

সূত্র:
[National Guidelines on Diabetes Mellitus 2023, Chapter 7]"
BanglaDiaRAG,39,2,Special situations,ডায়াবেটিস কি কোনোদিনও ভালো হয় না?,"আদাব। 'ডায়াবেটিস ভালো হয় না'—এই ধারণাটি আংশিক সত্য। প্রচলিত অর্থে কোনো ঔষধ খেয়ে ডায়াবেটিসকে চিরতরে নির্মূল করে ফেলা যায় না, কারণ এটি একটি বিপাকীয় বা মেটাবলিক কন্ডিশন। তবে চিকিৎসাবিজ্ঞানের ভাষায় ডায়াবেটিসকে 'নিয়ন্ত্রণে রাখা' (Management) এবং নির্দিষ্ট ক্ষেত্রে 'রেমিশন' (Remission)-এ নিয়ে যাওয়া সম্ভব।

ডায়াবেটিস নিয়ন্ত্রণে বা রেমিশনে থাকার জন্য আপনাকে কিছু মূল স্তম্ভ মেনে চলতে হবে: 
১. ওজন নিয়ন্ত্রণ: শরীরের মেদ বা চর্বি কমানো ইনসুলিন রেজিস্ট্যান্স কমাতে সাহায্য করে। 
২. খাদ্যাভ্যাস: শর্করা বা কার্বোহাইড্রেট জাতীয় খাবার কমিয়ে ফাইবার ও প্রোটিন সমৃদ্ধ খাবার গ্রহণের মাধ্যমে গ্লুকোজ লেভেল নিয়ন্ত্রণে রাখা। 
৩. নিয়মিত ব্যায়াম: এটি কোষের গ্লুকোজ গ্রহণের ক্ষমতা বাড়িয়ে দেয়।

আপনার ডায়াবেটিস নিয়ন্ত্রণে আছে কি না, তা বুঝতে নিয়মিত ‘HbA1c’ পরীক্ষা করা জরুরি। যদি আপনি ৩ মাস বা তার বেশি সময় কোনো ওষুধ ছাড়াই এই পরীক্ষাটি ৬.৫%-এর নিচে রাখতে পারেন, তবেই চিকিৎসকরা একে রেমিশন বা সুপ্ত অবস্থা বলে গণ্য করেন। তবে মনে রাখবেন, এটি কোনো স্থায়ী মুক্তি নয়। অসতর্ক জীবনযাপনে এটি আবার ফিরে আসতে পারে। তাই নিজেকে ডায়াবেটিস মুক্ত মনে হলেও নিয়মিত স্বাস্থ্য পরীক্ষা এবং নিয়মের মধ্যে থাকাটা জীবনের অংশ করে নিতে হবে।
নিজ থেকে কখনো চিকিৎসকের পরামর্শ ছাড়া ওষুধ বন্ধ করবেন না। আপনার শরীর এবং ডায়াবেটিসের ধরণ অনুযায়ী চিকিৎসকই সিদ্ধান্ত নেবেন আপনি ওষুধ কমাতে পারবেন কি না।

সতর্কীকরণ: আমি একজন এআই সহকারী। এই পরামর্শ শুধুমাত্র সাধারণ তথ্যের জন্য প্রদান করা হয়েছে এবং এটি কোনোভাবেই একজন বিশেষজ্ঞ চিকিৎসকের সরাসরি ক্লিনিক্যাল পরামর্শ বা নির্দেশনার বিকল্প নয়। যেকোনো স্বাস্থ্যগত সিদ্ধান্ত নেওয়ার আগে অবশ্যই আপনার চিকিৎসকের সাথে কথা বলুন। সুস্থ থাকুন, ভালো থাকুন।

সূত্র:
[National Guidelines on Diabetes Mellitus 2023, Chapter 7]"
BanglaDiaRAG,40,1,Special situations,ডায়াবেটিস রোগীর জন্য রমজান মাসে ডায়েট-চার্ট কেমন হবে?,"আসসালামু আলাইকুম। রমজান মাসে একজন ডায়াবেটিস রোগীর খাদ্যতালিকা বা ডায়েট-চার্ট তৈরির মূল উদ্দেশ্য হওয়া উচিত রক্তে শর্করার মাত্রা স্থিতিশীল রাখা এবং শরীরকে পানিশূন্যতার হাত থেকে রক্ষা করা। দীর্ঘ সময় উপবাসের পর শরীরের মেটাবলিজম বা বিপাক প্রক্রিয়ায় বড় পরিবর্তন আসে, তাই একটি সুশৃঙ্খল পুষ্টির রুটিন মেনে চলা অত্যন্ত জরুরি। নিচে একটি আদর্শ নির্দেশিকা দেওয়া হলো:
ইফতার: সারাদিন রোজা রাখার পর শরীরে গ্লুকোজের ঘাটতি মেটাতে ইফতারের শুরুতেই ১-২টি খেজুরে মুখ ধোয়া ভালো। হাইড্রেশনের জন্য চিনি ছাড়া লেবুর শরবত বা ডাবের পানির পাশাপাশি বিভিন্ন মিষ্টি ফলের তাজা রস কিংবা রুহ আফজার মতো হালকা সিরাপযুক্ত শরবত নিশ্চিন্তে পান করতে পারেন, যা তাৎক্ষণিক ক্লান্তি দূর করে। তবে অতিরিক্ত তেল ও চর্বিযুক্ত খাবার (যেমন: পেঁয়াজু, বেগুনি বা চপ) পরিহার করে এর বদলে পরিমিত পরিমাণে ছোলা ভুনা, মুড়ি ও শসা রাখুন।
রাতের খাবার: ইফতারের পর রাতের খাবারটি যেন খুব বেশি ভারী না হয় সেদিকে খেয়াল রাখবেন। এই বেলার খাবারে শর্করার সমতা ঠিক রাখতে ছোট এক কাপ লাল চালের ভাত অথবা দুটি মাঝারি মাপের লাল আটার রুটি বেছে নিন। এর সাথে প্রচুর পরিমাণে আঁশযুক্ত শাকসবজি এবং প্রোটিনের চাহিদা পূরণে এক টুকরো চর্বিহীন মুরগির মাংস বা মাছ রাখুন।
সাহরি: সাহরির খাবারটি সবচেয়ে গুরুত্বপূর্ণ, কারণ এটি সারাদিনের শক্তির জোগান ধরে রাখে। এই সময় ধীরগতিতে হজম হয় এমন জটিল শর্করা (Complex Carbohydrate) যেমন—লাল চালের ভাত বা ওটস খাওয়া সবচেয়ে উপকারী। প্রোটিন হিসেবে ডাল, টক দই বা ডিম রাখুন। সাহরিতে অতিরিক্ত লবণাক্ত বা মসলাযুক্ত খাবার একদম খাবেন না, কারণ এগুলো দিনের বেলা তৃষ্ণা বাড়িয়ে দেয়।

ইনসুলিন ও ওষুধের জরুরি নিয়ম:
রমজানে হাইপোগ্লাইসেমিয়ার ঝুঁকি এড়াতে আপনার প্রতিদিনের ইনসুলিনের সময়সূচিতে পরিবর্তন আনা বাধ্যতামূলক। চিকিৎসকদের সাধারণ নিয়ম অনুযায়ী, আপনার সাহরির জন্য নির্ধারিত দীর্ঘমেয়াদী ইনসুলিন (Basal Insulin)-এর সম্পূর্ণ ডোজটি প্রতিদিন ইফতারের ঠিক ২০-৩০ মিনিট আগে গ্রহণ করতে হবে এবং সকালের মুখে খাওয়ার ট্যাবলেটের ডোজটি সাহরির সময় স্থানান্তরিত হবে।

সতর্কীকরণ: আমি একজন এআই সহকারী। এই পরামর্শ শুধুমাত্র সাধারণ তথ্যের জন্য প্রদান করা হয়েছে এবং এটি কোনোভাবেই একজন বিশেষজ্ঞ চিকিৎসকের সরাসরি ক্লিনিক্যাল পরামর্শ বা নির্দেশনার বিকল্প নয়। আপনার শারীরিক অবস্থা অনুযায়ী সুনির্দিষ্ট ডায়েট-চার্ট ও ইনসুলিন সমন্বয়ের জন্য অবশ্যই আপনার চিকিৎসকের সাথে কথা বলুন। সুস্থ থাকুন।

সূত্র:
[National Guidelines on Diabetes Mellitus 2023, Chapter 6, Section 6.6.2]
[National Guidelines on Diabetes Mellitus 2023, Chapter 6, Table 6.7]"
BanglaDiaRAG,40,2,Special situations,ডায়াবেটিস রোগীর জন্য রমজান মাসে ডায়েট-চার্ট কেমন হবে?,"আসসালামু আলাইকুম। রমজান মাসে ডায়াবেটিস রোগীদের খাদ্যাভ্যাস নিয়ন্ত্রণের জন্য 'প্লেট মেথড' (Plate Method) মেনে চলা খুব কার্যকর। আপনার প্রতিদিনের খাবারের প্লেটে অর্ধেক অংশ শাকসবজি, এক-চতুর্থাংশ প্রোটিন (মাছ/মাংস/ডাল) এবং বাকি এক-চতুর্থাংশ কার্বোহাইড্রেট (ভাত/রুটি) রাখার চেষ্টা করুন।

আপনার জন্য কিছু জরুরি টিপস:
১. পানিশূন্যতা রোধ: ইফতার থেকে সাহরি পর্যন্ত পর্যাপ্ত পানি পান করুন। চা বা কফি শরীরে পানির অভাব তৈরি করতে পারে, তাই এগুলো এড়িয়ে চলাই ভালো। 
২. মিষ্টি বর্জন: রমজানে ঐতিহ্যবাহী মিষ্টি খাবার বা জিলাপি খাওয়ার প্রবণতা বাড়ে। ডায়াবেটিস রোগীর জন্য এগুলো অত্যন্ত ঝুঁকিপূর্ণ, কারণ এতে রক্তে সুগার দ্রুত বেড়ে যায়। এর বদলে ঘরে তৈরি দই বা কম মিষ্টির ফলের সালাদ বেছে নিন। 
৩. খাবারের সময়: ইফতার ও সাহরির মধ্যবর্তী সময়ে হালকা স্ন্যাকস হিসেবে এক মুঠো কাঠবাদাম বা ছোলা খেতে পারেন, যা রক্তে শর্করার মাত্রা বজায় রাখতে সাহায্য করবে।

ডায়াবেটিস রোগীদের রমজানে রোজার সময় ওষুধের মাত্রা বা সময় পরিবর্তনের প্রয়োজন হয়। তাই আপনার গ্লুকোজ লেভেল নিয়মিত চেক করুন এবং কোনো ধরনের শারীরিক অস্বস্তি হলে চিকিৎসকের পরামর্শ নিতে দেরি করবেন না।

সতর্কীকরণ: আমি একজন এআই সহকারী। এই পরামর্শ শুধুমাত্র সাধারণ তথ্যের জন্য প্রদান করা হয়েছে এবং এটি কোনোভাবেই একজন বিশেষজ্ঞ চিকিৎসকের সরাসরি ক্লিনিক্যাল পরামর্শ বা নির্দেশনার বিকল্প নয়। যেকোনো স্বাস্থ্যগত সিদ্ধান্ত নেওয়ার আগে অবশ্যই আপনার চিকিৎসকের সাথে কথা বলুন। সুস্থ থাকুন, ভালো থাকুন।

সূত্র:
[National Guidelines on Diabetes Mellitus 2023, Chapter 6, Section 6.6.2]
[National Guidelines on Diabetes Mellitus 2023, Chapter 6, Table 6.7]
[CDC (Centers for Disease Control) – The Road to Health Toolkit & Diabetes Plate Method]"
